ISO-10303-21;
HEADER;
FILE_DESCRIPTION (( 'STEP AP203' ),
    '1' );
FILE_NAME ('Passive House.STEP',
    '2026-05-26T12:52:15',
    ( '' ),
    ( '' ),
    'SwSTEP 2.0',
    'SolidWorks 2025',
    '' );
FILE_SCHEMA (( 'CONFIG_CONTROL_DESIGN' ));
ENDSEC;

DATA;
#1 = ORIENTED_EDGE ( 'NONE', *, *, #2252, .F. ) ;
#2 = CARTESIAN_POINT ( 'NONE',  ( 300.0000000000001705, 600.0000000000000000, 350.0000000000001137 ) ) ;
#3 = ADVANCED_FACE ( 'NONE', ( #3892 ), #1132, .F. ) ;
#4 = DIRECTION ( 'NONE',  ( 0.000000000000000000, -1.000000000000000000, 0.000000000000000000 ) ) ;
#5 = ORIENTED_EDGE ( 'NONE', *, *, #891, .T. ) ;
#6 = DIRECTION ( 'NONE',  ( -0.000000000000000000, 1.000000000000000000, -0.000000000000000000 ) ) ;
#7 = FACE_OUTER_BOUND ( 'NONE', #1214, .T. ) ;
#8 = EDGE_LOOP ( 'NONE', ( #674, #1187, #1206, #137 ) ) ;
#9 = DIRECTION ( 'NONE',  ( 0.000000000000000000, -0.000000000000000000, 1.000000000000000000 ) ) ;
#10 = VECTOR ( 'NONE', #120, 1000.000000000000000 ) ;
#11 = CARTESIAN_POINT ( 'NONE',  ( -125.0000000000000000, 359.9999999999999432, 450.0000000000001705 ) ) ;
#12 = CARTESIAN_POINT ( 'NONE',  ( 125.0000000000000000, 350.0000000000000000, 180.0000000000001990 ) ) ;
#13 = VECTOR ( 'NONE', #1356, 1000.000000000000000 ) ;
#14 = DIRECTION ( 'NONE',  ( 1.000000000000000000, -0.000000000000000000, -0.000000000000000000 ) ) ;
#15 = DIRECTION ( 'NONE',  ( -1.000000000000000000, 0.000000000000000000, -0.000000000000000000 ) ) ;
#16 = VERTEX_POINT ( 'NONE', #1173 ) ;
#17 = FACE_OUTER_BOUND ( 'NONE', #3465, .T. ) ;
#18 = ORIENTED_EDGE ( 'NONE', *, *, #3358, .T. ) ;
#19 = LINE ( 'NONE', #1889, #2614 ) ;
#20 = CARTESIAN_POINT ( 'NONE',  ( 300.0000000000001705, 600.0000000000000000, -100.0000000000000000 ) ) ;
#21 = ORIENTED_EDGE ( 'NONE', *, *, #3014, .T. ) ;
#22 = EDGE_CURVE ( 'NONE', #3254, #1478, #3337, .T. ) ;
#23 = CARTESIAN_POINT ( 'NONE',  ( -280.0000000000000000, 480.0000000000000000, 200.7987240796891797 ) ) ;
#24 = DIRECTION ( 'NONE',  ( 0.4226182617407036601, 0.9063077870366480493, -6.702864640165574678E-17 ) ) ;
#25 = EDGE_CURVE ( 'NONE', #2012, #1473, #1413, .T. ) ;
#26 = DIRECTION ( 'NONE',  ( -1.000000000000000000, 0.000000000000000000, -0.000000000000000000 ) ) ;
#27 = ORIENTED_EDGE ( 'NONE', *, *, #3305, .T. ) ;
#28 = CARTESIAN_POINT ( 'NONE',  ( -300.0000000000000568, 479.9999999999999432, -49.99999999999987921 ) ) ;
#29 = VECTOR ( 'NONE', #614, 1000.000000000000000 ) ;
#30 = ADVANCED_FACE ( 'NONE', ( #2398 ), #1715, .T. ) ;
#31 = DIRECTION ( 'NONE',  ( -0.000000000000000000, 0.000000000000000000, 1.000000000000000000 ) ) ;
#32 = CARTESIAN_POINT ( 'NONE',  ( 300.0000000000001705, 580.0000000000000000, -249.9999999999998579 ) ) ;
#33 = VECTOR ( 'NONE', #3675, 1000.000000000000000 ) ;
#34 = ADVANCED_FACE ( 'NONE', ( #3617 ), #3578, .F. ) ;
#35 = CARTESIAN_POINT ( 'NONE',  ( -30.00000000000000000, 775.0000000000000000, 29.99999999999998224 ) ) ;
#36 = LINE ( 'NONE', #381, #643 ) ;
#37 = CLOSED_SHELL ( 'NONE', ( #279, #1222, #2098, #3752, #2173, #3430 ) ) ;
#38 = SHELL_BASED_SURFACE_MODEL ( 'NONE', ( #811, #1900, #3840, #874, #1773, #37, #2934, #2552, #1578, #2745, #2417, #3328 ) );
#39 = VECTOR ( 'NONE', #86, 1000.000000000000000 ) ;
#40 = EDGE_CURVE ( 'NONE', #1829, #1422, #3875, .T. ) ;
#41 = ORIENTED_EDGE ( 'NONE', *, *, #772, .T. ) ;
#42 = CARTESIAN_POINT ( 'NONE',  ( 125.0000000000000568, 0.000000000000000000, 330.0000000000001705 ) ) ;
#43 = ORIENTED_EDGE ( 'NONE', *, *, #2860, .F. ) ;
#44 = DIRECTION ( 'NONE',  ( 0.000000000000000000, 0.000000000000000000, 1.000000000000000000 ) ) ;
#45 = LINE ( 'NONE', #689, #1768 ) ;
#46 = ORIENTED_EDGE ( 'NONE', *, *, #2062, .T. ) ;
#47 = CARTESIAN_POINT ( 'NONE',  ( 300.0000000000001705, 480.0000000000000000, -299.9999999999997726 ) ) ;
#48 = CARTESIAN_POINT ( 'NONE',  ( -30.00000000000000000, 730.0000000000000000, 29.99999999999998224 ) ) ;
#49 = AXIS2_PLACEMENT_3D ( 'NONE', #3982, #3959, #1256 ) ;
#50 = CARTESIAN_POINT ( 'NONE',  ( 300.0000000000001705, 600.0000000000000000, -249.9999999999998579 ) ) ;
#51 = VERTEX_POINT ( 'NONE', #1112 ) ;
#52 = LINE ( 'NONE', #28, #1765 ) ;
#53 = ORIENTED_EDGE ( 'NONE', *, *, #1208, .F. ) ;
#54 = DIRECTION ( 'NONE',  ( 0.000000000000000000, -0.000000000000000000, -1.000000000000000000 ) ) ;
#55 = DIRECTION ( 'NONE',  ( 0.000000000000000000, 1.110223024625156787E-16, -1.000000000000000000 ) ) ;
#56 = EDGE_CURVE ( 'NONE', #3084, #2889, #248, .T. ) ;
#57 = CARTESIAN_POINT ( 'NONE',  ( 300.0000000000001705, 600.0000000000000000, 249.9999999999998579 ) ) ;
#58 = ORIENTED_EDGE ( 'NONE', *, *, #3956, .T. ) ;
#59 = VECTOR ( 'NONE', #2152, 1000.000000000000000 ) ;
#60 = CARTESIAN_POINT ( 'NONE',  ( -300.0000000000000568, -20.00000000000000000, -329.9999999999998295 ) ) ;
#61 = EDGE_LOOP ( 'NONE', ( #2993, #3781, #3286, #81 ) ) ;
#62 = FACE_OUTER_BOUND ( 'NONE', #1536, .T. ) ;
#63 = LOCAL_TIME ( 18, 22, 15.00000000000000000, #3273 ) ;
#64 = DIRECTION ( 'NONE',  ( 1.000000000000000000, 0.000000000000000000, 0.000000000000000000 ) ) ;
#65 = ORIENTED_EDGE ( 'NONE', *, *, #1115, .F. ) ;
#66 = CARTESIAN_POINT ( 'NONE',  ( -30.00000000000000000, 770.0000000000000000, -30.00000000000001776 ) ) ;
#67 = DIRECTION ( 'NONE',  ( 2.340851039297764379E-16, 0.000000000000000000, 1.000000000000000000 ) ) ;
#68 = CARTESIAN_POINT ( 'NONE',  ( 300.0000000000001705, 480.0000000000000000, 200.7987240796891797 ) ) ;
#69 = VERTEX_POINT ( 'NONE', #2040 ) ;
#70 = DIRECTION ( 'NONE',  ( -1.000000000000000000, -0.000000000000000000, -0.000000000000000000 ) ) ;
#71 = AXIS2_PLACEMENT_3D ( 'NONE', #655, #1535, #26 ) ;
#72 = ORIENTED_EDGE ( 'NONE', *, *, #1635, .T. ) ;
#73 = CARTESIAN_POINT ( 'NONE',  ( -475.5709628591620231, -4.762626506339581430E-14, 330.0000000000001705 ) ) ;
#74 = EDGE_CURVE ( 'NONE', #3413, #3499, #206, .T. ) ;
#75 = CARTESIAN_POINT ( 'NONE',  ( 0.000000000000000000, 301.9999999999999432, 0.000000000000000000 ) ) ;
#76 = AXIS2_PLACEMENT_3D ( 'NONE', #3747, #2453, #3467 ) ;
#77 = LINE ( 'NONE', #1925, #127 ) ;
#78 = VECTOR ( 'NONE', #3173, 1000.000000000000000 ) ;
#79 = ORIENTED_EDGE ( 'NONE', *, *, #976, .T. ) ;
#80 = LINE ( 'NONE', #2477, #2229 ) ;
#81 = ORIENTED_EDGE ( 'NONE', *, *, #1325, .F. ) ;
#82 = EDGE_CURVE ( 'NONE', #867, #479, #953, .T. ) ;
#83 = PLANE ( 'NONE',  #1612 ) ;
#84 = PLANE ( 'NONE',  #2411 ) ;
#85 = VERTEX_POINT ( 'NONE', #2748 ) ;
#86 = DIRECTION ( 'NONE',  ( -1.000000000000000000, -0.000000000000000000, -0.000000000000000000 ) ) ;
#87 = DIRECTION ( 'NONE',  ( -1.000000000000000000, -0.000000000000000000, -0.000000000000000000 ) ) ;
#88 = DIRECTION ( 'NONE',  ( 0.9063077870366480493, -0.4226182617407036601, 0.000000000000000000 ) ) ;
#89 = EDGE_CURVE ( 'NONE', #3188, #3750, #19, .T. ) ;
#90 = ORIENTED_EDGE ( 'NONE', *, *, #2897, .T. ) ;
#91 = CARTESIAN_POINT ( 'NONE',  ( -125.0000000000000000, 350.0000000000000000, 350.0000000000002274 ) ) ;
#92 = EDGE_CURVE ( 'NONE', #3619, #2638, #3092, .T. ) ;
#93 = ORIENTED_EDGE ( 'NONE', *, *, #2975, .T. ) ;
#94 = CARTESIAN_POINT ( 'NONE',  ( -125.0000000000000568, -1.982541115402065702E-14, 330.0000000000001705 ) ) ;
#95 = CARTESIAN_POINT ( 'NONE',  ( -33.00000000000000000, 768.0000000000000000, -18.00000000000001066 ) ) ;
#96 = VECTOR ( 'NONE', #1038, 1000.000000000000000 ) ;
#97 = LINE ( 'NONE', #1324, #449 ) ;
#98 = ORIENTED_EDGE ( 'NONE', *, *, #3217, .F. ) ;
#99 = LINE ( 'NONE', #3125, #1518 ) ;
#100 = VECTOR ( 'NONE', #1913, 1000.000000000000000 ) ;
#101 = ORIENTED_EDGE ( 'NONE', *, *, #2272, .T. ) ;
#102 = EDGE_CURVE ( 'NONE', #3591, #1429, #3976, .T. ) ;
#103 = DIRECTION ( 'NONE',  ( 0.000000000000000000, 1.000000000000000000, 0.000000000000000000 ) ) ;
#104 = CARTESIAN_POINT ( 'NONE',  ( -481.2615574073295193, 505.4763476518589869, 350.0000000000002274 ) ) ;
#105 = CARTESIAN_POINT ( 'NONE',  ( 300.0000000000001705, 600.0000000000000000, 100.0000000000000000 ) ) ;
#106 = VECTOR ( 'NONE', #2924, 1000.000000000000000 ) ;
#107 = FACE_OUTER_BOUND ( 'NONE', #2518, .T. ) ;
#108 = EDGE_CURVE ( 'NONE', #1317, #3254, #3717, .T. ) ;
#109 = PLANE ( 'NONE',  #514 ) ;
#110 = EDGE_CURVE ( 'NONE', #2715, #3469, #3400, .T. ) ;
#111 = ORIENTED_EDGE ( 'NONE', *, *, #2795, .F. ) ;
#112 = CARTESIAN_POINT ( 'NONE',  ( 125.0000000000000000, 350.0000000000000000, 350.0000000000002274 ) ) ;
#113 = EDGE_CURVE ( 'NONE', #1902, #677, #3418, .T. ) ;
#114 = ORIENTED_EDGE ( 'NONE', *, *, #2950, .F. ) ;
#115 = CARTESIAN_POINT ( 'NONE',  ( -280.0000000000000000, 480.0000000000000000, -299.9999999999998863 ) ) ;
#116 = DIRECTION ( 'NONE',  ( 0.000000000000000000, 0.000000000000000000, -1.000000000000000000 ) ) ;
#117 = EDGE_CURVE ( 'NONE', #1465, #1597, #2480, .T. ) ;
#118 = CARTESIAN_POINT ( 'NONE',  ( 125.0000000000000000, 360.0000000000000000, 450.0000000000001705 ) ) ;
#119 = ORIENTED_EDGE ( 'NONE', *, *, #2428, .F. ) ;
#120 = DIRECTION ( 'NONE',  ( -0.000000000000000000, -2.220446049250313574E-16, 1.000000000000000000 ) ) ;
#121 = ORIENTED_EDGE ( 'NONE', *, *, #377, .F. ) ;
#122 = LINE ( 'NONE', #3813, #1018 ) ;
#123 = LINE ( 'NONE', #2604, #1383 ) ;
#124 = AXIS2_PLACEMENT_3D ( 'NONE', #1362, #2025, #1680 ) ;
#125 = LINE ( 'NONE', #1355, #492 ) ;
#126 = DIRECTION ( 'NONE',  ( 1.000000000000000000, 0.000000000000000000, -1.586032892321651989E-16 ) ) ;
#127 = VECTOR ( 'NONE', #1285, 1000.000000000000000 ) ;
#128 = LINE ( 'NONE', #3818, #669 ) ;
#129 = EDGE_CURVE ( 'NONE', #2087, #3951, #2421, .T. ) ;
#130 = ORIENTED_EDGE ( 'NONE', *, *, #2045, .T. ) ;
#131 = LINE ( 'NONE', #3839, #2801 ) ;
#132 = LOCAL_TIME ( 18, 22, 15.00000000000000000, #2000 ) ;
#133 = ORIENTED_EDGE ( 'NONE', *, *, #1993, .F. ) ;
#134 = DIRECTION ( 'NONE',  ( 0.000000000000000000, -1.387778780781444689E-15, -1.000000000000000000 ) ) ;
#135 = CYLINDRICAL_SURFACE ( 'NONE', #3364, 431.4904402185521803 ) ;
#136 = DIRECTION ( 'NONE',  ( 0.000000000000000000, -0.000000000000000000, 1.000000000000000000 ) ) ;
#137 = ORIENTED_EDGE ( 'NONE', *, *, #459, .T. ) ;
#138 = CARTESIAN_POINT ( 'NONE',  ( 125.0000000000000000, 360.0000000000000000, 450.0000000000001705 ) ) ;
#139 = ORIENTED_EDGE ( 'NONE', *, *, #1760, .F. ) ;
#140 = VECTOR ( 'NONE', #2736, 1000.000000000000000 ) ;
#141 = DIRECTION ( 'NONE',  ( 0.000000000000000000, -0.000000000000000000, -1.000000000000000000 ) ) ;
#142 = CARTESIAN_POINT ( 'NONE',  ( -300.0000000000000568, 600.0000000000000000, 350.0000000000002274 ) ) ;
#143 = CARTESIAN_POINT ( 'NONE',  ( 128.6725404957846308, 600.0000000000000000, -99.99999999999997158 ) ) ;
#144 = LINE ( 'NONE', #1391, #106 ) ;
#145 = SECURITY_CLASSIFICATION_LEVEL ( 'unclassified' ) ;
#146 = CARTESIAN_POINT ( 'NONE',  ( 280.0000000000000000, 580.0000000000000000, -100.0000000000000000 ) ) ;
#147 = ORIENTED_EDGE ( 'NONE', *, *, #788, .F. ) ;
#148 = CARTESIAN_POINT ( 'NONE',  ( -30.00000000000000000, 770.0000000000000000, 18.00000000000002487 ) ) ;
#149 = EDGE_CURVE ( 'NONE', #1320, #1367, #649, .T. ) ;
#150 = EDGE_CURVE ( 'NONE', #2966, #3791, #2122, .T. ) ;
#151 = ORIENTED_EDGE ( 'NONE', *, *, #1974, .T. ) ;
#152 = CARTESIAN_POINT ( 'NONE',  ( -30.00000000000000000, 760.0000000000000000, -18.00000000000002132 ) ) ;
#153 = LINE ( 'NONE', #2896, #2648 ) ;
#154 = EDGE_CURVE ( 'NONE', #2438, #2628, #1529, .T. ) ;
#155 = LINE ( 'NONE', #2348, #2312 ) ;
#156 = EDGE_CURVE ( 'NONE', #247, #2843, #1851, .T. ) ;
#157 = VERTEX_POINT ( 'NONE', #2807 ) ;
#158 = CARTESIAN_POINT ( 'NONE',  ( 30.00000000000001421, 745.6259685816419278, -30.00000000000001776 ) ) ;
#159 = VECTOR ( 'NONE', #70, 1000.000000000000000 ) ;
#160 = ADVANCED_FACE ( 'NONE', ( #1272, #3070, #2502, #3674, #2144 ), #3736, .T. ) ;
#161 = EDGE_LOOP ( 'NONE', ( #3911, #1330, #225, #1348 ) ) ;
#162 = LINE ( 'NONE', #3830, #964 ) ;
#163 = DIRECTION ( 'NONE',  ( 0.000000000000000000, 0.000000000000000000, 1.000000000000000000 ) ) ;
#164 = VECTOR ( 'NONE', #309, 1000.000000000000000 ) ;
#165 = DIRECTION ( 'NONE',  ( 1.000000000000000000, 0.000000000000000000, -2.312964634635743450E-16 ) ) ;
#166 = APPLICATION_PROTOCOL_DEFINITION ( 'international standard', 'config_control_design', 1994, #939 ) ;
#167 = EDGE_LOOP ( 'NONE', ( #2750, #1833, #1848, #1938 ) ) ;
#168 = ORIENTED_EDGE ( 'NONE', *, *, #858, .F. ) ;
#169 = DIRECTION ( 'NONE',  ( 0.000000000000000000, -1.000000000000000000, 0.000000000000000000 ) ) ;
#170 = AXIS2_PLACEMENT_3D ( 'NONE', #268, #3255, #1795 ) ;
#171 = VECTOR ( 'NONE', #3477, 1000.000000000000000 ) ;
#172 = ORIENTED_EDGE ( 'NONE', *, *, #3196, .T. ) ;
#173 = CARTESIAN_POINT ( 'NONE',  ( -280.0000000000000000, 600.0000000000000000, -349.9999999999998863 ) ) ;
#174 = LINE ( 'NONE', #3508, #2527 ) ;
#175 = EDGE_CURVE ( 'NONE', #3789, #267, #2201, .T. ) ;
#176 = CARTESIAN_POINT ( 'NONE',  ( -475.5709628591620231, -4.762626506339581430E-14, 330.0000000000001705 ) ) ;
#177 = ORIENTED_EDGE ( 'NONE', *, *, #3183, .F. ) ;
#178 = CARTESIAN_POINT ( 'NONE',  ( 125.0000000000000000, 350.0000000000000000, 450.0000000000001705 ) ) ;
#179 = ADVANCED_FACE ( 'NONE', ( #62 ), #1834, .F. ) ;
#180 = ORIENTED_EDGE ( 'NONE', *, *, #495, .T. ) ;
#181 = LINE ( 'NONE', #1688, #1991 ) ;
#182 = ORIENTED_EDGE ( 'NONE', *, *, #1945, .F. ) ;
#183 = LINE ( 'NONE', #3853, #2677 ) ;
#184 = DIRECTION ( 'NONE',  ( -1.000000000000000000, 0.000000000000000000, 0.000000000000000000 ) ) ;
#185 = VERTEX_POINT ( 'NONE', #286 ) ;
#186 = DIRECTION ( 'NONE',  ( 0.000000000000000000, -1.000000000000000000, 0.000000000000000000 ) ) ;
#187 = DIRECTION ( 'NONE',  ( 1.000000000000000000, 0.000000000000000000, 0.000000000000000000 ) ) ;
#188 = AXIS2_PLACEMENT_3D ( 'NONE', #118, #3709, #948 ) ;
#189 = ORIENTED_EDGE ( 'NONE', *, *, #858, .T. ) ;
#190 = LINE ( 'NONE', #3843, #446 ) ;
#191 = DIRECTION ( 'NONE',  ( -0.000000000000000000, 1.000000000000000000, 2.220446049250313574E-16 ) ) ;
#192 = PLANE ( 'NONE',  #899 ) ;
#193 = EDGE_CURVE ( 'NONE', #1234, #586, #1510, .T. ) ;
#194 = ORIENTED_EDGE ( 'NONE', *, *, #2470, .T. ) ;
#195 = PLANE ( 'NONE',  #1743 ) ;
#196 = EDGE_CURVE ( 'NONE', #1092, #648, #376, .T. ) ;
#197 = AXIS2_PLACEMENT_3D ( 'NONE', #444, #3170, #726 ) ;
#198 = ORIENTED_EDGE ( 'NONE', *, *, #74, .T. ) ;
#199 = LINE ( 'NONE', #3573, #3924 ) ;
#200 = ORIENTED_EDGE ( 'NONE', *, *, #2045, .F. ) ;
#201 = CARTESIAN_POINT ( 'NONE',  ( 280.0000000000000000, 580.0000000000000000, -100.0000000000000000 ) ) ;
#202 = PERSON_AND_ORGANIZATION ( #454, #2330 ) ;
#203 = VECTOR ( 'NONE', #3548, 1000.000000000000000 ) ;
#204 = EDGE_CURVE ( 'NONE', #3450, #3099, #2562, .T. ) ;
#205 = ORIENTED_EDGE ( 'NONE', *, *, #992, .T. ) ;
#206 = LINE ( 'NONE', #1430, #3067 ) ;
#207 = CARTESIAN_POINT ( 'NONE',  ( 66.87817782917161935, 768.0000000000000000, -18.00000000000001066 ) ) ;
#208 = ORIENTED_EDGE ( 'NONE', *, *, #2047, .T. ) ;
#209 = VECTOR ( 'NONE', #87, 1000.000000000000000 ) ;
#210 = EDGE_CURVE ( 'NONE', #2030, #1787, #3150, .T. ) ;
#211 = ORIENTED_EDGE ( 'NONE', *, *, #2597, .T. ) ;
#212 = EDGE_CURVE ( 'NONE', #1789, #3450, #1689, .T. ) ;
#213 = DIRECTION ( 'NONE',  ( 0.000000000000000000, 0.000000000000000000, 1.000000000000000000 ) ) ;
#214 = DIRECTION ( 'NONE',  ( 0.000000000000000000, -1.000000000000000000, 0.000000000000000000 ) ) ;
#215 = CARTESIAN_POINT ( 'NONE',  ( -300.0000000000000568, 230.0000000000000000, -49.99999999999987921 ) ) ;
#216 = DIRECTION ( 'NONE',  ( -0.000000000000000000, -1.000000000000000000, -0.000000000000000000 ) ) ;
#217 = ORIENTED_EDGE ( 'NONE', *, *, #698, .F. ) ;
#218 = LINE ( 'NONE', #1806, #847 ) ;
#219 = ORIENTED_EDGE ( 'NONE', *, *, #526, .T. ) ;
#220 = CARTESIAN_POINT ( 'NONE',  ( 300.0000000000001705, 580.0000000000000000, -249.9999999999998579 ) ) ;
#221 = ORIENTED_EDGE ( 'NONE', *, *, #2387, .T. ) ;
#222 = CARTESIAN_POINT ( 'NONE',  ( 0.000000000000000000, 745.6259685816419278, 29.99999999999998224 ) ) ;
#223 = DATE_AND_TIME ( #2987, #132 ) ;
#224 = VECTOR ( 'NONE', #3618, 1000.000000000000000 ) ;
#225 = ORIENTED_EDGE ( 'NONE', *, *, #1753, .T. ) ;
#226 = ORIENTED_EDGE ( 'NONE', *, *, #108, .T. ) ;
#227 = VECTOR ( 'NONE', #2778, 1000.000000000000000 ) ;
#228 = CARTESIAN_POINT ( 'NONE',  ( -300.0000000000000568, 750.0000000000000000, -349.9999999999998863 ) ) ;
#229 = ORIENTED_EDGE ( 'NONE', *, *, #630, .T. ) ;
#230 = ADVANCED_FACE ( 'NONE', ( #1352 ), #2883, .F. ) ;
#231 = ADVANCED_FACE ( 'NONE', ( #764 ), #1009, .T. ) ;
#232 = AXIS2_PLACEMENT_3D ( 'NONE', #3028, #186, #3936 ) ;
#233 = VECTOR ( 'NONE', #3319, 1000.000000000000000 ) ;
#234 = ORIENTED_EDGE ( 'NONE', *, *, #1331, .T. ) ;
#235 = LINE ( 'NONE', #2109, #1124 ) ;
#236 = CARTESIAN_POINT ( 'NONE',  ( 30.00000000000002487, 760.0000000000000000, 18.00000000000001066 ) ) ;
#237 = VECTOR ( 'NONE', #3005, 1000.000000000000000 ) ;
#238 = EDGE_CURVE ( 'NONE', #1933, #2468, #3792, .T. ) ;
#239 = LINE ( 'NONE', #3925, #3155 ) ;
#240 = CARTESIAN_POINT ( 'NONE',  ( -280.0000000000000000, 301.9999999999999432, 0.000000000000000000 ) ) ;
#241 = ORIENTED_EDGE ( 'NONE', *, *, #3687, .T. ) ;
#242 = FACE_OUTER_BOUND ( 'NONE', #605, .T. ) ;
#243 = ORIENTED_EDGE ( 'NONE', *, *, #2633, .F. ) ;
#244 = CARTESIAN_POINT ( 'NONE',  ( -30.00000000000000000, 770.0000000000000000, -30.00000000000001776 ) ) ;
#245 = EDGE_LOOP ( 'NONE', ( #2024, #1858, #1791, #3838 ) ) ;
#246 = LINE ( 'NONE', #1526, #237 ) ;
#247 = VERTEX_POINT ( 'NONE', #3754 ) ;
#248 = LINE ( 'NONE', #2705, #2675 ) ;
#249 = LINE ( 'NONE', #569, #3960 ) ;
#250 = ORIENTED_EDGE ( 'NONE', *, *, #3442, .T. ) ;
#251 = DIRECTION ( 'NONE',  ( 0.000000000000000000, 0.000000000000000000, 1.000000000000000000 ) ) ;
#252 = ORIENTED_EDGE ( 'NONE', *, *, #2950, .T. ) ;
#253 = LINE ( 'NONE', #2429, #802 ) ;
#254 = VECTOR ( 'NONE', #818, 1000.000000000000000 ) ;
#255 = CARTESIAN_POINT ( 'NONE',  ( 125.0000000000000000, 350.0000000000000000, 450.0000000000001705 ) ) ;
#256 = VECTOR ( 'NONE', #504, 1000.000000000000000 ) ;
#257 = FACE_OUTER_BOUND ( 'NONE', #2297, .T. ) ;
#258 = CARTESIAN_POINT ( 'NONE',  ( -280.0000000000000000, 480.0000000000000000, -49.99999999999987921 ) ) ;
#259 = ORIENTED_EDGE ( 'NONE', *, *, #1532, .F. ) ;
#260 = CARTESIAN_POINT ( 'NONE',  ( -280.0000000000000000, 600.0000000000000000, -100.0000000000000000 ) ) ;
#261 = EDGE_CURVE ( 'NONE', #3277, #2117, #1030, .T. ) ;
#262 = ORIENTED_EDGE ( 'NONE', *, *, #1040, .T. ) ;
#263 = DIRECTION ( 'NONE',  ( 0.000000000000000000, -1.000000000000000000, 0.000000000000000000 ) ) ;
#264 = ORIENTED_EDGE ( 'NONE', *, *, #193, .F. ) ;
#265 = DIRECTION ( 'NONE',  ( -1.000000000000000000, -0.000000000000000000, -0.000000000000000000 ) ) ;
#266 = APPROVAL_ROLE ( '' ) ;
#267 = VERTEX_POINT ( 'NONE', #3190 ) ;
#268 = CARTESIAN_POINT ( 'NONE',  ( 300.0000000000001705, 600.0000000000000000, 249.9999999999998579 ) ) ;
#269 = DIRECTION ( 'NONE',  ( 0.000000000000000000, -0.000000000000000000, -1.000000000000000000 ) ) ;
#270 = VERTEX_POINT ( 'NONE', #1953 ) ;
#271 = LINE ( 'NONE', #1818, #294 ) ;
#272 = VERTEX_POINT ( 'NONE', #1996 ) ;
#273 = AXIS2_PLACEMENT_3D ( 'NONE', #1322, #1044, #2935 ) ;
#274 = CARTESIAN_POINT ( 'NONE',  ( 128.6725404957845740, 600.0000000000000000, -249.9999999999998295 ) ) ;
#275 = PLANE ( 'NONE',  #3349 ) ;
#276 = DIRECTION ( 'NONE',  ( 0.000000000000000000, 0.000000000000000000, 1.000000000000000000 ) ) ;
#277 = ORIENTED_EDGE ( 'NONE', *, *, #2709, .T. ) ;
#278 = CARTESIAN_POINT ( 'NONE',  ( -280.0000000000000000, 600.0000000000000000, 249.9999999999998579 ) ) ;
#279 = ADVANCED_FACE ( 'NONE', ( #2603 ), #466, .T. ) ;
#280 = EDGE_CURVE ( 'NONE', #1960, #267, #122, .T. ) ;
#281 = ORIENTED_EDGE ( 'NONE', *, *, #2424, .T. ) ;
#282 = FACE_OUTER_BOUND ( 'NONE', #395, .T. ) ;
#283 = ORIENTED_EDGE ( 'NONE', *, *, #615, .F. ) ;
#284 = DIRECTION ( 'NONE',  ( -1.000000000000000000, 0.000000000000000000, 0.000000000000000000 ) ) ;
#285 = ORIENTED_EDGE ( 'NONE', *, *, #3317, .F. ) ;
#286 = CARTESIAN_POINT ( 'NONE',  ( -280.0000000000000000, 600.0000000000000000, 249.9999999999998579 ) ) ;
#287 = FACE_OUTER_BOUND ( 'NONE', #2728, .T. ) ;
#288 = ORIENTED_EDGE ( 'NONE', *, *, #1602, .T. ) ;
#289 = DIRECTION ( 'NONE',  ( -1.000000000000000000, 0.000000000000000000, 0.000000000000000000 ) ) ;
#290 = DIRECTION ( 'NONE',  ( 0.000000000000000000, 1.000000000000000000, 0.000000000000000000 ) ) ;
#291 = VECTOR ( 'NONE', #1299, 1000.000000000000000 ) ;
#292 = ORIENTED_EDGE ( 'NONE', *, *, #3020, .T. ) ;
#293 = DIRECTION ( 'NONE',  ( 0.000000000000000000, 0.000000000000000000, 1.000000000000000000 ) ) ;
#294 = VECTOR ( 'NONE', #289, 1000.000000000000000 ) ;
#295 = CARTESIAN_POINT ( 'NONE',  ( 66.87817782917161935, 760.0000000000000000, -18.00000000000002132 ) ) ;
#296 = CARTESIAN_POINT ( 'NONE',  ( -280.0000000000000000, 230.0000000000000000, 299.9999999999998295 ) ) ;
#297 = VECTOR ( 'NONE', #1566, 1000.000000000000000 ) ;
#298 = VECTOR ( 'NONE', #2683, 1000.000000000000000 ) ;
#299 = LINE ( 'NONE', #1164, #1876 ) ;
#300 = ADVANCED_FACE ( 'NONE', ( #2279 ), #2844, .T. ) ;
#301 = DIRECTION ( 'NONE',  ( -0.000000000000000000, 1.000000000000000000, -1.387778780781444492E-15 ) ) ;
#302 = ORIENTED_EDGE ( 'NONE', *, *, #3664, .F. ) ;
#303 = VECTOR ( 'NONE', #1878, 1000.000000000000000 ) ;
#304 = DIRECTION ( 'NONE',  ( 1.000000000000000000, 0.000000000000000000, -0.000000000000000000 ) ) ;
#305 = ADVANCED_FACE ( 'NONE', ( #1332 ), #748, .T. ) ;
#306 = PERSON_AND_ORGANIZATION ( #454, #2330 ) ;
#307 = ORIENTED_EDGE ( 'NONE', *, *, #2775, .T. ) ;
#308 = CARTESIAN_POINT ( 'NONE',  ( -280.0000000000000000, 480.0000000000000568, 49.99999999999987921 ) ) ;
#309 = DIRECTION ( 'NONE',  ( 0.000000000000000000, 1.000000000000000000, 0.000000000000000000 ) ) ;
#310 = EDGE_LOOP ( 'NONE', ( #2932, #180, #3809, #221 ) ) ;
#311 = CARTESIAN_POINT ( 'NONE',  ( -300.0000000000000568, 590.0000000000001137, -329.9999999999998295 ) ) ;
#312 = PLANE ( 'NONE',  #2174 ) ;
#313 = VERTEX_POINT ( 'NONE', #3210 ) ;
#314 = LINE ( 'NONE', #394, #1508 ) ;
#315 = DIRECTION ( 'NONE',  ( 0.000000000000000000, 0.000000000000000000, -1.000000000000000000 ) ) ;
#316 = VECTOR ( 'NONE', #3903, 1000.000000000000000 ) ;
#317 = DIRECTION ( 'NONE',  ( 1.000000000000000000, 0.000000000000000000, -0.000000000000000000 ) ) ;
#318 = CARTESIAN_POINT ( 'NONE',  ( 280.0000000000000000, 230.0000000000000000, -49.99999999999987921 ) ) ;
#319 = VECTOR ( 'NONE', #1585, 1000.000000000000000 ) ;
#320 = DIRECTION ( 'NONE',  ( 0.000000000000000000, 0.9908050290861325493, -0.1352974291611936108 ) ) ;
#321 = EDGE_CURVE ( 'NONE', #1778, #2735, #3472, .T. ) ;
#322 = ADVANCED_FACE ( 'NONE', ( #1931 ), #2923, .T. ) ;
#323 = ORIENTED_EDGE ( 'NONE', *, *, #2349, .F. ) ;
#324 = EDGE_CURVE ( 'NONE', #725, #1972, #406, .T. ) ;
#325 = CARTESIAN_POINT ( 'NONE',  ( 300.0000000000001705, 480.0000000000000000, -299.9999999999998863 ) ) ;
#326 = EDGE_LOOP ( 'NONE', ( #1459, #1150, #3949, #1697 ) ) ;
#327 = CARTESIAN_POINT ( 'NONE',  ( -30.00000000000000000, 768.0000000000000000, -30.00000000000001776 ) ) ;
#328 = FACE_BOUND ( 'NONE', #1158, .T. ) ;
#329 = ORIENTED_EDGE ( 'NONE', *, *, #3682, .T. ) ;
#330 = DIRECTION ( 'NONE',  ( -0.000000000000000000, -0.000000000000000000, -1.000000000000000000 ) ) ;
#331 = CARTESIAN_POINT ( 'NONE',  ( -130.0000000000000284, 230.0000000000000000, 299.9999999999998295 ) ) ;
#332 = ADVANCED_FACE ( 'NONE', ( #1910 ), #83, .T. ) ;
#333 = CARTESIAN_POINT ( 'NONE',  ( -25.00000000000000000, 730.0000000000000000, 25.00000000000000000 ) ) ;
#334 = ORIENTED_EDGE ( 'NONE', *, *, #580, .T. ) ;
#335 = CARTESIAN_POINT ( 'NONE',  ( 280.0000000000000568, -20.00000000000000000, 99.99999999999997158 ) ) ;
#336 = EDGE_CURVE ( 'NONE', #887, #1592, #1710, .T. ) ;
#337 = VECTOR ( 'NONE', #2315, 1000.000000000000000 ) ;
#338 = LINE ( 'NONE', #94, #3731 ) ;
#339 = CARTESIAN_POINT ( 'NONE',  ( -300.0000000000000568, 600.0000000000000000, -100.0000000000000000 ) ) ;
#340 = CARTESIAN_POINT ( 'NONE',  ( -475.5709628591620231, 349.9999999999999432, 350.0000000000002274 ) ) ;
#341 = CARTESIAN_POINT ( 'NONE',  ( 300.0000000000001705, 480.0000000000000000, 200.7987240796891797 ) ) ;
#342 = ORIENTED_EDGE ( 'NONE', *, *, #193, .T. ) ;
#343 = LINE ( 'NONE', #1248, #1707 ) ;
#344 = ORIENTED_EDGE ( 'NONE', *, *, #2026, .F. ) ;
#345 = DIRECTION ( 'NONE',  ( -1.000000000000000000, -0.000000000000000000, -0.000000000000000000 ) ) ;
#346 = CARTESIAN_POINT ( 'NONE',  ( 300.0000000000001705, 580.0000000000000000, 249.9999999999998579 ) ) ;
#347 = ORIENTED_EDGE ( 'NONE', *, *, #175, .F. ) ;
#348 = CARTESIAN_POINT ( 'NONE',  ( 30.00000000000002132, 301.9999999999999432, 0.000000000000000000 ) ) ;
#349 = LINE ( 'NONE', #2206, #1941 ) ;
#350 = DIRECTION ( 'NONE',  ( 0.000000000000000000, -0.000000000000000000, 1.000000000000000000 ) ) ;
#351 = VERTEX_POINT ( 'NONE', #3852 ) ;
#352 = DIRECTION ( 'NONE',  ( -0.000000000000000000, -1.000000000000000000, -0.000000000000000000 ) ) ;
#353 = ADVANCED_FACE ( 'NONE', ( #785 ), #2318, .T. ) ;
#354 = EDGE_CURVE ( 'NONE', #1789, #2946, #2623, .T. ) ;
#355 = VECTOR ( 'NONE', #1434, 1000.000000000000000 ) ;
#356 = ORIENTED_EDGE ( 'NONE', *, *, #1340, .T. ) ;
#357 = CARTESIAN_POINT ( 'NONE',  ( -451.3274595042154829, 580.0000000000000000, 249.9999999999998579 ) ) ;
#358 = AXIS2_PLACEMENT_3D ( 'NONE', #1631, #2979, #445 ) ;
#359 = LINE ( 'NONE', #3082, #2973 ) ;
#360 = LINE ( 'NONE', #3412, #3091 ) ;
#361 = VECTOR ( 'NONE', #2184, 1000.000000000000000 ) ;
#362 = AXIS2_PLACEMENT_3D ( 'NONE', #641, #942, #2177 ) ;
#363 = ORIENTED_EDGE ( 'NONE', *, *, #3065, .T. ) ;
#364 = DIRECTION ( 'NONE',  ( 0.000000000000000000, -1.000000000000000000, -2.220446049250313574E-16 ) ) ;
#365 = ORIENTED_EDGE ( 'NONE', *, *, #3305, .F. ) ;
#366 = CARTESIAN_POINT ( 'NONE',  ( 280.0000000000001137, -20.00000000000000000, 330.0000000000001705 ) ) ;
#367 = CARTESIAN_POINT ( 'NONE',  ( 300.0000000000001705, 600.0000000000000000, -249.9999999999998579 ) ) ;
#368 = VERTEX_POINT ( 'NONE', #592 ) ;
#369 = DIRECTION ( 'NONE',  ( 2.331777305557298171E-16, -2.225641235097448803E-14, 1.000000000000000000 ) ) ;
#370 = LINE ( 'NONE', #3115, #1301 ) ;
#371 = VECTOR ( 'NONE', #1574, 1000.000000000000000 ) ;
#372 = DIRECTION ( 'NONE',  ( -1.000000000000000000, -0.000000000000000000, -0.000000000000000000 ) ) ;
#373 = ORIENTED_EDGE ( 'NONE', *, *, #1660, .T. ) ;
#374 = CARTESIAN_POINT ( 'NONE',  ( 280.0000000000000568, -19.99999999999996447, -49.99999999999982236 ) ) ;
#375 = ADVANCED_FACE ( 'NONE', ( #3660 ), #2752, .F. ) ;
#376 = CIRCLE ( 'NONE', #3144, 444.6391795602361867 ) ;
#377 = EDGE_CURVE ( 'NONE', #2157, #1589, #1554, .T. ) ;
#378 = ORIENTED_EDGE ( 'NONE', *, *, #1115, .T. ) ;
#379 = CARTESIAN_POINT ( 'NONE',  ( 300.0000000000001705, 580.0000000000000000, -249.9999999999998579 ) ) ;
#380 = DIRECTION ( 'NONE',  ( 1.000000000000000000, 0.000000000000000000, -0.000000000000000000 ) ) ;
#381 = CARTESIAN_POINT ( 'NONE',  ( 300.0000000000001705, 590.0000000000000000, 350.0000000000001137 ) ) ;
#382 = ORIENTED_EDGE ( 'NONE', *, *, #992, .F. ) ;
#383 = AXIS2_PLACEMENT_3D ( 'NONE', #357, #1263, #2492 ) ;
#384 = LINE ( 'NONE', #1564, #3778 ) ;
#385 = EDGE_CURVE ( 'NONE', #2638, #1060, #896, .T. ) ;
#386 = VERTEX_POINT ( 'NONE', #975 ) ;
#387 = CARTESIAN_POINT ( 'NONE',  ( -280.0000000000000000, 580.0000000000000000, -349.9999999999998863 ) ) ;
#388 = CARTESIAN_POINT ( 'NONE',  ( 300.0000000000000568, 600.0000000000000000, -349.9999999999999432 ) ) ;
#389 = ORIENTED_EDGE ( 'NONE', *, *, #2589, .F. ) ;
#390 = CARTESIAN_POINT ( 'NONE',  ( -280.0000000000000000, 480.0000000000000000, -299.9999999999997726 ) ) ;
#391 = DIRECTION ( 'NONE',  ( -1.000000000000000000, 0.000000000000000000, -0.000000000000000000 ) ) ;
#392 = LINE ( 'NONE', #1615, #3902 ) ;
#393 = ORIENTED_EDGE ( 'NONE', *, *, #1993, .T. ) ;
#394 = CARTESIAN_POINT ( 'NONE',  ( 300.0000000000000568, 590.0000000000000000, -349.9999999999998863 ) ) ;
#395 = EDGE_LOOP ( 'NONE', ( #2221, #1926, #2625, #3471 ) ) ;
#396 = DIRECTION ( 'NONE',  ( 1.000000000000000000, 0.000000000000000000, 0.000000000000000000 ) ) ;
#397 = CARTESIAN_POINT ( 'NONE',  ( -300.0000000000000568, 750.0000000000000000, -349.9999999999998863 ) ) ;
#398 = VECTOR ( 'NONE', #1403, 1000.000000000000000 ) ;
#399 = DIRECTION ( 'NONE',  ( 0.000000000000000000, 0.000000000000000000, 1.000000000000000000 ) ) ;
#400 = APPROVAL_PERSON_ORGANIZATION ( #2019, #566, #487 ) ;
#401 = ORIENTED_EDGE ( 'NONE', *, *, #2816, .T. ) ;
#402 = EDGE_CURVE ( 'NONE', #2002, #2925, #1857, .T. ) ;
#403 = DIRECTION ( 'NONE',  ( 0.000000000000000000, -1.000000000000000000, 0.000000000000000000 ) ) ;
#404 = ADVANCED_FACE ( 'NONE', ( #3700 ), #2148, .T. ) ;
#405 = ORIENTED_EDGE ( 'NONE', *, *, #523, .T. ) ;
#406 = LINE ( 'NONE', #2219, #1934 ) ;
#407 = LINE ( 'NONE', #104, #3126 ) ;
#408 = EDGE_LOOP ( 'NONE', ( #3113, #2984, #1397, #538 ) ) ;
#409 = DIRECTION ( 'NONE',  ( 0.000000000000000000, -1.000000000000000000, 0.000000000000000000 ) ) ;
#410 = EDGE_CURVE ( 'NONE', #564, #3621, #3361, .T. ) ;
#411 = LINE ( 'NONE', #3855, #2784 ) ;
#412 = CARTESIAN_POINT ( 'NONE',  ( 280.0000000000000000, 480.0000000000000000, -49.99999999999990763 ) ) ;
#413 = ORIENTED_EDGE ( 'NONE', *, *, #2260, .T. ) ;
#414 = LINE ( 'NONE', #112, #1438 ) ;
#415 = ORIENTED_EDGE ( 'NONE', *, *, #1570, .T. ) ;
#416 = DIRECTION ( 'NONE',  ( 0.000000000000000000, 0.000000000000000000, 1.000000000000000000 ) ) ;
#417 = VECTOR ( 'NONE', #2267, 1000.000000000000000 ) ;
#418 = DIRECTION ( 'NONE',  ( -0.000000000000000000, 0.000000000000000000, 1.000000000000000000 ) ) ;
#419 = VECTOR ( 'NONE', #2301, 1000.000000000000000 ) ;
#420 = PLANE ( 'NONE',  #3606 ) ;
#421 = VERTEX_POINT ( 'NONE', #1895 ) ;
#422 = CARTESIAN_POINT ( 'NONE',  ( -33.00000000000000000, 768.0000000000000000, -18.00000000000001066 ) ) ;
#423 = EDGE_CURVE ( 'NONE', #1475, #1154, #1595, .T. ) ;
#424 = VECTOR ( 'NONE', #447, 1000.000000000000000 ) ;
#425 = ORIENTED_EDGE ( 'NONE', *, *, #1039, .F. ) ;
#426 = DIRECTION ( 'NONE',  ( 0.000000000000000000, 0.000000000000000000, -1.000000000000000000 ) ) ;
#427 = DIRECTION ( 'NONE',  ( 0.000000000000000000, 0.000000000000000000, -1.000000000000000000 ) ) ;
#428 = CARTESIAN_POINT ( 'NONE',  ( -280.0000000000000000, 480.0000000000000000, 200.7987240796891797 ) ) ;
#429 = VECTOR ( 'NONE', #3026, 1000.000000000000000 ) ;
#430 = LINE ( 'NONE', #2830, #1748 ) ;
#431 = AXIS2_PLACEMENT_3D ( 'NONE', #3460, #3156, #3175 ) ;
#432 = DIRECTION ( 'NONE',  ( -1.000000000000000000, 0.000000000000000000, -0.000000000000000000 ) ) ;
#433 = ORIENTED_EDGE ( 'NONE', *, *, #22, .T. ) ;
#434 = CARTESIAN_POINT ( 'NONE',  ( 280.0000000000001137, 301.9999999999999432, 0.000000000000000000 ) ) ;
#435 = ORIENTED_EDGE ( 'NONE', *, *, #3823, .F. ) ;
#436 = LINE ( 'NONE', #2915, #2053 ) ;
#437 = CARTESIAN_POINT ( 'NONE',  ( -280.0000000000000000, 480.0000000000001137, -200.7987240796890660 ) ) ;
#438 = DIRECTION ( 'NONE',  ( 0.000000000000000000, -1.000000000000000000, 0.000000000000000000 ) ) ;
#439 = ORIENTED_EDGE ( 'NONE', *, *, #789, .F. ) ;
#440 = LINE ( 'NONE', #278, #3941 ) ;
#441 = ADVANCED_FACE ( 'NONE', ( #611 ), #3098, .T. ) ;
#442 = EDGE_LOOP ( 'NONE', ( #3043, #1766, #2900, #250, #3715, #2822 ) ) ;
#443 = DIRECTION ( 'NONE',  ( 1.000000000000000000, 0.000000000000000000, -1.586032892321651989E-16 ) ) ;
#444 = CARTESIAN_POINT ( 'NONE',  ( 300.0000000000001705, 580.0000000000000000, 249.9999999999998579 ) ) ;
#445 = DIRECTION ( 'NONE',  ( -1.000000000000000000, 0.000000000000000000, 0.000000000000000000 ) ) ;
#446 = VECTOR ( 'NONE', #794, 1000.000000000000000 ) ;
#447 = DIRECTION ( 'NONE',  ( 0.000000000000000000, 0.000000000000000000, -1.000000000000000000 ) ) ;
#448 = PERSON_AND_ORGANIZATION ( #454, #2330 ) ;
#449 = VECTOR ( 'NONE', #3184, 1000.000000000000000 ) ;
#450 = FACE_OUTER_BOUND ( 'NONE', #2083, .T. ) ;
#451 = ORIENTED_EDGE ( 'NONE', *, *, #3923, .F. ) ;
#452 = CARTESIAN_POINT ( 'NONE',  ( 280.0000000000000000, 230.0000000000000000, 200.7987240796891797 ) ) ;
#453 = EDGE_CURVE ( 'NONE', #564, #2106, #2487, .T. ) ;
#454 = PERSON ( 'UNSPECIFIED', 'UNSPECIFIED', 'UNSPECIFIED', ('UNSPECIFIED'), ('UNSPECIFIED'), ('UNSPECIFIED') ) ;
#455 = ADVANCED_FACE ( 'NONE', ( #3077 ), #312, .T. ) ;
#456 = ORIENTED_EDGE ( 'NONE', *, *, #3100, .T. ) ;
#457 = FACE_OUTER_BOUND ( 'NONE', #161, .T. ) ;
#458 = CARTESIAN_POINT ( 'NONE',  ( -25.00000000000000711, 730.0000000000000000, -25.00000000000000000 ) ) ;
#459 = EDGE_CURVE ( 'NONE', #2314, #2030, #673, .T. ) ;
#460 = DIRECTION ( 'NONE',  ( -1.000000000000000000, -0.000000000000000000, -0.000000000000000000 ) ) ;
#461 = ORIENTED_EDGE ( 'NONE', *, *, #1539, .F. ) ;
#462 = FACE_OUTER_BOUND ( 'NONE', #1219, .T. ) ;
#463 = ORIENTED_EDGE ( 'NONE', *, *, #1123, .T. ) ;
#464 = AXIS2_PLACEMENT_3D ( 'NONE', #178, #1087, #1668 ) ;
#465 = CARTESIAN_POINT ( 'NONE',  ( -30.00000000000000000, 768.0000000000000000, 18.00000000000002132 ) ) ;
#466 = PLANE ( 'NONE',  #500 ) ;
#467 = CARTESIAN_POINT ( 'NONE',  ( 30.00000000000002842, 770.0000000000000000, 29.99999999999998224 ) ) ;
#468 = DIRECTION ( 'NONE',  ( -1.000000000000000000, 0.000000000000000000, 0.000000000000000000 ) ) ;
#469 = CALENDAR_DATE ( 2026, 26, 5 ) ;
#470 = DIRECTION ( 'NONE',  ( 0.000000000000000000, -0.000000000000000000, 1.000000000000000000 ) ) ;
#471 = ORIENTED_EDGE ( 'NONE', *, *, #1744, .F. ) ;
#472 = LINE ( 'NONE', #2928, #96 ) ;
#473 = EDGE_CURVE ( 'NONE', #773, #1394, #2813, .T. ) ;
#474 = ORIENTED_EDGE ( 'NONE', *, *, #3398, .F. ) ;
#475 = DIRECTION ( 'NONE',  ( 1.000000000000000000, 7.930164461608261179E-17, -0.000000000000000000 ) ) ;
#476 = EDGE_CURVE ( 'NONE', #2295, #980, #1517, .T. ) ;
#477 = DIRECTION ( 'NONE',  ( -1.000000000000000000, 0.000000000000000000, -0.000000000000000000 ) ) ;
#478 = FACE_OUTER_BOUND ( 'NONE', #716, .T. ) ;
#479 = VERTEX_POINT ( 'NONE', #2772 ) ;
#480 = PLANE ( 'NONE',  #3496 ) ;
#481 = VECTOR ( 'NONE', #2105, 1000.000000000000000 ) ;
#482 = ORIENTED_EDGE ( 'NONE', *, *, #2882, .F. ) ;
#483 = CARTESIAN_POINT ( 'NONE',  ( 280.0000000000000000, 230.0000000000000000, -349.9999999999998863 ) ) ;
#484 = DIRECTION ( 'NONE',  ( -1.586032892321652236E-16, 0.000000000000000000, -1.000000000000000000 ) ) ;
#485 = VERTEX_POINT ( 'NONE', #2191 ) ;
#486 = CARTESIAN_POINT ( 'NONE',  ( 280.0000000000001137, 600.0000000000000000, 99.99999999999997158 ) ) ;
#487 = APPROVAL_ROLE ( '' ) ;
#488 = VECTOR ( 'NONE', #653, 1000.000000000000000 ) ;
#489 = ORIENTED_EDGE ( 'NONE', *, *, #3926, .F. ) ;
#490 = DIRECTION ( 'NONE',  ( 0.000000000000000000, -1.000000000000000000, 0.000000000000000000 ) ) ;
#491 = CARTESIAN_POINT ( 'NONE',  ( -280.0000000000000000, 480.0000000000000000, -299.9999999999997726 ) ) ;
#492 = VECTOR ( 'NONE', #1055, 1000.000000000000000 ) ;
#493 = ADVANCED_FACE ( 'NONE', ( #7 ), #3116, .F. ) ;
#494 = ORIENTED_EDGE ( 'NONE', *, *, #1637, .T. ) ;
#495 = EDGE_CURVE ( 'NONE', #2889, #2561, #2508, .T. ) ;
#496 = LINE ( 'NONE', #3546, #3086 ) ;
#497 = FACE_OUTER_BOUND ( 'NONE', #3565, .T. ) ;
#498 = LINE ( 'NONE', #1721, #254 ) ;
#499 = ORIENTED_EDGE ( 'NONE', *, *, #2724, .T. ) ;
#500 = AXIS2_PLACEMENT_3D ( 'NONE', #709, #2540, #426 ) ;
#501 = CARTESIAN_POINT ( 'NONE',  ( 280.0000000000000000, 600.0000000000000000, -100.0000000000000000 ) ) ;
#502 = EDGE_CURVE ( 'NONE', #1312, #2192, #1237, .T. ) ;
#503 = ORIENTED_EDGE ( 'NONE', *, *, #74, .F. ) ;
#504 = DIRECTION ( 'NONE',  ( -1.000000000000000000, -0.000000000000000000, -0.000000000000000000 ) ) ;
#505 = ORIENTED_EDGE ( 'NONE', *, *, #3303, .T. ) ;
#506 = DIRECTION ( 'NONE',  ( -1.586032892321651989E-16, -1.387778780781444689E-15, -1.000000000000000000 ) ) ;
#507 = ADVANCED_FACE ( 'NONE', ( #1036 ), #109, .F. ) ;
#508 = LINE ( 'NONE', #1129, #2459 ) ;
#509 = ORIENTED_EDGE ( 'NONE', *, *, #2181, .T. ) ;
#510 = VECTOR ( 'NONE', #1117, 1000.000000000000000 ) ;
#511 = ORIENTED_EDGE ( 'NONE', *, *, #3585, .T. ) ;
#512 = CARTESIAN_POINT ( 'NONE',  ( 280.0000000000001137, 600.0000000000000000, 249.9999999999998579 ) ) ;
#513 = VECTOR ( 'NONE', #2394, 1000.000000000000000 ) ;
#514 = AXIS2_PLACEMENT_3D ( 'NONE', #771, #2607, #753 ) ;
#515 = VERTEX_POINT ( 'NONE', #713 ) ;
#516 = CARTESIAN_POINT ( 'NONE',  ( 300.0000000000000568, -20.00000000000000000, -349.9999999999998863 ) ) ;
#517 = FACE_OUTER_BOUND ( 'NONE', #3078, .T. ) ;
#518 = CARTESIAN_POINT ( 'NONE',  ( -300.0000000000000568, 230.0000000000000000, 200.7987240796891797 ) ) ;
#519 = ORIENTED_EDGE ( 'NONE', *, *, #2546, .F. ) ;
#520 = DIRECTION ( 'NONE',  ( 2.312964634635742957E-16, 0.000000000000000000, 1.000000000000000000 ) ) ;
#521 = ORIENTED_EDGE ( 'NONE', *, *, #3783, .T. ) ;
#522 = CARTESIAN_POINT ( 'NONE',  ( 481.2615574073296898, 515.4763476518592142, -349.9999999999999432 ) ) ;
#523 = EDGE_CURVE ( 'NONE', #479, #3354, #1981, .T. ) ;
#524 = ORIENTED_EDGE ( 'NONE', *, *, #738, .F. ) ;
#525 = LINE ( 'NONE', #222, #298 ) ;
#526 = EDGE_CURVE ( 'NONE', #2699, #2725, #3195, .T. ) ;
#527 = COORDINATED_UNIVERSAL_TIME_OFFSET ( 5, 30, .AHEAD. ) ;
#528 = AXIS2_PLACEMENT_3D ( 'NONE', #3287, #539, #520 ) ;
#529 = ORIENTED_EDGE ( 'NONE', *, *, #196, .F. ) ;
#530 = ORIENTED_EDGE ( 'NONE', *, *, #738, .T. ) ;
#531 = CARTESIAN_POINT ( 'NONE',  ( -300.0000000000000568, 600.0000000000000000, -249.9999999999998579 ) ) ;
#532 = ORIENTED_EDGE ( 'NONE', *, *, #923, .T. ) ;
#533 = EDGE_LOOP ( 'NONE', ( #2103, #2183, #3891, #731 ) ) ;
#534 = DIRECTION ( 'NONE',  ( 1.000000000000000000, 0.000000000000000000, -1.387778780781445676E-16 ) ) ;
#535 = LINE ( 'NONE', #236, #1813 ) ;
#536 = CARTESIAN_POINT ( 'NONE',  ( 30.00000000000002842, 768.0000000000000000, 18.00000000000002132 ) ) ;
#537 = PLANE ( 'NONE',  #2293 ) ;
#538 = ORIENTED_EDGE ( 'NONE', *, *, #1924, .T. ) ;
#539 = DIRECTION ( 'NONE',  ( -1.000000000000000000, 0.000000000000000000, 2.312964634635742957E-16 ) ) ;
#540 = ORIENTED_EDGE ( 'NONE', *, *, #1604, .T. ) ;
#541 = PLANE ( 'NONE',  #1349 ) ;
#542 = ORIENTED_EDGE ( 'NONE', *, *, #3783, .F. ) ;
#543 = EDGE_CURVE ( 'NONE', #1429, #1933, #2283, .T. ) ;
#544 = CARTESIAN_POINT ( 'NONE',  ( -125.0000000000000000, 350.0000000000000000, 180.0000000000001990 ) ) ;
#545 = VECTOR ( 'NONE', #2123, 1000.000000000000000 ) ;
#546 = ORIENTED_EDGE ( 'NONE', *, *, #3544, .T. ) ;
#547 = ORIENTED_EDGE ( 'NONE', *, *, #2698, .F. ) ;
#548 = AXIS2_PLACEMENT_3D ( 'NONE', #3738, #3436, #971 ) ;
#549 = DIRECTION ( 'NONE',  ( 0.000000000000000000, 1.000000000000000000, 0.000000000000000000 ) ) ;
#550 = VERTEX_POINT ( 'NONE', #2910 ) ;
#551 = CARTESIAN_POINT ( 'NONE',  ( -280.0000000000000000, 230.0000000000000000, 299.9999999999998295 ) ) ;
#552 = VECTOR ( 'NONE', #3128, 1000.000000000000000 ) ;
#553 = VECTOR ( 'NONE', #901, 1000.000000000000000 ) ;
#554 = EDGE_LOOP ( 'NONE', ( #1759, #3815, #1550, #1947 ) ) ;
#555 = DIRECTION ( 'NONE',  ( 7.930164461608261179E-17, 1.000000000000000000, 0.000000000000000000 ) ) ;
#556 = CARTESIAN_POINT ( 'NONE',  ( -280.0000000000000000, 600.0000000000000000, 99.99999999999997158 ) ) ;
#557 = ADVANCED_FACE ( 'NONE', ( #2305 ), #1316, .F. ) ;
#558 = DIRECTION ( 'NONE',  ( 0.000000000000000000, 0.000000000000000000, -1.000000000000000000 ) ) ;
#559 = LINE ( 'NONE', #3706, #875 ) ;
#560 = ORIENTED_EDGE ( 'NONE', *, *, #3974, .F. ) ;
#561 = DIRECTION ( 'NONE',  ( 1.000000000000000000, 0.000000000000000000, -1.586032892321651989E-16 ) ) ;
#562 = VERTEX_POINT ( 'NONE', #3216 ) ;
#563 = LINE ( 'NONE', #3351, #2766 ) ;
#564 = VERTEX_POINT ( 'NONE', #2528 ) ;
#565 = CARTESIAN_POINT ( 'NONE',  ( -280.0000000000000000, 480.0000000000000000, -49.99999999999987921 ) ) ;
#566 = APPROVAL ( #1077, 'UNSPECIFIED' ) ;
#567 = EDGE_LOOP ( 'NONE', ( #2420, #133, #1769, #111 ) ) ;
#568 = CARTESIAN_POINT ( 'NONE',  ( 300.0000000000001137, 600.0000000000000000, -100.0000000000000000 ) ) ;
#569 = CARTESIAN_POINT ( 'NONE',  ( 300.0000000000001705, 600.0000000000000000, -100.0000000000000000 ) ) ;
#570 = ORIENTED_EDGE ( 'NONE', *, *, #1482, .F. ) ;
#571 = FACE_OUTER_BOUND ( 'NONE', #805, .T. ) ;
#572 = EDGE_LOOP ( 'NONE', ( #1757, #521, #3532, #1395 ) ) ;
#573 = LINE ( 'NONE', #1737, #355 ) ;
#574 = EDGE_CURVE ( 'NONE', #1475, #2925, #2868, .T. ) ;
#575 = AXIS2_PLACEMENT_3D ( 'NONE', #1202, #3665, #3986 ) ;
#576 = ADVANCED_FACE ( 'NONE', ( #450 ), #730, .F. ) ;
#577 = DIRECTION ( 'NONE',  ( -1.000000000000000000, -0.000000000000000000, -0.000000000000000000 ) ) ;
#578 = CARTESIAN_POINT ( 'NONE',  ( -300.0000000000000568, 590.0000000000000000, 350.0000000000002274 ) ) ;
#579 = VERTEX_POINT ( 'NONE', #1078 ) ;
#580 = EDGE_CURVE ( 'NONE', #3612, #2324, #1675, .T. ) ;
#581 = FACE_BOUND ( 'NONE', #2647, .T. ) ;
#582 = ORIENTED_EDGE ( 'NONE', *, *, #2052, .T. ) ;
#583 = DIRECTION ( 'NONE',  ( -0.000000000000000000, 1.000000000000000000, 0.000000000000000000 ) ) ;
#584 = ORIENTED_EDGE ( 'NONE', *, *, #1400, .T. ) ;
#585 = DIRECTION ( 'NONE',  ( -7.930164461608261179E-17, -1.000000000000000000, 0.000000000000000000 ) ) ;
#586 = VERTEX_POINT ( 'NONE', #3523 ) ;
#587 = DIRECTION ( 'NONE',  ( -0.000000000000000000, 1.000000000000000000, 0.000000000000000000 ) ) ;
#588 = LINE ( 'NONE', #2990, #2474 ) ;
#589 = VERTEX_POINT ( 'NONE', #146 ) ;
#590 = LINE ( 'NONE', #2445, #233 ) ;
#591 = VECTOR ( 'NONE', #2594, 1000.000000000000000 ) ;
#592 = CARTESIAN_POINT ( 'NONE',  ( -30.00000000000000000, 760.0000000000000000, -18.00000000000002132 ) ) ;
#593 = ORIENTED_EDGE ( 'NONE', *, *, #1363, .F. ) ;
#594 = VECTOR ( 'NONE', #3459, 1000.000000000000000 ) ;
#595 = DIRECTION ( 'NONE',  ( 0.000000000000000000, -1.000000000000000000, 0.000000000000000000 ) ) ;
#596 = ADVANCED_FACE ( 'NONE', ( #1375 ), #1357, .F. ) ;
#597 = DIRECTION ( 'NONE',  ( 0.000000000000000000, -1.000000000000000000, 0.000000000000000000 ) ) ;
#598 = ADVANCED_FACE ( 'NONE', ( #1959 ), #2832, .T. ) ;
#599 = CARTESIAN_POINT ( 'NONE',  ( -300.0000000000000568, 480.0000000000000568, 49.99999999999987921 ) ) ;
#600 = DIRECTION ( 'NONE',  ( 0.000000000000000000, 0.000000000000000000, 1.000000000000000000 ) ) ;
#601 = ORIENTED_EDGE ( 'NONE', *, *, #3217, .T. ) ;
#602 = FACE_OUTER_BOUND ( 'NONE', #1998, .T. ) ;
#603 = ORIENTED_EDGE ( 'NONE', *, *, #1760, .T. ) ;
#604 = CARTESIAN_POINT ( 'NONE',  ( 280.0000000000000000, 580.0000000000000000, -249.9999999999998579 ) ) ;
#605 = EDGE_LOOP ( 'NONE', ( #3528, #72, #3883, #3919 ) ) ;
#606 = DIRECTION ( 'NONE',  ( -1.000000000000000000, 0.000000000000000000, 0.000000000000000000 ) ) ;
#607 = CARTESIAN_POINT ( 'NONE',  ( 300.0000000000001705, 580.0000000000000000, -249.9999999999998579 ) ) ;
#608 = ORIENTED_EDGE ( 'NONE', *, *, #2373, .F. ) ;
#609 = UNCERTAINTY_MEASURE_WITH_UNIT (LENGTH_MEASURE( 1.000000000000000082E-05 ), #2282, 'distance_accuracy_value', 'NONE');
#610 = CARTESIAN_POINT ( 'NONE',  ( -300.0000000000000568, 600.0000000000000000, -249.9999999999998579 ) ) ;
#611 = FACE_OUTER_BOUND ( 'NONE', #2970, .T. ) ;
#612 = VECTOR ( 'NONE', #3858, 1000.000000000000000 ) ;
#613 = ORIENTED_EDGE ( 'NONE', *, *, #196, .T. ) ;
#614 = DIRECTION ( 'NONE',  ( 1.000000000000000000, -0.000000000000000000, -0.000000000000000000 ) ) ;
#615 = EDGE_CURVE ( 'NONE', #16, #1778, #128, .T. ) ;
#616 = AXIS2_PLACEMENT_3D ( 'NONE', #348, #2263, #369 ) ;
#617 = EDGE_CURVE ( 'NONE', #3188, #2587, #1297, .T. ) ;
#618 = PLANE ( 'NONE',  #575 ) ;
#619 = DIRECTION ( 'NONE',  ( 0.000000000000000000, -0.000000000000000000, 1.000000000000000000 ) ) ;
#620 = VECTOR ( 'NONE', #686, 1000.000000000000000 ) ;
#621 = CARTESIAN_POINT ( 'NONE',  ( -300.0000000000000568, 230.0000000000001137, -200.7987240796891228 ) ) ;
#622 = DIRECTION ( 'NONE',  ( -0.000000000000000000, -0.000000000000000000, -1.000000000000000000 ) ) ;
#623 = ORIENTED_EDGE ( 'NONE', *, *, #3602, .F. ) ;
#624 = ADVANCED_FACE ( 'NONE', ( #2244 ), #2225, .F. ) ;
#625 = LINE ( 'NONE', #1288, #752 ) ;
#626 = APPROVAL_STATUS ( 'not_yet_approved' ) ;
#627 = EDGE_LOOP ( 'NONE', ( #2146, #2598, #277, #1897 ) ) ;
#628 = DIRECTION ( 'NONE',  ( 0.000000000000000000, -1.000000000000000000, 0.000000000000000000 ) ) ;
#629 = LINE ( 'NONE', #2202, #1441 ) ;
#630 = EDGE_CURVE ( 'NONE', #2427, #3124, #392, .T. ) ;
#631 = VERTEX_POINT ( 'NONE', #412 ) ;
#632 = LINE ( 'NONE', #1854, #1838 ) ;
#633 = AXIS2_PLACEMENT_3D ( 'NONE', #890, #587, #1815 ) ;
#634 = ADVANCED_FACE ( 'NONE', ( #1636, #824, #2903, #2622 ), #3230, .F. ) ;
#635 = DIRECTION ( 'NONE',  ( 0.000000000000000000, -1.000000000000000000, 0.000000000000000000 ) ) ;
#636 = DIRECTION ( 'NONE',  ( 1.000000000000000000, 0.000000000000000000, 0.000000000000000000 ) ) ;
#637 = ORIENTED_EDGE ( 'NONE', *, *, #204, .F. ) ;
#638 = CARTESIAN_POINT ( 'NONE',  ( -300.0000000000000568, 600.0000000000000000, 99.99999999999997158 ) ) ;
#639 = LINE ( 'NONE', #3141, #1283 ) ;
#640 = VECTOR ( 'NONE', #1540, 1000.000000000000000 ) ;
#641 = CARTESIAN_POINT ( 'NONE',  ( 300.0000000000001705, 590.0000000000000000, 350.0000000000001137 ) ) ;
#642 = PLANE ( 'NONE',  #3106 ) ;
#643 = VECTOR ( 'NONE', #1605, 1000.000000000000000 ) ;
#644 = CARTESIAN_POINT ( 'NONE',  ( 280.0000000000000000, 230.0000000000000000, -299.9999999999998295 ) ) ;
#645 = VERTEX_POINT ( 'NONE', #1749 ) ;
#646 = CARTESIAN_POINT ( 'NONE',  ( 128.6725404957846877, 580.0000000000000000, 249.9999999999998863 ) ) ;
#647 = EDGE_CURVE ( 'NONE', #1747, #645, #2298, .T. ) ;
#648 = VERTEX_POINT ( 'NONE', #2375 ) ;
#649 = LINE ( 'NONE', #929, #3710 ) ;
#650 = DIRECTION ( 'NONE',  ( 0.000000000000000000, 1.000000000000000000, -1.110223024625156787E-16 ) ) ;
#651 = ORIENTED_EDGE ( 'NONE', *, *, #1452, .F. ) ;
#652 = ADVANCED_FACE ( 'NONE', ( #1126 ), #1370, .F. ) ;
#653 = DIRECTION ( 'NONE',  ( 0.000000000000000000, -6.162975822039149475E-31, 1.000000000000000000 ) ) ;
#654 = CARTESIAN_POINT ( 'NONE',  ( 125.0000000000000284, -3.081487911019577365E-30, 330.0000000000001705 ) ) ;
#655 = CARTESIAN_POINT ( 'NONE',  ( 300.0000000000001705, 600.0000000000000000, 249.9999999999998579 ) ) ;
#656 = ORIENTED_EDGE ( 'NONE', *, *, #2400, .T. ) ;
#657 = ADVANCED_FACE ( 'NONE', ( #3289 ), #3536, .T. ) ;
#658 = CARTESIAN_POINT ( 'NONE',  ( 280.0000000000001137, 600.0000000000000000, 100.0000000000000000 ) ) ;
#659 = VECTOR ( 'NONE', #3331, 1000.000000000000000 ) ;
#660 = DIRECTION ( 'NONE',  ( -1.000000000000000000, -0.000000000000000000, -0.000000000000000000 ) ) ;
#661 = CARTESIAN_POINT ( 'NONE',  ( 300.0000000000000568, -20.00000000000000000, -349.9999999999998863 ) ) ;
#662 = PLANE ( 'NONE',  #2574 ) ;
#663 = ORIENTED_EDGE ( 'NONE', *, *, #718, .F. ) ;
#664 = CARTESIAN_POINT ( 'NONE',  ( -300.0000000000000568, 230.0000000000000000, 299.9999999999998295 ) ) ;
#665 = ADVANCED_FACE ( 'NONE', ( #763 ), #3592, .F. ) ;
#666 = ORIENTED_EDGE ( 'NONE', *, *, #1928, .T. ) ;
#667 = DIRECTION ( 'NONE',  ( -0.000000000000000000, 1.000000000000000000, 0.000000000000000000 ) ) ;
#668 = CARTESIAN_POINT ( 'NONE',  ( 280.0000000000000568, -20.00000000000000000, -100.0000000000000000 ) ) ;
#669 = VECTOR ( 'NONE', #3480, 1000.000000000000000 ) ;
#670 = ORIENTED_EDGE ( 'NONE', *, *, #1918, .F. ) ;
#671 = LINE ( 'NONE', #691, #1515 ) ;
#672 = PLANE ( 'NONE',  #1239 ) ;
#673 = LINE ( 'NONE', #2426, #883 ) ;
#674 = ORIENTED_EDGE ( 'NONE', *, *, #919, .T. ) ;
#675 = DIRECTION ( 'NONE',  ( -0.000000000000000000, 1.000000000000000000, -1.110223024625156787E-16 ) ) ;
#676 = AXIS2_PLACEMENT_3D ( 'NONE', #3079, #2469, #3702 ) ;
#677 = VERTEX_POINT ( 'NONE', #465 ) ;
#678 = CARTESIAN_POINT ( 'NONE',  ( -25.00000000000000711, 760.0000000000000000, -25.00000000000000000 ) ) ;
#679 = VECTOR ( 'NONE', #3905, 1000.000000000000000 ) ;
#680 = EDGE_CURVE ( 'NONE', #313, #999, #2941, .T. ) ;
#681 = PLANE ( 'NONE',  #1490 ) ;
#682 = CARTESIAN_POINT ( 'NONE',  ( 300.0000000000001705, 580.0000000000000000, -100.0000000000000000 ) ) ;
#683 = VECTOR ( 'NONE', #3694, 1000.000000000000000 ) ;
#684 = VECTOR ( 'NONE', #3081, 1000.000000000000000 ) ;
#685 = ORIENTED_EDGE ( 'NONE', *, *, #2665, .F. ) ;
#686 = DIRECTION ( 'NONE',  ( -1.387778780781445676E-16, -0.000000000000000000, -1.000000000000000000 ) ) ;
#687 = ORIENTED_EDGE ( 'NONE', *, *, #2062, .F. ) ;
#688 = DIRECTION ( 'NONE',  ( 1.387778780781445676E-16, 0.000000000000000000, 1.000000000000000000 ) ) ;
#689 = CARTESIAN_POINT ( 'NONE',  ( 128.6725404957845740, 600.0000000000000000, -249.9999999999998295 ) ) ;
#690 = ORIENTED_EDGE ( 'NONE', *, *, #1216, .F. ) ;
#691 = CARTESIAN_POINT ( 'NONE',  ( -451.3274595042154829, 580.0000000000000000, 100.0000000000000000 ) ) ;
#692 = PLANE ( 'NONE',  #2269 ) ;
#693 = EDGE_CURVE ( 'NONE', #3188, #3789, #2055, .T. ) ;
#694 = CARTESIAN_POINT ( 'NONE',  ( 300.0000000000001705, 580.0000000000000000, -249.9999999999998579 ) ) ;
#695 = VERTEX_POINT ( 'NONE', #522 ) ;
#696 = LINE ( 'NONE', #335, #997 ) ;
#697 = ADVANCED_FACE ( 'NONE', ( #2983 ), #1108, .F. ) ;
#698 = EDGE_CURVE ( 'NONE', #677, #3047, #181, .T. ) ;
#699 = ORIENTED_EDGE ( 'NONE', *, *, #3072, .T. ) ;
#700 = DIRECTION ( 'NONE',  ( 0.000000000000000000, -1.000000000000000000, 0.000000000000000000 ) ) ;
#701 = EDGE_CURVE ( 'NONE', #3653, #773, #162, .T. ) ;
#702 = FACE_OUTER_BOUND ( 'NONE', #1827, .T. ) ;
#703 = AXIS2_PLACEMENT_3D ( 'NONE', #1882, #1582, #54 ) ;
#704 = CARTESIAN_POINT ( 'NONE',  ( -280.0000000000000000, 480.0000000000000000, -299.9999999999997726 ) ) ;
#705 = VERTEX_POINT ( 'NONE', #3868 ) ;
#706 = VECTOR ( 'NONE', #2713, 1000.000000000000000 ) ;
#707 = DIRECTION ( 'NONE',  ( -7.930164461608261179E-17, 1.000000000000000000, 0.000000000000000000 ) ) ;
#708 = ORIENTED_EDGE ( 'NONE', *, *, #3703, .T. ) ;
#709 = CARTESIAN_POINT ( 'NONE',  ( 66.87817782917161935, 760.0000000000000000, 18.00000000000002132 ) ) ;
#710 = DIRECTION ( 'NONE',  ( 1.000000000000000000, 0.000000000000000000, 0.000000000000000000 ) ) ;
#711 = LINE ( 'NONE', #2829, #1197 ) ;
#712 = CARTESIAN_POINT ( 'NONE',  ( 280.0000000000000000, 580.0000000000000000, -349.9999999999998863 ) ) ;
#713 = CARTESIAN_POINT ( 'NONE',  ( -280.0000000000000000, 230.0000000000000000, -49.99999999999982236 ) ) ;
#714 = EDGE_LOOP ( 'NONE', ( #3873, #2690, #3259, #3061 ) ) ;
#715 = CARTESIAN_POINT ( 'NONE',  ( -300.0000000000000568, 590.0000000000000000, 350.0000000000002274 ) ) ;
#716 = EDGE_LOOP ( 'NONE', ( #608, #2911, #3669, #1211 ) ) ;
#717 = LINE ( 'NONE', #73, #1472 ) ;
#718 = EDGE_CURVE ( 'NONE', #3450, #1589, #199, .T. ) ;
#719 = FACE_OUTER_BOUND ( 'NONE', #245, .T. ) ;
#720 = VECTOR ( 'NONE', #1399, 1000.000000000000000 ) ;
#721 = FACE_OUTER_BOUND ( 'NONE', #2668, .T. ) ;
#722 = VECTOR ( 'NONE', #3299, 1000.000000000000000 ) ;
#723 = ORIENTED_EDGE ( 'NONE', *, *, #1242, .T. ) ;
#724 = CARTESIAN_POINT ( 'NONE',  ( 280.0000000000000568, 750.0000000000000000, -4.440892098500626793E-14 ) ) ;
#725 = VERTEX_POINT ( 'NONE', #2036 ) ;
#726 = DIRECTION ( 'NONE',  ( 0.000000000000000000, -0.000000000000000000, 1.000000000000000000 ) ) ;
#727 = LINE ( 'NONE', #3793, #3643 ) ;
#728 = DIRECTION ( 'NONE',  ( 1.000000000000000000, 0.000000000000000000, -0.000000000000000000 ) ) ;
#729 = CARTESIAN_POINT ( 'NONE',  ( -300.0000000000000568, 580.0000000000000000, 249.9999999999998579 ) ) ;
#730 = PLANE ( 'NONE',  #1561 ) ;
#731 = ORIENTED_EDGE ( 'NONE', *, *, #1166, .F. ) ;
#732 = CARTESIAN_POINT ( 'NONE',  ( -125.0000000000000000, 359.9999999999999432, 450.0000000000001705 ) ) ;
#733 = ORIENTED_EDGE ( 'NONE', *, *, #2776, .F. ) ;
#734 = DIRECTION ( 'NONE',  ( 0.000000000000000000, 0.000000000000000000, 1.000000000000000000 ) ) ;
#735 = AXIS2_PLACEMENT_3D ( 'NONE', #3525, #755, #3802 ) ;
#736 = ADVANCED_FACE ( 'NONE', ( #1089 ), #3910, .F. ) ;
#737 = LINE ( 'NONE', #1681, #203 ) ;
#738 = EDGE_CURVE ( 'NONE', #3084, #2356, #3270, .T. ) ;
#739 = AXIS2_PLACEMENT_3D ( 'NONE', #3071, #3455, #3401 ) ;
#740 = LINE ( 'NONE', #2331, #1091 ) ;
#741 = ORIENTED_EDGE ( 'NONE', *, *, #3398, .T. ) ;
#742 = DIRECTION ( 'NONE',  ( 0.000000000000000000, -1.000000000000000000, 0.000000000000000000 ) ) ;
#743 = AXIS2_PLACEMENT_3D ( 'NONE', #3048, #606, #970 ) ;
#744 = VECTOR ( 'NONE', #852, 1000.000000000000000 ) ;
#745 = ORIENTED_EDGE ( 'NONE', *, *, #1676, .T. ) ;
#746 = LINE ( 'NONE', #1072, #256 ) ;
#747 = EDGE_CURVE ( 'NONE', #515, #645, #746, .T. ) ;
#748 = PLANE ( 'NONE',  #3678 ) ;
#749 = CARTESIAN_POINT ( 'NONE',  ( -280.0000000000000000, 230.0000000000000000, -349.9999999999998863 ) ) ;
#750 = DIRECTION ( 'NONE',  ( -1.000000000000000000, -2.220446049250313081E-16, 0.000000000000000000 ) ) ;
#751 = EDGE_CURVE ( 'NONE', #1776, #889, #1727, .T. ) ;
#752 = VECTOR ( 'NONE', #364, 1000.000000000000000 ) ;
#753 = DIRECTION ( 'NONE',  ( -1.000000000000000000, 0.000000000000000000, -0.000000000000000000 ) ) ;
#754 = ORIENTED_EDGE ( 'NONE', *, *, #3581, .F. ) ;
#755 = DIRECTION ( 'NONE',  ( -1.000000000000000000, -0.000000000000000000, 0.000000000000000000 ) ) ;
#756 = EDGE_LOOP ( 'NONE', ( #2828, #1817, #2618, #2738 ) ) ;
#757 = CARTESIAN_POINT ( 'NONE',  ( 300.0000000000001137, 580.0000000000000000, -100.0000000000000000 ) ) ;
#758 = PLANE ( 'NONE',  #783 ) ;
#759 = DIRECTION ( 'NONE',  ( 0.000000000000000000, 0.000000000000000000, -1.000000000000000000 ) ) ;
#760 = ORIENTED_EDGE ( 'NONE', *, *, #1741, .F. ) ;
#761 = DIRECTION ( 'NONE',  ( 0.000000000000000000, -1.110223024625156787E-16, -1.000000000000000000 ) ) ;
#762 = EDGE_LOOP ( 'NONE', ( #2549, #208, #1451, #1177 ) ) ;
#763 = FACE_OUTER_BOUND ( 'NONE', #2350, .T. ) ;
#764 = FACE_OUTER_BOUND ( 'NONE', #3753, .T. ) ;
#765 = FACE_OUTER_BOUND ( 'NONE', #3635, .T. ) ;
#766 = VECTOR ( 'NONE', #3301, 1000.000000000000000 ) ;
#767 = ORIENTED_EDGE ( 'NONE', *, *, #2151, .F. ) ;
#768 = CARTESIAN_POINT ( 'NONE',  ( 128.6725404957846308, 580.0000000000000000, 100.0000000000000284 ) ) ;
#769 = DATE_TIME_ROLE ( 'creation_date' ) ;
#770 = CC_DESIGN_SECURITY_CLASSIFICATION ( #1861, ( #3159 ) ) ;
#771 = CARTESIAN_POINT ( 'NONE',  ( -30.00000000000000000, 770.0000000000000000, 29.99999999999998224 ) ) ;
#772 = EDGE_CURVE ( 'NONE', #845, #3791, #3650, .T. ) ;
#773 = VERTEX_POINT ( 'NONE', #885 ) ;
#774 = PLANE ( 'NONE',  #2222 ) ;
#775 = ORIENTED_EDGE ( 'NONE', *, *, #3568, .T. ) ;
#776 = CARTESIAN_POINT ( 'NONE',  ( 30.00000000000002487, 768.0000000000000000, 18.00000000000001066 ) ) ;
#777 = DIRECTION ( 'NONE',  ( 0.000000000000000000, 1.000000000000000000, 0.000000000000000000 ) ) ;
#778 = LINE ( 'NONE', #2011, #1988 ) ;
#779 = EDGE_LOOP ( 'NONE', ( #2914, #2249, #1419, #2968 ) ) ;
#780 = VECTOR ( 'NONE', #1205, 1000.000000000000000 ) ;
#781 = CARTESIAN_POINT ( 'NONE',  ( 280.0000000000001137, 580.0000000000000000, 249.9999999999998579 ) ) ;
#782 = ORIENTED_EDGE ( 'NONE', *, *, #22, .F. ) ;
#783 = AXIS2_PLACEMENT_3D ( 'NONE', #437, #477, #418 ) ;
#784 = CARTESIAN_POINT ( 'NONE',  ( -475.5709628591620231, -4.762626506339582692E-14, 350.0000000000002274 ) ) ;
#785 = FACE_OUTER_BOUND ( 'NONE', #3208, .T. ) ;
#786 = LINE ( 'NONE', #2018, #2031 ) ;
#787 = APPLICATION_PROTOCOL_DEFINITION ( 'international standard', 'config_control_design', 1994, #1758 ) ;
#788 = EDGE_CURVE ( 'NONE', #1351, #1154, #3083, .T. ) ;
#789 = EDGE_CURVE ( 'NONE', #2612, #2921, #2097, .T. ) ;
#790 = ORIENTED_EDGE ( 'NONE', *, *, #423, .T. ) ;
#791 = EDGE_LOOP ( 'NONE', ( #2186, #3140, #3609, #1888 ) ) ;
#792 = LINE ( 'NONE', #148, #3122 ) ;
#793 = ORIENTED_EDGE ( 'NONE', *, *, #1622, .T. ) ;
#794 = DIRECTION ( 'NONE',  ( 1.000000000000000000, 0.000000000000000000, -0.000000000000000000 ) ) ;
#795 = EDGE_CURVE ( 'NONE', #876, #2379, #1543, .T. ) ;
#796 = DIRECTION ( 'NONE',  ( 1.000000000000000000, 0.000000000000000000, -3.700743415417192084E-16 ) ) ;
#797 = PLANE ( 'NONE',  #2439 ) ;
#798 = ADVANCED_FACE ( 'NONE', ( #282 ), #1847, .F. ) ;
#799 = ORIENTED_EDGE ( 'NONE', *, *, #89, .F. ) ;
#800 = ADVANCED_FACE ( 'NONE', ( #2759 ), #541, .F. ) ;
#801 = CARTESIAN_POINT ( 'NONE',  ( -300.0000000000000568, 580.0000000000000000, 100.0000000000000000 ) ) ;
#802 = VECTOR ( 'NONE', #1178, 1000.000000000000000 ) ;
#803 = EDGE_LOOP ( 'NONE', ( #1079, #2230, #1650, #58 ) ) ;
#804 = DIRECTION ( 'NONE',  ( -1.000000000000000000, 0.000000000000000000, -0.000000000000000000 ) ) ;
#805 = EDGE_LOOP ( 'NONE', ( #3117, #3030, #3627, #3829 ) ) ;
#806 = DIRECTION ( 'NONE',  ( 0.000000000000000000, 1.000000000000000000, 1.110223024625156787E-16 ) ) ;
#807 = AXIS2_PLACEMENT_3D ( 'NONE', #3886, #1128, #165 ) ;
#808 = ORIENTED_EDGE ( 'NONE', *, *, #2216, .F. ) ;
#809 = DIRECTION ( 'NONE',  ( 1.000000000000000000, -0.000000000000000000, -2.312964634635743450E-16 ) ) ;
#810 = LINE ( 'NONE', #1414, #481 ) ;
#811 = CLOSED_SHELL ( 'NONE', ( #596, #1097, #3652, #3488, #3342, #160, #634, #3483, #828, #1825, #3139, #3944, #3725, #441, #2218, #1069, #375, #3162, #3284, #3899, #1879, #3930, #3491, #305, #1461, #911, #2591, #2308, #2794, #3786, #3440, #179, #2172, #3493, #2005, #493, #576, #1407, #2009, #697, #3, #2120, #3189, #404, #1269, #322, #800, #945, #1019, #3411, #3085, #3264, #998, #1798, #2500, #34, #3511, #798, #2175, #3683, #2761, #1313, #507, #2299, #1329, #1624, #1165, #3733, #3385, #2879, #230, #3221, #3312, #665 ) ) ;
#812 = AXIS2_PLACEMENT_3D ( 'NONE', #646, #403, #2519 ) ;
#813 = EDGE_LOOP ( 'NONE', ( #3288, #3978, #3292, #3094 ) ) ;
#814 = PLANE ( 'NONE',  #2027 ) ;
#815 = AXIS2_PLACEMENT_3D ( 'NONE', #50, #1218, #1277 ) ;
#816 = FACE_OUTER_BOUND ( 'NONE', #1247, .T. ) ;
#817 = EDGE_CURVE ( 'NONE', #3033, #1776, #3991, .T. ) ;
#818 = DIRECTION ( 'NONE',  ( 1.000000000000000000, -0.000000000000000000, -2.312964634635743450E-16 ) ) ;
#819 = EDGE_CURVE ( 'NONE', #3267, #2075, #563, .T. ) ;
#820 = VERTEX_POINT ( 'NONE', #2721 ) ;
#821 = PLANE ( 'NONE',  #528 ) ;
#822 = EDGE_CURVE ( 'NONE', #1685, #1658, #2511, .T. ) ;
#823 = EDGE_LOOP ( 'NONE', ( #3583, #1467, #3819, #3137 ) ) ;
#824 = FACE_BOUND ( 'NONE', #1402, .T. ) ;
#825 = EDGE_LOOP ( 'NONE', ( #243, #1042, #2463, #1755 ) ) ;
#826 = DIRECTION ( 'NONE',  ( 1.000000000000000000, 0.000000000000000000, -1.586032892321651989E-16 ) ) ;
#827 = DATE_AND_TIME ( #3595, #1223 ) ;
#828 = ADVANCED_FACE ( 'NONE', ( #2435 ), #1809, .F. ) ;
#829 = ORIENTED_EDGE ( 'NONE', *, *, #2387, .F. ) ;
#830 = AXIS2_PLACEMENT_3D ( 'NONE', #1099, #3861, #2328 ) ;
#831 = ORIENTED_EDGE ( 'NONE', *, *, #102, .T. ) ;
#832 = DIRECTION ( 'NONE',  ( 0.000000000000000000, 0.000000000000000000, 1.000000000000000000 ) ) ;
#833 = ORIENTED_EDGE ( 'NONE', *, *, #175, .T. ) ;
#834 = AXIS2_PLACEMENT_3D ( 'NONE', #244, #3373, #2780 ) ;
#835 = ORIENTED_EDGE ( 'NONE', *, *, #1114, .F. ) ;
#836 = CARTESIAN_POINT ( 'NONE',  ( -25.00000000000000711, 760.0000000000000000, -25.00000000000000000 ) ) ;
#837 = LINE ( 'NONE', #3097, #1236 ) ;
#838 = EDGE_CURVE ( 'NONE', #272, #2762, #3044, .T. ) ;
#839 = FACE_OUTER_BOUND ( 'NONE', #2877, .T. ) ;
#840 = CARTESIAN_POINT ( 'NONE',  ( 300.0000000000001705, 230.0000000000000000, -299.9999999999997726 ) ) ;
#841 = VERTEX_POINT ( 'NONE', #3690 ) ;
#842 = CARTESIAN_POINT ( 'NONE',  ( 300.0000000000001705, 600.0000000000000000, -249.9999999999998579 ) ) ;
#843 = ORIENTED_EDGE ( 'NONE', *, *, #1343, .T. ) ;
#844 = CARTESIAN_POINT ( 'NONE',  ( 0.000000000000000000, 669.8254832051042058, 254.5749671608179483 ) ) ;
#845 = VERTEX_POINT ( 'NONE', #3003 ) ;
#846 = DIRECTION ( 'NONE',  ( 1.387778780781445676E-16, 0.000000000000000000, 1.000000000000000000 ) ) ;
#847 = VECTOR ( 'NONE', #3348, 1000.000000000000000 ) ;
#848 = ORIENTED_EDGE ( 'NONE', *, *, #154, .T. ) ;
#849 = DIRECTION ( 'NONE',  ( -1.000000000000000000, 0.000000000000000000, -0.000000000000000000 ) ) ;
#850 = FACE_OUTER_BOUND ( 'NONE', #2208, .T. ) ;
#851 = ORIENTED_EDGE ( 'NONE', *, *, #2232, .F. ) ;
#852 = DIRECTION ( 'NONE',  ( -1.586032892321651989E-16, 0.000000000000000000, -1.000000000000000000 ) ) ;
#853 = ORIENTED_EDGE ( 'NONE', *, *, #1345, .F. ) ;
#854 = DIRECTION ( 'NONE',  ( -1.586032892321651989E-16, 0.000000000000000000, -1.000000000000000000 ) ) ;
#855 = DIRECTION ( 'NONE',  ( -0.000000000000000000, 0.000000000000000000, -1.000000000000000000 ) ) ;
#856 = FACE_OUTER_BOUND ( 'NONE', #3504, .T. ) ;
#857 = DIRECTION ( 'NONE',  ( 0.000000000000000000, -0.000000000000000000, 1.000000000000000000 ) ) ;
#858 = EDGE_CURVE ( 'NONE', #1733, #645, #2077, .T. ) ;
#859 = ORIENTED_EDGE ( 'NONE', *, *, #3972, .F. ) ;
#860 = DIRECTION ( 'NONE',  ( 0.000000000000000000, 1.000000000000000000, 0.000000000000000000 ) ) ;
#861 = ORIENTED_EDGE ( 'NONE', *, *, #2776, .T. ) ;
#862 = CARTESIAN_POINT ( 'NONE',  ( -280.0000000000000000, 600.0000000000000000, 99.99999999999997158 ) ) ;
#863 = ORIENTED_EDGE ( 'NONE', *, *, #994, .F. ) ;
#864 = DIRECTION ( 'NONE',  ( -0.000000000000000000, 0.000000000000000000, -1.000000000000000000 ) ) ;
#865 = VECTOR ( 'NONE', #3561, 1000.000000000000000 ) ;
#866 = EDGE_CURVE ( 'NONE', #2762, #562, #2454, .T. ) ;
#867 = VERTEX_POINT ( 'NONE', #1246 ) ;
#868 = VERTEX_POINT ( 'NONE', #2137 ) ;
#869 = VECTOR ( 'NONE', #64, 1000.000000000000000 ) ;
#870 = DIRECTION ( 'NONE',  ( 0.000000000000000000, -1.000000000000000000, 0.000000000000000000 ) ) ;
#871 = ORIENTED_EDGE ( 'NONE', *, *, #3979, .T. ) ;
#872 = ADVANCED_FACE ( 'NONE', ( #602 ), #1790, .F. ) ;
#873 = DIRECTION ( 'NONE',  ( 1.000000000000000000, -0.000000000000000000, -0.000000000000000000 ) ) ;
#874 = CLOSED_SHELL ( 'NONE', ( #3600, #1583, #947, #1832, #872, #2885 ) ) ;
#875 = VECTOR ( 'NONE', #1786, 1000.000000000000000 ) ;
#876 = VERTEX_POINT ( 'NONE', #2156 ) ;
#877 = EDGE_CURVE ( 'NONE', #3336, #16, #2700, .T. ) ;
#878 = LINE ( 'NONE', #3054, #2734 ) ;
#879 = LINE ( 'NONE', #2367, #2953 ) ;
#880 = LINE ( 'NONE', #2714, #227 ) ;
#881 = EDGE_LOOP ( 'NONE', ( #1125, #2608, #2634, #1669 ) ) ;
#882 = PLANE ( 'NONE',  #2327 ) ;
#883 = VECTOR ( 'NONE', #1819, 1000.000000000000000 ) ;
#884 = EDGE_LOOP ( 'NONE', ( #3550, #733, #2806, #859 ) ) ;
#885 = CARTESIAN_POINT ( 'NONE',  ( -280.0000000000000000, 750.0000000000000000, -329.9999999999998295 ) ) ;
#886 = VECTOR ( 'NONE', #908, 1000.000000000000000 ) ;
#887 = VERTEX_POINT ( 'NONE', #3613 ) ;
#888 = PLANE ( 'NONE',  #1135 ) ;
#889 = VERTEX_POINT ( 'NONE', #3932 ) ;
#890 = CARTESIAN_POINT ( 'NONE',  ( -130.0000000000000284, 480.0000000000000000, 299.9999999999998863 ) ) ;
#891 = EDGE_CURVE ( 'NONE', #3789, #3756, #1168, .T. ) ;
#892 = CARTESIAN_POINT ( 'NONE',  ( 300.0000000000001137, 600.0000000000000000, -100.0000000000000000 ) ) ;
#893 = ORIENTED_EDGE ( 'NONE', *, *, #3494, .T. ) ;
#894 = CARTESIAN_POINT ( 'NONE',  ( -300.0000000000000568, 230.0000000000000000, 299.9999999999998295 ) ) ;
#895 = EDGE_CURVE ( 'NONE', #2861, #2002, #77, .T. ) ;
#896 = LINE ( 'NONE', #333, #1230 ) ;
#897 = VERTEX_POINT ( 'NONE', #3468 ) ;
#898 = CARTESIAN_POINT ( 'NONE',  ( -125.0000000000000568, -7.542711897277097789E-14, 350.0000000000002274 ) ) ;
#899 = AXIS2_PLACEMENT_3D ( 'NONE', #1418, #1665, #2294 ) ;
#900 = LINE ( 'NONE', #2673, #962 ) ;
#901 = DIRECTION ( 'NONE',  ( 0.000000000000000000, -1.000000000000000000, 0.000000000000000000 ) ) ;
#902 = DIRECTION ( 'NONE',  ( 0.000000000000000000, -1.000000000000000000, 0.000000000000000000 ) ) ;
#903 = ORIENTED_EDGE ( 'NONE', *, *, #3854, .F. ) ;
#904 = DIRECTION ( 'NONE',  ( 0.000000000000000000, -1.000000000000000000, -1.110223024625156787E-16 ) ) ;
#905 = ORIENTED_EDGE ( 'NONE', *, *, #1984, .F. ) ;
#906 = CARTESIAN_POINT ( 'NONE',  ( -30.00000000000000000, 760.0000000000000000, 18.00000000000002132 ) ) ;
#907 = ORIENTED_EDGE ( 'NONE', *, *, #354, .T. ) ;
#908 = DIRECTION ( 'NONE',  ( -0.000000000000000000, -0.000000000000000000, -1.000000000000000000 ) ) ;
#909 = CARTESIAN_POINT ( 'NONE',  ( -300.0000000000000568, 600.0000000000000000, 249.9999999999998863 ) ) ;
#910 = VERTEX_POINT ( 'NONE', #1884 ) ;
#911 = ADVANCED_FACE ( 'NONE', ( #2213, #3165 ), #662, .T. ) ;
#912 = LINE ( 'NONE', #1476, #3393 ) ;
#913 = VECTOR ( 'NONE', #3605, 1000.000000000000000 ) ;
#914 = EDGE_CURVE ( 'NONE', #2730, #586, #3105, .T. ) ;
#915 = DIRECTION ( 'NONE',  ( 0.000000000000000000, 0.000000000000000000, -1.000000000000000000 ) ) ;
#916 = EDGE_LOOP ( 'NONE', ( #1469, #831, #1870, #1805 ) ) ;
#917 = CIRCLE ( 'NONE', #1556, 444.6391795602361867 ) ;
#918 = CARTESIAN_POINT ( 'NONE',  ( -280.0000000000000000, 230.0000000000000000, -49.99999999999987921 ) ) ;
#919 = EDGE_CURVE ( 'NONE', #2030, #485, #3145, .T. ) ;
#920 = FACE_OUTER_BOUND ( 'NONE', #3374, .T. ) ;
#921 = CARTESIAN_POINT ( 'NONE',  ( 30.00000000000002842, 768.0000000000000000, 18.00000000000002132 ) ) ;
#922 = CARTESIAN_POINT ( 'NONE',  ( -30.00000000000000000, 770.0000000000000000, 29.99999999999998224 ) ) ;
#923 = EDGE_CURVE ( 'NONE', #1267, #1312, #360, .T. ) ;
#924 = CARTESIAN_POINT ( 'NONE',  ( 0.000000000000000000, -6.661338147750935456E-14, 299.9999999999997726 ) ) ;
#925 = ADVANCED_FACE ( 'NONE', ( #721 ), #1625, .F. ) ;
#926 = ORIENTED_EDGE ( 'NONE', *, *, #1725, .F. ) ;
#927 = PLANE ( 'NONE',  #3068 ) ;
#928 = EDGE_LOOP ( 'NONE', ( #1191, #835, #1841, #151 ) ) ;
#929 = CARTESIAN_POINT ( 'NONE',  ( 128.6725404957845740, 580.0000000000000000, -249.9999999999998295 ) ) ;
#930 = FACE_OUTER_BOUND ( 'NONE', #1726, .T. ) ;
#931 = VERTEX_POINT ( 'NONE', #2857 ) ;
#932 = VECTOR ( 'NONE', #854, 1000.000000000000000 ) ;
#933 = DIRECTION ( 'NONE',  ( -1.586032892321651989E-16, 0.000000000000000000, -1.000000000000000000 ) ) ;
#934 = FACE_OUTER_BOUND ( 'NONE', #2501, .T. ) ;
#935 = CARTESIAN_POINT ( 'NONE',  ( -30.00000000000000000, 768.0000000000000000, -18.00000000000001066 ) ) ;
#936 = VECTOR ( 'NONE', #1932, 1000.000000000000000 ) ;
#937 = ORIENTED_EDGE ( 'NONE', *, *, #3563, .T. ) ;
#938 = CARTESIAN_POINT ( 'NONE',  ( 24.99999999999999289, 760.0000000000000000, 18.00000000000001066 ) ) ;
#939 = APPLICATION_CONTEXT ( 'configuration controlled 3d designs of mechanical parts and assemblies' ) ;
#940 = VECTOR ( 'NONE', #2525, 1000.000000000000000 ) ;
#941 = FACE_OUTER_BOUND ( 'NONE', #2720, .T. ) ;
#942 = DIRECTION ( 'NONE',  ( 0.000000000000000000, -0.000000000000000000, 1.000000000000000000 ) ) ;
#943 = VECTOR ( 'NONE', #3415, 1000.000000000000000 ) ;
#944 = DIRECTION ( 'NONE',  ( -0.000000000000000000, -1.000000000000000000, -0.000000000000000000 ) ) ;
#945 = ADVANCED_FACE ( 'NONE', ( #2802 ), #420, .F. ) ;
#946 = VECTOR ( 'NONE', #2922, 1000.000000000000000 ) ;
#947 = ADVANCED_FACE ( 'NONE', ( #2517 ), #3748, .F. ) ;
#948 = DIRECTION ( 'NONE',  ( 1.000000000000000000, 2.220446049250313081E-16, 0.000000000000000000 ) ) ;
#949 = EDGE_LOOP ( 'NONE', ( #1274, #926, #3445, #1611 ) ) ;
#950 = PLANE ( 'NONE',  #1647 ) ;
#951 = EDGE_CURVE ( 'NONE', #868, #887, #36, .T. ) ;
#952 = ORIENTED_EDGE ( 'NONE', *, *, #3317, .T. ) ;
#953 = LINE ( 'NONE', #2, #361 ) ;
#954 = LINE ( 'NONE', #20, #2287 ) ;
#955 = VERTEX_POINT ( 'NONE', #2475 ) ;
#956 = DIRECTION ( 'NONE',  ( 0.000000000000000000, 1.000000000000000000, 2.220446049250313574E-16 ) ) ;
#957 = CARTESIAN_POINT ( 'NONE',  ( -30.00000000000000000, 730.0000000000000000, 29.99999999999998224 ) ) ;
#958 = DIRECTION ( 'NONE',  ( 0.000000000000000000, -2.220446049250313574E-16, -1.000000000000000000 ) ) ;
#959 = EDGE_LOOP ( 'NONE', ( #3772, #2436, #2577, #2384 ) ) ;
#960 = LINE ( 'NONE', #1259, #2155 ) ;
#961 = FACE_OUTER_BOUND ( 'NONE', #1734, .T. ) ;
#962 = VECTOR ( 'NONE', #558, 1000.000000000000000 ) ;
#963 = CARTESIAN_POINT ( 'NONE',  ( -125.0000000000000000, 350.0000000000000000, 450.0000000000001705 ) ) ;
#964 = VECTOR ( 'NONE', #2335, 1000.000000000000000 ) ;
#965 = EDGE_CURVE ( 'NONE', #479, #868, #3449, .T. ) ;
#966 = FACE_OUTER_BOUND ( 'NONE', #2873, .T. ) ;
#967 = ORIENTED_EDGE ( 'NONE', *, *, #423, .F. ) ;
#968 = FACE_OUTER_BOUND ( 'NONE', #825, .T. ) ;
#969 = ORIENTED_EDGE ( 'NONE', *, *, #156, .F. ) ;
#970 = DIRECTION ( 'NONE',  ( 0.000000000000000000, 0.000000000000000000, 1.000000000000000000 ) ) ;
#971 = DIRECTION ( 'NONE',  ( -1.000000000000000000, 0.000000000000000000, -0.000000000000000000 ) ) ;
#972 = ORIENTED_EDGE ( 'NONE', *, *, #377, .T. ) ;
#973 = LINE ( 'NONE', #3133, #2931 ) ;
#974 = CARTESIAN_POINT ( 'NONE',  ( -300.0000000000000568, 590.0000000000000000, -349.9999999999998863 ) ) ;
#975 = CARTESIAN_POINT ( 'NONE',  ( -280.0000000000000000, 580.0000000000000000, 249.9999999999998579 ) ) ;
#976 = EDGE_CURVE ( 'NONE', #989, #589, #1266, .T. ) ;
#977 = ORIENTED_EDGE ( 'NONE', *, *, #1039, .T. ) ;
#978 = CARTESIAN_POINT ( 'NONE',  ( 30.00000000000002842, 775.0000000000000000, 29.99999999999998224 ) ) ;
#979 = VECTOR ( 'NONE', #2051, 1000.000000000000000 ) ;
#980 = VERTEX_POINT ( 'NONE', #2235 ) ;
#981 = CARTESIAN_POINT ( 'NONE',  ( -30.00000000000000000, 768.0000000000000000, 18.00000000000002132 ) ) ;
#982 = CARTESIAN_POINT ( 'NONE',  ( -30.00000000000000000, 770.0000000000000000, -30.00000000000001776 ) ) ;
#983 = CARTESIAN_POINT ( 'NONE',  ( -300.0000000000000568, 480.0000000000001137, -200.7987240796890660 ) ) ;
#984 = EDGE_LOOP ( 'NONE', ( #3166, #2741, #1175, #3673 ) ) ;
#985 = CARTESIAN_POINT ( 'NONE',  ( 30.00000000000001421, 730.0000000000000000, -30.00000000000001776 ) ) ;
#986 = ORIENTED_EDGE ( 'NONE', *, *, #2548, .T. ) ;
#987 = DIRECTION ( 'NONE',  ( -0.9063077870366476052, -0.4226182617407042708, 0.000000000000000000 ) ) ;
#988 = PLANE ( 'NONE',  #3519 ) ;
#989 = VERTEX_POINT ( 'NONE', #2179 ) ;
#990 = DIRECTION ( 'NONE',  ( 0.000000000000000000, 0.000000000000000000, -1.000000000000000000 ) ) ;
#991 = LINE ( 'NONE', #2224, #209 ) ;
#992 = EDGE_CURVE ( 'NONE', #3860, #889, #1024, .T. ) ;
#993 = CARTESIAN_POINT ( 'NONE',  ( 125.0000000000000284, 9.912705577010328508E-15, 0.000000000000000000 ) ) ;
#994 = EDGE_CURVE ( 'NONE', #351, #910, #97, .T. ) ;
#995 = ORIENTED_EDGE ( 'NONE', *, *, #2464, .T. ) ;
#996 = CARTESIAN_POINT ( 'NONE',  ( 300.0000000000000568, -20.00000000000000000, -349.9999999999998863 ) ) ;
#997 = VECTOR ( 'NONE', #3444, 1000.000000000000000 ) ;
#998 = ADVANCED_FACE ( 'NONE', ( #966 ), #2197, .F. ) ;
#999 = VERTEX_POINT ( 'NONE', #644 ) ;
#1000 = FACE_OUTER_BOUND ( 'NONE', #2104, .T. ) ;
#1001 = DIRECTION ( 'NONE',  ( 0.000000000000000000, 0.000000000000000000, -1.000000000000000000 ) ) ;
#1002 = VECTOR ( 'NONE', #2798, 1000.000000000000000 ) ;
#1003 = DIRECTION ( 'NONE',  ( 0.000000000000000000, 0.000000000000000000, -1.000000000000000000 ) ) ;
#1004 = VECTOR ( 'NONE', #44, 1000.000000000000000 ) ;
#1005 = VECTOR ( 'NONE', #2215, 1000.000000000000000 ) ;
#1006 = VERTEX_POINT ( 'NONE', #1865 ) ;
#1007 = DIRECTION ( 'NONE',  ( 0.000000000000000000, 0.000000000000000000, -1.000000000000000000 ) ) ;
#1008 = ORIENTED_EDGE ( 'NONE', *, *, #2216, .T. ) ;
#1009 = PLANE ( 'NONE',  #1270 ) ;
#1010 = LINE ( 'NONE', #467, #936 ) ;
#1011 = ORIENTED_EDGE ( 'NONE', *, *, #2824, .F. ) ;
#1012 = LINE ( 'NONE', #2565, #100 ) ;
#1013 = DIRECTION ( 'NONE',  ( 0.000000000000000000, -1.000000000000000000, 0.000000000000000000 ) ) ;
#1014 = DIRECTION ( 'NONE',  ( 0.000000000000000000, 0.000000000000000000, -1.000000000000000000 ) ) ;
#1015 = ADVANCED_FACE ( 'NONE', ( #3429 ), #2596, .F. ) ;
#1016 = VERTEX_POINT ( 'NONE', #3285 ) ;
#1017 = LINE ( 'NONE', #715, #1253 ) ;
#1018 = VECTOR ( 'NONE', #1052, 1000.000000000000000 ) ;
#1019 = ADVANCED_FACE ( 'NONE', ( #1970 ), #797, .F. ) ;
#1020 = EDGE_LOOP ( 'NONE', ( #1286, #808, #2753, #1811 ) ) ;
#1021 = LINE ( 'NONE', #2797, #640 ) ;
#1022 = DIRECTION ( 'NONE',  ( 0.000000000000000000, 0.000000000000000000, 1.000000000000000000 ) ) ;
#1023 = VECTOR ( 'NONE', #416, 1000.000000000000000 ) ;
#1024 = LINE ( 'NONE', #1946, #3417 ) ;
#1025 = ORIENTED_EDGE ( 'NONE', *, *, #2646, .T. ) ;
#1026 = VECTOR ( 'NONE', #3333, 1000.000000000000000 ) ;
#1027 = CARTESIAN_POINT ( 'NONE',  ( -300.0000000000000568, 480.0000000000001137, -200.7987240796890660 ) ) ;
#1028 = VECTOR ( 'NONE', #1937, 1000.000000000000000 ) ;
#1029 = EDGE_LOOP ( 'NONE', ( #3821, #972, #584, #3246 ) ) ;
#1030 = LINE ( 'NONE', #1609, #3533 ) ;
#1031 = CARTESIAN_POINT ( 'NONE',  ( -300.0000000000000568, 580.0000000000000000, -249.9999999999998579 ) ) ;
#1032 = EDGE_LOOP ( 'NONE', ( #2747, #1425, #393, #461 ) ) ;
#1033 = EDGE_CURVE ( 'NONE', #1787, #3953, #1702, .T. ) ;
#1034 = LINE ( 'NONE', #3172, #1774 ) ;
#1035 = DIRECTION ( 'NONE',  ( -0.000000000000000000, -0.000000000000000000, 1.000000000000000000 ) ) ;
#1036 = FACE_OUTER_BOUND ( 'NONE', #2569, .T. ) ;
#1037 = ORIENTED_EDGE ( 'NONE', *, *, #3851, .F. ) ;
#1038 = DIRECTION ( 'NONE',  ( -1.586032892321651989E-16, 0.000000000000000000, -1.000000000000000000 ) ) ;
#1039 = EDGE_CURVE ( 'NONE', #3485, #2012, #3569, .T. ) ;
#1040 = EDGE_CURVE ( 'NONE', #157, #3560, #498, .T. ) ;
#1041 = EDGE_CURVE ( 'NONE', #3649, #2592, #3226, .T. ) ;
#1042 = ORIENTED_EDGE ( 'NONE', *, *, #1123, .F. ) ;
#1043 = CARTESIAN_POINT ( 'NONE',  ( -280.0000000000000000, 580.0000000000000000, -249.9999999999998579 ) ) ;
#1044 = DIRECTION ( 'NONE',  ( -1.000000000000000000, -0.000000000000000000, -0.000000000000000000 ) ) ;
#1045 = AXIS2_PLACEMENT_3D ( 'NONE', #3492, #761, #2939 ) ;
#1046 = EDGE_CURVE ( 'NONE', #1891, #820, #2899, .T. ) ;
#1047 = DIRECTION ( 'NONE',  ( 0.000000000000000000, 1.000000000000000000, 0.000000000000000000 ) ) ;
#1048 = AXIS2_PLACEMENT_3D ( 'NONE', #3557, #2061, #2337 ) ;
#1049 = ORIENTED_EDGE ( 'NONE', *, *, #1929, .F. ) ;
#1050 = FACE_OUTER_BOUND ( 'NONE', #3629, .T. ) ;
#1051 = VERTEX_POINT ( 'NONE', #2617 ) ;
#1052 = DIRECTION ( 'NONE',  ( 1.000000000000000000, 5.947623346206194344E-16, 0.000000000000000000 ) ) ;
#1053 = LINE ( 'NONE', #1372, #2805 ) ;
#1054 = EDGE_LOOP ( 'NONE', ( #292, #613, #2524, #2980 ) ) ;
#1055 = DIRECTION ( 'NONE',  ( 0.000000000000000000, 1.000000000000000000, -0.000000000000000000 ) ) ;
#1056 = PERSON_AND_ORGANIZATION ( #454, #2330 ) ;
#1057 = DIRECTION ( 'NONE',  ( -0.000000000000000000, -0.000000000000000000, -1.000000000000000000 ) ) ;
#1058 = ORIENTED_EDGE ( 'NONE', *, *, #2840, .T. ) ;
#1059 = FACE_OUTER_BOUND ( 'NONE', #3739, .T. ) ;
#1060 = VERTEX_POINT ( 'NONE', #1683 ) ;
#1061 = CARTESIAN_POINT ( 'NONE',  ( -280.0000000000000000, 230.0000000000000568, 49.99999999999987921 ) ) ;
#1062 = CIRCLE ( 'NONE', #735, 431.4904402185522940 ) ;
#1063 = CARTESIAN_POINT ( 'NONE',  ( 300.0000000000001705, 480.0000000000000000, -49.99999999999987921 ) ) ;
#1064 = VECTOR ( 'NONE', #1292, 1000.000000000000000 ) ;
#1065 = DIRECTION ( 'NONE',  ( 3.700743415417192084E-16, 0.000000000000000000, 1.000000000000000000 ) ) ;
#1066 = EDGE_LOOP ( 'NONE', ( #3296, #1192, #2839, #2021 ) ) ;
#1067 = EDGE_CURVE ( 'NONE', #3649, #1503, #2274, .T. ) ;
#1068 = CARTESIAN_POINT ( 'NONE',  ( -280.0000000000000000, 480.0000000000000000, 200.7987240796891797 ) ) ;
#1069 = ADVANCED_FACE ( 'NONE', ( #478 ), #192, .F. ) ;
#1070 = VECTOR ( 'NONE', #3403, 1000.000000000000000 ) ;
#1071 = ORIENTED_EDGE ( 'NONE', *, *, #2689, .F. ) ;
#1072 = CARTESIAN_POINT ( 'NONE',  ( 300.0000000000001705, 230.0000000000000000, -49.99999999999985079 ) ) ;
#1073 = DIRECTION ( 'NONE',  ( 0.000000000000000000, 0.000000000000000000, -1.000000000000000000 ) ) ;
#1074 = LINE ( 'NONE', #143, #419 ) ;
#1075 = ORIENTED_EDGE ( 'NONE', *, *, #822, .T. ) ;
#1076 = LINE ( 'NONE', #2321, #3711 ) ;
#1077 = APPROVAL_STATUS ( 'not_yet_approved' ) ;
#1078 = CARTESIAN_POINT ( 'NONE',  ( 280.0000000000000568, 480.0000000000000000, -49.99999999999987921 ) ) ;
#1079 = ORIENTED_EDGE ( 'NONE', *, *, #2930, .T. ) ;
#1080 = CARTESIAN_POINT ( 'NONE',  ( -25.00000000000000000, 760.0000000000000000, 25.00000000000000000 ) ) ;
#1081 = VERTEX_POINT ( 'NONE', #3863 ) ;
#1082 = LINE ( 'NONE', #3242, #3794 ) ;
#1083 = CARTESIAN_POINT ( 'NONE',  ( 280.0000000000000000, 480.0000000000000000, -299.9999999999998863 ) ) ;
#1084 = DIRECTION ( 'NONE',  ( -0.000000000000000000, -0.000000000000000000, -1.000000000000000000 ) ) ;
#1085 = EDGE_CURVE ( 'NONE', #3849, #3218, #155, .T. ) ;
#1086 = ORIENTED_EDGE ( 'NONE', *, *, #3835, .T. ) ;
#1087 = DIRECTION ( 'NONE',  ( -1.000000000000000000, 0.000000000000000000, 0.000000000000000000 ) ) ;
#1088 = ORIENTED_EDGE ( 'NONE', *, *, #1739, .T. ) ;
#1089 = FACE_OUTER_BOUND ( 'NONE', #2456, .T. ) ;
#1090 = DIRECTION ( 'NONE',  ( -1.000000000000000000, 0.000000000000000000, 0.000000000000000000 ) ) ;
#1091 = VECTOR ( 'NONE', #1120, 1000.000000000000227 ) ;
#1092 = VERTEX_POINT ( 'NONE', #3846 ) ;
#1093 = CARTESIAN_POINT ( 'NONE',  ( -280.0000000000000000, 230.0000000000001137, -200.7987240796891228 ) ) ;
#1094 = EDGE_LOOP ( 'NONE', ( #2951, #363, #177, #3276 ) ) ;
#1095 = EDGE_LOOP ( 'NONE', ( #3008, #3402, #425, #851 ) ) ;
#1096 = CARTESIAN_POINT ( 'NONE',  ( -25.00000000000000711, 760.0000000000000000, -18.00000000000001421 ) ) ;
#1097 = ADVANCED_FACE ( 'NONE', ( #2652, #3880 ), #2978, .F. ) ;
#1098 = ORIENTED_EDGE ( 'NONE', *, *, #1696, .F. ) ;
#1099 = CARTESIAN_POINT ( 'NONE',  ( 0.000000000000000000, -20.00000000000000000, 0.000000000000000000 ) ) ;
#1100 = VECTOR ( 'NONE', #3497, 1000.000000000000000 ) ;
#1101 = CARTESIAN_POINT ( 'NONE',  ( 280.0000000000000000, -20.00000000000000000, -329.9999999999998295 ) ) ;
#1102 = FACE_OUTER_BOUND ( 'NONE', #61, .T. ) ;
#1103 = ORIENTED_EDGE ( 'NONE', *, *, #56, .F. ) ;
#1104 = VECTOR ( 'NONE', #1603, 1000.000000000000000 ) ;
#1105 = DIRECTION ( 'NONE',  ( 0.000000000000000000, 0.000000000000000000, -1.000000000000000000 ) ) ;
#1106 = ORIENTED_EDGE ( 'NONE', *, *, #1846, .T. ) ;
#1107 = VECTOR ( 'NONE', #184, 1000.000000000000000 ) ;
#1108 = PLANE ( 'NONE',  #2512 ) ;
#1109 = EDGE_LOOP ( 'NONE', ( #474, #3352, #1568, #1147 ) ) ;
#1110 = CARTESIAN_POINT ( 'NONE',  ( -300.0000000000000568, 230.0000000000000000, 299.9999999999998295 ) ) ;
#1111 = VERTEX_POINT ( 'NONE', #3509 ) ;
#1112 = CARTESIAN_POINT ( 'NONE',  ( 300.0000000000001137, 600.0000000000000000, 99.99999999999997158 ) ) ;
#1113 = CARTESIAN_POINT ( 'NONE',  ( 300.0000000000000568, 590.0000000000000000, -349.9999999999998863 ) ) ;
#1114 = EDGE_CURVE ( 'NONE', #3953, #2957, #740, .T. ) ;
#1115 = EDGE_CURVE ( 'NONE', #1298, #3860, #1989, .T. ) ;
#1116 = ORIENTED_EDGE ( 'NONE', *, *, #3682, .F. ) ;
#1117 = DIRECTION ( 'NONE',  ( 0.000000000000000000, 1.000000000000000000, 0.000000000000000000 ) ) ;
#1118 = DIRECTION ( 'NONE',  ( 0.000000000000000000, 0.000000000000000000, 1.000000000000000000 ) ) ;
#1119 = EDGE_CURVE ( 'NONE', #2699, #3612, #2313, .T. ) ;
#1120 = DIRECTION ( 'NONE',  ( -0.9063077870366476052, -0.4226182617407042708, 0.000000000000000000 ) ) ;
#1121 = EDGE_LOOP ( 'NONE', ( #977, #3864, #1433, #2710 ) ) ;
#1122 = DIRECTION ( 'NONE',  ( -7.930164461608261179E-17, 1.000000000000000000, 0.000000000000000000 ) ) ;
#1123 = EDGE_CURVE ( 'NONE', #2601, #3233, #778, .T. ) ;
#1124 = VECTOR ( 'NONE', #3344, 1000.000000000000000 ) ;
#1125 = ORIENTED_EDGE ( 'NONE', *, *, #238, .F. ) ;
#1126 = FACE_OUTER_BOUND ( 'NONE', #714, .T. ) ;
#1127 = ORIENTED_EDGE ( 'NONE', *, *, #2737, .F. ) ;
#1128 = DIRECTION ( 'NONE',  ( 2.312964634635743450E-16, 0.000000000000000000, 1.000000000000000000 ) ) ;
#1129 = CARTESIAN_POINT ( 'NONE',  ( 280.0000000000000000, 480.0000000000000000, 200.7987240796891797 ) ) ;
#1130 = VECTOR ( 'NONE', #3438, 1000.000000000000000 ) ;
#1131 = EDGE_LOOP ( 'NONE', ( #547, #1439, #1455, #1576 ) ) ;
#1132 = PLANE ( 'NONE',  #170 ) ;
#1133 = DIRECTION ( 'NONE',  ( 0.000000000000000000, 0.000000000000000000, -1.000000000000000000 ) ) ;
#1134 = ORIENTED_EDGE ( 'NONE', *, *, #1701, .T. ) ;
#1135 = AXIS2_PLACEMENT_3D ( 'NONE', #2415, #284, #3934 ) ;
#1136 = ADVANCED_FACE ( 'NONE', ( #1102 ), #1740, .F. ) ;
#1137 = ORIENTED_EDGE ( 'NONE', *, *, #2495, .T. ) ;
#1138 = LINE ( 'NONE', #516, #1961 ) ;
#1139 = DIRECTION ( 'NONE',  ( -0.000000000000000000, 1.000000000000000000, 0.000000000000000000 ) ) ;
#1140 = DIRECTION ( 'NONE',  ( 0.000000000000000000, -1.110223024625156787E-16, -1.000000000000000000 ) ) ;
#1141 = CARTESIAN_POINT ( 'NONE',  ( 24.99999999999999289, 760.0000000000000000, -25.00000000000000000 ) ) ;
#1142 = ORIENTED_EDGE ( 'NONE', *, *, #1657, .F. ) ;
#1143 = VECTOR ( 'NONE', #3773, 1000.000000000000000 ) ;
#1144 = CARTESIAN_POINT ( 'NONE',  ( 0.000000000000000000, 775.0000000000000000, 0.000000000000000000 ) ) ;
#1145 = ORIENTED_EDGE ( 'NONE', *, *, #2891, .F. ) ;
#1146 = DIRECTION ( 'NONE',  ( -1.000000000000000000, 0.000000000000000000, 0.000000000000000000 ) ) ;
#1147 = ORIENTED_EDGE ( 'NONE', *, *, #3979, .F. ) ;
#1148 = CARTESIAN_POINT ( 'NONE',  ( 25.00000000000000000, 760.0000000000000000, 25.00000000000000000 ) ) ;
#1149 = COORDINATED_UNIVERSAL_TIME_OFFSET ( 5, 30, .AHEAD. ) ;
#1150 = ORIENTED_EDGE ( 'NONE', *, *, #3307, .T. ) ;
#1151 = AXIS2_PLACEMENT_3D ( 'NONE', #274, #2449, #3920 ) ;
#1152 = VERTEX_POINT ( 'NONE', #3366 ) ;
#1153 = LINE ( 'NONE', #2381, #3514 ) ;
#1154 = VERTEX_POINT ( 'NONE', #1436 ) ;
#1155 = CARTESIAN_POINT ( 'NONE',  ( -280.0000000000000000, 0.000000000000000000, -329.9999999999998295 ) ) ;
#1156 = VECTOR ( 'NONE', #1905, 1000.000000000000000 ) ;
#1157 = EDGE_CURVE ( 'NONE', #69, #562, #879, .T. ) ;
#1158 = EDGE_LOOP ( 'NONE', ( #542, #651, #2006, #3357 ) ) ;
#1159 = PLANE ( 'NONE',  #1151 ) ;
#1160 = DIRECTION ( 'NONE',  ( 0.000000000000000000, -0.000000000000000000, 1.000000000000000000 ) ) ;
#1161 = PLANE ( 'NONE',  #1724 ) ;
#1162 = DIRECTION ( 'NONE',  ( 1.000000000000000000, -0.000000000000000000, -0.000000000000000000 ) ) ;
#1163 = ORIENTED_EDGE ( 'NONE', *, *, #2345, .F. ) ;
#1164 = CARTESIAN_POINT ( 'NONE',  ( -300.0000000000000568, 600.0000000000000000, -249.9999999999998579 ) ) ;
#1165 = ADVANCED_FACE ( 'NONE', ( #2693 ), #1822, .T. ) ;
#1166 = EDGE_CURVE ( 'NONE', #2825, #1200, #3345, .T. ) ;
#1167 = ORIENTED_EDGE ( 'NONE', *, *, #1866, .T. ) ;
#1168 = LINE ( 'NONE', #3489, #319 ) ;
#1169 = ORIENTED_EDGE ( 'NONE', *, *, #2760, .T. ) ;
#1170 = DIRECTION ( 'NONE',  ( 1.000000000000000000, -0.000000000000000000, -2.312964634635743450E-16 ) ) ;
#1171 = VECTOR ( 'NONE', #3104, 1000.000000000000000 ) ;
#1172 = ORIENTED_EDGE ( 'NONE', *, *, #3494, .F. ) ;
#1173 = CARTESIAN_POINT ( 'NONE',  ( -280.0000000000000000, 580.0000000000000000, -100.0000000000000000 ) ) ;
#1174 = CARTESIAN_POINT ( 'NONE',  ( 300.0000000000001705, 480.0000000000000000, -49.99999999999987921 ) ) ;
#1175 = ORIENTED_EDGE ( 'NONE', *, *, #2589, .T. ) ;
#1176 = CARTESIAN_POINT ( 'NONE',  ( 300.0000000000001137, 600.0000000000000000, 99.99999999999997158 ) ) ;
#1177 = ORIENTED_EDGE ( 'NONE', *, *, #2942, .F. ) ;
#1178 = DIRECTION ( 'NONE',  ( -1.000000000000000000, -0.000000000000000000, -0.000000000000000000 ) ) ;
#1179 = CARTESIAN_POINT ( 'NONE',  ( 125.0000000000000000, 350.0000000000000000, 330.0000000000001705 ) ) ;
#1180 = LINE ( 'NONE', #2070, #316 ) ;
#1181 = LINE ( 'NONE', #258, #2351 ) ;
#1182 = EDGE_LOOP ( 'NONE', ( #1361, #3775, #903, #863 ) ) ;
#1183 = LINE ( 'NONE', #842, #140 ) ;
#1184 = EDGE_CURVE ( 'NONE', #1775, #2592, #1180, .T. ) ;
#1185 = ORIENTED_EDGE ( 'NONE', *, *, #402, .F. ) ;
#1186 = DIRECTION ( 'NONE',  ( 0.000000000000000000, 0.000000000000000000, -1.000000000000000000 ) ) ;
#1187 = ORIENTED_EDGE ( 'NONE', *, *, #2255, .F. ) ;
#1188 = PLANE ( 'NONE',  #3714 ) ;
#1189 = EDGE_CURVE ( 'NONE', #897, #2957, #239, .T. ) ;
#1190 = VECTOR ( 'NONE', #187, 1000.000000000000000 ) ;
#1191 = ORIENTED_EDGE ( 'NONE', *, *, #1260, .F. ) ;
#1192 = ORIENTED_EDGE ( 'NONE', *, *, #410, .F. ) ;
#1193 = VECTOR ( 'NONE', #1978, 1000.000000000000000 ) ;
#1194 = LINE ( 'NONE', #3356, #3448 ) ;
#1195 = ORIENTED_EDGE ( 'NONE', *, *, #2771, .T. ) ;
#1196 = DIRECTION ( 'NONE',  ( 1.000000000000000000, 0.000000000000000000, 0.000000000000000000 ) ) ;
#1197 = VECTOR ( 'NONE', #1335, 1000.000000000000000 ) ;
#1198 = DIRECTION ( 'NONE',  ( 0.000000000000000000, -1.000000000000000000, 0.000000000000000000 ) ) ;
#1199 = AXIS2_PLACEMENT_3D ( 'NONE', #578, #857, #2998 ) ;
#1200 = VERTEX_POINT ( 'NONE', #1224 ) ;
#1201 = LINE ( 'NONE', #836, #2092 ) ;
#1202 = CARTESIAN_POINT ( 'NONE',  ( 300.0000000000000568, 0.000000000000000000, -1.110223024625157803E-13 ) ) ;
#1203 = CARTESIAN_POINT ( 'NONE',  ( -280.0000000000000000, 480.0000000000001137, -200.7987240796890660 ) ) ;
#1204 = ORIENTED_EDGE ( 'NONE', *, *, #1984, .T. ) ;
#1205 = DIRECTION ( 'NONE',  ( -1.000000000000000000, -0.000000000000000000, -0.000000000000000000 ) ) ;
#1206 = ORIENTED_EDGE ( 'NONE', *, *, #1974, .F. ) ;
#1207 = DIRECTION ( 'NONE',  ( 0.000000000000000000, -1.000000000000000000, -2.220446049250313574E-16 ) ) ;
#1208 = EDGE_CURVE ( 'NONE', #2946, #3099, #1463, .T. ) ;
#1209 = VERTEX_POINT ( 'NONE', #3037 ) ;
#1210 = LINE ( 'NONE', #604, #2746 ) ;
#1211 = ORIENTED_EDGE ( 'NONE', *, *, #1739, .F. ) ;
#1212 = CARTESIAN_POINT ( 'NONE',  ( -300.0000000000000568, 480.0000000000000000, 200.7987240796891797 ) ) ;
#1213 = CARTESIAN_POINT ( 'NONE',  ( 280.0000000000000000, 600.0000000000000000, -249.9999999999998579 ) ) ;
#1214 = EDGE_LOOP ( 'NONE', ( #593, #1496, #2180, #2852 ) ) ;
#1215 = FACE_OUTER_BOUND ( 'NONE', #3712, .T. ) ;
#1216 = EDGE_CURVE ( 'NONE', #3099, #85, #2431, .T. ) ;
#1217 = AXIS2_PLACEMENT_3D ( 'NONE', #2573, #134, #3566 ) ;
#1218 = DIRECTION ( 'NONE',  ( 0.000000000000000000, 0.000000000000000000, -1.000000000000000000 ) ) ;
#1219 = EDGE_LOOP ( 'NONE', ( #2358, #329, #262, #3229, #2943, #754 ) ) ;
#1220 = LINE ( 'NONE', #2129, #1639 ) ;
#1221 = VECTOR ( 'NONE', #3630, 1000.000000000000000 ) ;
#1222 = ADVANCED_FACE ( 'NONE', ( #2405 ), #1161, .T. ) ;
#1223 = LOCAL_TIME ( 18, 22, 15.00000000000000000, #527 ) ;
#1224 = CARTESIAN_POINT ( 'NONE',  ( 280.0000000000000000, 591.3529742916117584, -320.0919497091388735 ) ) ;
#1225 = CARTESIAN_POINT ( 'NONE',  ( 0.000000000000000000, 0.000000000000000000, 450.0000000000001705 ) ) ;
#1226 = DIRECTION ( 'NONE',  ( 1.000000000000000000, 0.000000000000000000, 0.000000000000000000 ) ) ;
#1227 = CARTESIAN_POINT ( 'NONE',  ( -300.0000000000000568, 480.0000000000000000, -49.99999999999987921 ) ) ;
#1228 = ORIENTED_EDGE ( 'NONE', *, *, #102, .F. ) ;
#1229 = CARTESIAN_POINT ( 'NONE',  ( -300.0000000000000568, 600.0000000000000000, -349.9999999999998863 ) ) ;
#1230 = VECTOR ( 'NONE', #636, 1000.000000000000000 ) ;
#1231 = EDGE_LOOP ( 'NONE', ( #2414, #2270, #3601, #2014, #2054, #182 ) ) ;
#1232 = DIRECTION ( 'NONE',  ( 1.387778780781445676E-16, 0.000000000000000000, 1.000000000000000000 ) ) ;
#1233 = CARTESIAN_POINT ( 'NONE',  ( -280.0000000000000000, -20.00000000000000000, -249.9999999999998579 ) ) ;
#1234 = VERTEX_POINT ( 'NONE', #2997 ) ;
#1235 = DIRECTION ( 'NONE',  ( 1.000000000000000000, 0.000000000000000000, -1.586032892321651989E-16 ) ) ;
#1236 = VECTOR ( 'NONE', #191, 1000.000000000000000 ) ;
#1237 = LINE ( 'NONE', #935, #1922 ) ;
#1238 = ORIENTED_EDGE ( 'NONE', *, *, #2848, .T. ) ;
#1239 = AXIS2_PLACEMENT_3D ( 'NONE', #1914, #1013, #1894 ) ;
#1240 = CARTESIAN_POINT ( 'NONE',  ( -280.0000000000000000, 580.0000000000000000, -249.9999999999998579 ) ) ;
#1241 = ADVANCED_FACE ( 'NONE', ( #839 ), #275, .F. ) ;
#1242 = EDGE_CURVE ( 'NONE', #2238, #867, #2755, .T. ) ;
#1243 = CARTESIAN_POINT ( 'NONE',  ( -125.0000000000000000, 350.0000000000000000, 180.0000000000001990 ) ) ;
#1244 = LINE ( 'NONE', #1203, #1964 ) ;
#1245 = LINE ( 'NONE', #340, #1171 ) ;
#1246 = CARTESIAN_POINT ( 'NONE',  ( 300.0000000000000568, 600.0000000000000000, -349.9999999999999432 ) ) ;
#1247 = EDGE_LOOP ( 'NONE', ( #3826, #2136, #3954, #3572 ) ) ;
#1248 = CARTESIAN_POINT ( 'NONE',  ( 280.0000000000001137, 580.0000000000000000, 249.9999999999998579 ) ) ;
#1249 = ORIENTED_EDGE ( 'NONE', *, *, #891, .F. ) ;
#1250 = CARTESIAN_POINT ( 'NONE',  ( 300.0000000000001705, 580.0000000000000000, 249.9999999999998579 ) ) ;
#1251 = FACE_OUTER_BOUND ( 'NONE', #1994, .T. ) ;
#1252 = EDGE_LOOP ( 'NONE', ( #905, #2444, #2940, #2542, #2656, #2906 ) ) ;
#1253 = VECTOR ( 'NONE', #1939, 1000.000000000000227 ) ;
#1254 = FACE_OUTER_BOUND ( 'NONE', #3593, .T. ) ;
#1255 = CARTESIAN_POINT ( 'NONE',  ( 300.0000000000001705, 600.0000000000000000, 249.9999999999998579 ) ) ;
#1256 = DIRECTION ( 'NONE',  ( 0.000000000000000000, 1.000000000000000000, -1.110223024625156787E-16 ) ) ;
#1257 = AXIS2_PLACEMENT_3D ( 'NONE', #607, #4, #2185 ) ;
#1258 = VERTEX_POINT ( 'NONE', #1499 ) ;
#1259 = CARTESIAN_POINT ( 'NONE',  ( 280.0000000000000000, -19.99999999999998934, -299.9999999999997726 ) ) ;
#1260 = EDGE_CURVE ( 'NONE', #2957, #2664, #3625, .T. ) ;
#1261 = VECTOR ( 'NONE', #2767, 1000.000000000000000 ) ;
#1262 = AXIS2_PLACEMENT_3D ( 'NONE', #2729, #1235, #933 ) ;
#1263 = DIRECTION ( 'NONE',  ( 0.000000000000000000, -1.000000000000000000, -0.000000000000000000 ) ) ;
#1264 = CARTESIAN_POINT ( 'NONE',  ( 280.0000000000001137, 590.0000000000000000, -329.9999999999998295 ) ) ;
#1265 = FACE_BOUND ( 'NONE', #3425, .T. ) ;
#1266 = LINE ( 'NONE', #682, #1156 ) ;
#1267 = VERTEX_POINT ( 'NONE', #536 ) ;
#1268 = LINE ( 'NONE', #1927, #943 ) ;
#1269 = ADVANCED_FACE ( 'NONE', ( #856 ), #1785, .T. ) ;
#1270 = AXIS2_PLACEMENT_3D ( 'NONE', #2300, #3231, #2259 ) ;
#1271 = ORIENTED_EDGE ( 'NONE', *, *, #3089, .F. ) ;
#1272 = FACE_BOUND ( 'NONE', #2504, .T. ) ;
#1273 = DIRECTION ( 'NONE',  ( 1.000000000000000000, 0.000000000000000000, -1.586032892321651989E-16 ) ) ;
#1274 = ORIENTED_EDGE ( 'NONE', *, *, #2424, .F. ) ;
#1275 = DIRECTION ( 'NONE',  ( -0.000000000000000000, 1.000000000000000000, -0.000000000000000000 ) ) ;
#1276 = CARTESIAN_POINT ( 'NONE',  ( -280.0000000000000000, 230.0000000000000000, -299.9999999999998295 ) ) ;
#1277 = DIRECTION ( 'NONE',  ( -1.000000000000000000, 0.000000000000000000, -0.000000000000000000 ) ) ;
#1278 = ORIENTED_EDGE ( 'NONE', *, *, #788, .T. ) ;
#1279 = DIRECTION ( 'NONE',  ( -3.521700469736659924E-32, 1.000000000000000000, -2.220446049250313574E-16 ) ) ;
#1280 = ADVANCED_FACE ( 'NONE', ( #920 ), #618, .T. ) ;
#1281 = EDGE_LOOP ( 'NONE', ( #3152, #3897, #969, #3676 ) ) ;
#1282 = FACE_OUTER_BOUND ( 'NONE', #2139, .T. ) ;
#1283 = VECTOR ( 'NONE', #660, 1000.000000000000000 ) ;
#1284 = DIRECTION ( 'NONE',  ( -1.586032892321651989E-16, 0.000000000000000000, -1.000000000000000000 ) ) ;
#1285 = DIRECTION ( 'NONE',  ( -1.000000000000000000, -0.000000000000000000, -0.000000000000000000 ) ) ;
#1286 = ORIENTED_EDGE ( 'NONE', *, *, #1450, .F. ) ;
#1287 = EDGE_CURVE ( 'NONE', #485, #897, #900, .T. ) ;
#1288 = CARTESIAN_POINT ( 'NONE',  ( -280.0000000000000000, -20.00000000000014566, 299.9999999999997158 ) ) ;
#1289 = EDGE_CURVE ( 'NONE', #2587, #2479, #3017, .T. ) ;
#1290 = ORIENTED_EDGE ( 'NONE', *, *, #3089, .T. ) ;
#1291 = DIRECTION ( 'NONE',  ( 0.000000000000000000, 0.000000000000000000, -1.000000000000000000 ) ) ;
#1292 = DIRECTION ( 'NONE',  ( 0.000000000000000000, -1.000000000000000000, 0.000000000000000000 ) ) ;
#1293 = EDGE_LOOP ( 'NONE', ( #3933, #2412, #690, #53 ) ) ;
#1294 = VECTOR ( 'NONE', #3136, 1000.000000000000000 ) ;
#1295 = CARTESIAN_POINT ( 'NONE',  ( 125.0000000000000284, -1.540743955509788682E-29, 350.0000000000002274 ) ) ;
#1296 = CARTESIAN_POINT ( 'NONE',  ( -300.0000000000000568, -20.00000000000000000, -329.9999999999998295 ) ) ;
#1297 = LINE ( 'NONE', #3760, #3248 ) ;
#1298 = VERTEX_POINT ( 'NONE', #215 ) ;
#1299 = DIRECTION ( 'NONE',  ( -0.000000000000000000, -0.000000000000000000, -1.000000000000000000 ) ) ;
#1300 = VECTOR ( 'NONE', #1987, 1000.000000000000000 ) ;
#1301 = VECTOR ( 'NONE', #2584, 1000.000000000000000 ) ;
#1302 = ORIENTED_EDGE ( 'NONE', *, *, #3806, .F. ) ;
#1303 = DIRECTION ( 'NONE',  ( 0.000000000000000000, -1.000000000000000000, 1.110223024625156787E-16 ) ) ;
#1304 = DIRECTION ( 'NONE',  ( -0.000000000000000000, -2.220446049250313574E-16, 1.000000000000000000 ) ) ;
#1305 = CARTESIAN_POINT ( 'NONE',  ( -300.0000000000000568, 600.0000000000000000, 350.0000000000002274 ) ) ;
#1306 = ORIENTED_EDGE ( 'NONE', *, *, #3360, .F. ) ;
#1307 = LINE ( 'NONE', #3713, #2872 ) ;
#1308 = ADVANCED_FACE ( 'NONE', ( #257 ), #3486, .T. ) ;
#1309 = ORIENTED_EDGE ( 'NONE', *, *, #1041, .T. ) ;
#1310 = CARTESIAN_POINT ( 'NONE',  ( -32.99999999999998579, 768.0000000000000000, 18.00000000000002132 ) ) ;
#1311 = DIRECTION ( 'NONE',  ( 1.387778780781445676E-16, 0.000000000000000000, 1.000000000000000000 ) ) ;
#1312 = VERTEX_POINT ( 'NONE', #981 ) ;
#1313 = ADVANCED_FACE ( 'NONE', ( #1558 ), #3705, .F. ) ;
#1314 = LINE ( 'NONE', #486, #2165 ) ;
#1315 = CARTESIAN_POINT ( 'NONE',  ( 128.6725404957846308, 600.0000000000000000, -99.99999999999997158 ) ) ;
#1316 = PLANE ( 'NONE',  #3799 ) ;
#1317 = VERTEX_POINT ( 'NONE', #2211 ) ;
#1318 = FACE_OUTER_BOUND ( 'NONE', #2064, .T. ) ;
#1319 = VECTOR ( 'NONE', #2870, 1000.000000000000000 ) ;
#1320 = VERTEX_POINT ( 'NONE', #3427 ) ;
#1321 = LINE ( 'NONE', #379, #3859 ) ;
#1322 = CARTESIAN_POINT ( 'NONE',  ( -30.00000000000000000, 301.9999999999999432, 0.000000000000000000 ) ) ;
#1323 = AXIS2_PLACEMENT_3D ( 'NONE', #2908, #1999, #806 ) ;
#1324 = CARTESIAN_POINT ( 'NONE',  ( -125.0000000000000284, -20.00000000000001421, 330.0000000000001705 ) ) ;
#1325 = EDGE_CURVE ( 'NONE', #955, #3928, #717, .T. ) ;
#1326 = VECTOR ( 'NONE', #2396, 1000.000000000000000 ) ;
#1327 = ORIENTED_EDGE ( 'NONE', *, *, #2464, .F. ) ;
#1328 = FACE_OUTER_BOUND ( 'NONE', #1032, .T. ) ;
#1329 = ADVANCED_FACE ( 'NONE', ( #961 ), #2231, .T. ) ;
#1330 = ORIENTED_EDGE ( 'NONE', *, *, #951, .F. ) ;
#1331 = EDGE_CURVE ( 'NONE', #1638, #955, #3408, .T. ) ;
#1332 = FACE_OUTER_BOUND ( 'NONE', #803, .T. ) ;
#1333 = DIRECTION ( 'NONE',  ( 0.000000000000000000, 0.000000000000000000, -1.000000000000000000 ) ) ;
#1334 = ORIENTED_EDGE ( 'NONE', *, *, #1963, .F. ) ;
#1335 = DIRECTION ( 'NONE',  ( 1.000000000000000000, -0.000000000000000000, -0.000000000000000000 ) ) ;
#1336 = CARTESIAN_POINT ( 'NONE',  ( -125.0000000000000284, -1.540743955509788682E-29, 350.0000000000002274 ) ) ;
#1337 = CARTESIAN_POINT ( 'NONE',  ( 300.0000000000001705, 600.0000000000000000, -249.9999999999998579 ) ) ;
#1338 = ORIENTED_EDGE ( 'NONE', *, *, #3985, .T. ) ;
#1339 = DIRECTION ( 'NONE',  ( 0.000000000000000000, 1.000000000000000000, 0.000000000000000000 ) ) ;
#1340 = EDGE_CURVE ( 'NONE', #2106, #980, #1862, .T. ) ;
#1341 = ORIENTED_EDGE ( 'NONE', *, *, #1340, .F. ) ;
#1342 = DIRECTION ( 'NONE',  ( 1.000000000000000000, 0.000000000000000000, 0.000000000000000000 ) ) ;
#1343 = EDGE_CURVE ( 'NONE', #955, #270, #338, .T. ) ;
#1344 = LINE ( 'NONE', #1101, #591 ) ;
#1345 = EDGE_CURVE ( 'NONE', #1154, #3658, #639, .T. ) ;
#1346 = VECTOR ( 'NONE', #1065, 1000.000000000000000 ) ;
#1347 = CARTESIAN_POINT ( 'NONE',  ( 300.0000000000001705, 480.0000000000000000, 200.7987240796891797 ) ) ;
#1348 = ORIENTED_EDGE ( 'NONE', *, *, #2004, .T. ) ;
#1349 = AXIS2_PLACEMENT_3D ( 'NONE', #1504, #1186, #15 ) ;
#1350 = DIRECTION ( 'NONE',  ( -1.000000000000000000, 0.000000000000000000, 0.000000000000000000 ) ) ;
#1351 = VERTEX_POINT ( 'NONE', #3080 ) ;
#1352 = FACE_OUTER_BOUND ( 'NONE', #3570, .T. ) ;
#1353 = LOCAL_TIME ( 18, 22, 15.00000000000000000, #1149 ) ;
#1354 = LINE ( 'NONE', #749, #679 ) ;
#1355 = CARTESIAN_POINT ( 'NONE',  ( -280.0000000000000000, -20.00000000000000000, 330.0000000000001705 ) ) ;
#1356 = DIRECTION ( 'NONE',  ( 1.000000000000000000, 0.000000000000000000, 0.000000000000000000 ) ) ;
#1357 = PLANE ( 'NONE',  #2600 ) ;
#1358 = EDGE_LOOP ( 'NONE', ( #582, #2334, #168, #1711 ) ) ;
#1359 = LINE ( 'NONE', #1983, #2927 ) ;
#1360 = EDGE_CURVE ( 'NONE', #1789, #2157, #1903, .T. ) ;
#1361 = ORIENTED_EDGE ( 'NONE', *, *, #1392, .T. ) ;
#1362 = CARTESIAN_POINT ( 'NONE',  ( 300.0000000000000568, 590.0000000000000000, -349.9999999999998863 ) ) ;
#1363 = EDGE_CURVE ( 'NONE', #2538, #421, #1321, .T. ) ;
#1364 = DIRECTION ( 'NONE',  ( -0.000000000000000000, -1.000000000000000000, -0.000000000000000000 ) ) ;
#1365 = AXIS2_PLACEMENT_3D ( 'NONE', #661, #2779, #1284 ) ;
#1366 = DIRECTION ( 'NONE',  ( 0.000000000000000000, -0.000000000000000000, -1.000000000000000000 ) ) ;
#1367 = VERTEX_POINT ( 'NONE', #3466 ) ;
#1368 = LINE ( 'NONE', #2578, #3622 ) ;
#1369 = ORIENTED_EDGE ( 'NONE', *, *, #3890, .T. ) ;
#1370 = PLANE ( 'NONE',  #2171 ) ;
#1371 = CARTESIAN_POINT ( 'NONE',  ( -280.0000000000000000, 600.0000000000000000, -249.9999999999998579 ) ) ;
#1372 = CARTESIAN_POINT ( 'NONE',  ( -280.0000000000000000, 580.0000000000000000, 249.9999999999998579 ) ) ;
#1373 = CARTESIAN_POINT ( 'NONE',  ( -481.2615574073295761, 505.4763476518591006, -349.9999999999998863 ) ) ;
#1374 = PERSON_AND_ORGANIZATION ( #454, #2330 ) ;
#1375 = FACE_OUTER_BOUND ( 'NONE', #1916, .T. ) ;
#1376 = ORIENTED_EDGE ( 'NONE', *, *, #82, .T. ) ;
#1377 = DIRECTION ( 'NONE',  ( -1.000000000000000000, -0.000000000000000000, 0.000000000000000000 ) ) ;
#1378 = EDGE_CURVE ( 'NONE', #2854, #2427, #1021, .T. ) ;
#1379 = ORIENTED_EDGE ( 'NONE', *, *, #1289, .T. ) ;
#1380 = CARTESIAN_POINT ( 'NONE',  ( 280.0000000000001137, -20.00000000000000000, 330.0000000000001705 ) ) ;
#1381 = AXIS2_PLACEMENT_3D ( 'NONE', #2422, #870, #269 ) ;
#1382 = CARTESIAN_POINT ( 'NONE',  ( 300.0000000000001705, 0.000000000000000000, -1.110223024625158307E-13 ) ) ;
#1383 = VECTOR ( 'NONE', #216, 1000.000000000000000 ) ;
#1384 = CARTESIAN_POINT ( 'NONE',  ( 0.000000000000000000, 730.0000000000000000, 0.000000000000000000 ) ) ;
#1385 = VERTEX_POINT ( 'NONE', #11 ) ;
#1386 = CARTESIAN_POINT ( 'NONE',  ( 280.0000000000001137, 599.9999999999998863, 330.0000000000001705 ) ) ;
#1387 = VECTOR ( 'NONE', #276, 1000.000000000000000 ) ;
#1388 = VERTEX_POINT ( 'NONE', #2819 ) ;
#1389 = DIRECTION ( 'NONE',  ( -1.000000000000000000, -0.000000000000000000, -0.000000000000000000 ) ) ;
#1390 = DIRECTION ( 'NONE',  ( -1.000000000000000000, 0.000000000000000000, 0.000000000000000000 ) ) ;
#1391 = CARTESIAN_POINT ( 'NONE',  ( 66.87817782917161935, 768.0000000000000000, -18.00000000000001066 ) ) ;
#1392 = EDGE_CURVE ( 'NONE', #351, #3518, #3119, .T. ) ;
#1393 = LINE ( 'NONE', #2304, #1107 ) ;
#1394 = VERTEX_POINT ( 'NONE', #1600 ) ;
#1395 = ORIENTED_EDGE ( 'NONE', *, *, #3142, .F. ) ;
#1396 = CARTESIAN_POINT ( 'NONE',  ( -280.0000000000000000, -20.00000000000000000, -349.9999999999998863 ) ) ;
#1397 = ORIENTED_EDGE ( 'NONE', *, *, #1918, .T. ) ;
#1398 = LINE ( 'NONE', #776, #2190 ) ;
#1399 = DIRECTION ( 'NONE',  ( -0.000000000000000000, 1.000000000000000000, -0.000000000000000000 ) ) ;
#1400 = EDGE_CURVE ( 'NONE', #1589, #85, #2471, .T. ) ;
#1401 = DIRECTION ( 'NONE',  ( 0.000000000000000000, 0.000000000000000000, 1.000000000000000000 ) ) ;
#1402 = EDGE_LOOP ( 'NONE', ( #2262, #1088, #3069, #3157 ) ) ;
#1403 = DIRECTION ( 'NONE',  ( -1.000000000000000000, -0.000000000000000000, 0.000000000000000000 ) ) ;
#1404 = ADVANCED_FACE ( 'NONE', ( #941 ), #2176, .T. ) ;
#1405 = ORIENTED_EDGE ( 'NONE', *, *, #3006, .F. ) ;
#1406 = DIRECTION ( 'NONE',  ( -1.000000000000000000, 0.000000000000000000, 0.000000000000000000 ) ) ;
#1407 = ADVANCED_FACE ( 'NONE', ( #1000 ), #3726, .T. ) ;
#1408 = VECTOR ( 'NONE', #1763, 1000.000000000000000 ) ;
#1409 = ORIENTED_EDGE ( 'NONE', *, *, #324, .F. ) ;
#1410 = DIRECTION ( 'NONE',  ( 2.312964634635742957E-16, 0.000000000000000000, 1.000000000000000000 ) ) ;
#1411 = ADVANCED_FACE ( 'NONE', ( #1282 ), #2514, .T. ) ;
#1412 = ORIENTED_EDGE ( 'NONE', *, *, #2081, .F. ) ;
#1413 = LINE ( 'NONE', #568, #3776 ) ;
#1414 = CARTESIAN_POINT ( 'NONE',  ( -280.0000000000000000, -19.99999999999996447, -49.99999999999982236 ) ) ;
#1415 = VERTEX_POINT ( 'NONE', #3805 ) ;
#1416 = LINE ( 'NONE', #3878, #510 ) ;
#1417 = PLANE ( 'NONE',  #2850 ) ;
#1418 = CARTESIAN_POINT ( 'NONE',  ( 300.0000000000001705, 480.0000000000000000, -299.9999999999998863 ) ) ;
#1419 = ORIENTED_EDGE ( 'NONE', *, *, #2290, .F. ) ;
#1420 = VECTOR ( 'NONE', #2650, 1000.000000000000000 ) ;
#1421 = LINE ( 'NONE', #1649, #337 ) ;
#1422 = VERTEX_POINT ( 'NONE', #2289 ) ;
#1423 = AXIS2_PLACEMENT_3D ( 'NONE', #331, #1139, #1160 ) ;
#1424 = DIRECTION ( 'NONE',  ( -1.586032892321651989E-16, 0.000000000000000000, -1.000000000000000000 ) ) ;
#1425 = ORIENTED_EDGE ( 'NONE', *, *, #3464, .T. ) ;
#1426 = EDGE_CURVE ( 'NONE', #3499, #3931, #496, .T. ) ;
#1427 = CARTESIAN_POINT ( 'NONE',  ( -280.0000000000000000, 600.0000000000000000, -249.9999999999998579 ) ) ;
#1428 = PERSON_AND_ORGANIZATION_ROLE ( 'creator' ) ;
#1429 = VERTEX_POINT ( 'NONE', #1061 ) ;
#1430 = CARTESIAN_POINT ( 'NONE',  ( -30.00000000000000000, 730.0000000000000000, -30.00000000000001776 ) ) ;
#1431 = CARTESIAN_POINT ( 'NONE',  ( 66.87817782917161935, 760.0000000000000000, -18.00000000000002132 ) ) ;
#1432 = VERTEX_POINT ( 'NONE', #152 ) ;
#1433 = ORIENTED_EDGE ( 'NONE', *, *, #3851, .T. ) ;
#1434 = DIRECTION ( 'NONE',  ( 1.000000000000000000, -0.000000000000000000, -0.000000000000000000 ) ) ;
#1435 = DIRECTION ( 'NONE',  ( 0.000000000000000000, -0.000000000000000000, 1.000000000000000000 ) ) ;
#1436 = CARTESIAN_POINT ( 'NONE',  ( -280.0000000000000000, 580.0000000000000000, -100.0000000000000000 ) ) ;
#1437 = DIRECTION ( 'NONE',  ( -1.387778780781445676E-16, -0.000000000000000000, -1.000000000000000000 ) ) ;
#1438 = VECTOR ( 'NONE', #1339, 1000.000000000000000 ) ;
#1439 = ORIENTED_EDGE ( 'NONE', *, *, #1807, .F. ) ;
#1440 = PLANE ( 'NONE',  #2138 ) ;
#1441 = VECTOR ( 'NONE', #650, 1000.000000000000000 ) ;
#1442 = EDGE_LOOP ( 'NONE', ( #3723, #3073, #2972, #1666 ) ) ;
#1443 = DIRECTION ( 'NONE',  ( 0.000000000000000000, -0.000000000000000000, -1.000000000000000000 ) ) ;
#1444 = VERTEX_POINT ( 'NONE', #1943 ) ;
#1445 = LINE ( 'NONE', #906, #1326 ) ;
#1446 = APPROVAL_DATE_TIME ( #223, #3795 ) ;
#1447 = CC_DESIGN_PERSON_AND_ORGANIZATION_ASSIGNMENT ( #3576, #3235, ( #2585 ) ) ;
#1448 = VECTOR ( 'NONE', #809, 1000.000000000000000 ) ;
#1449 = AXIS2_PLACEMENT_3D ( 'NONE', #2640, #506, #3870 ) ;
#1450 = EDGE_CURVE ( 'NONE', #2658, #2592, #1416, .T. ) ;
#1451 = ORIENTED_EDGE ( 'NONE', *, *, #3095, .F. ) ;
#1452 = EDGE_CURVE ( 'NONE', #3047, #1422, #1398, .T. ) ;
#1453 = ORIENTED_EDGE ( 'NONE', *, *, #2134, .T. ) ;
#1454 = DIRECTION ( 'NONE',  ( -1.000000000000000000, -0.000000000000000000, -0.000000000000000000 ) ) ;
#1455 = ORIENTED_EDGE ( 'NONE', *, *, #1085, .F. ) ;
#1456 = VECTOR ( 'NONE', #3375, 1000.000000000000227 ) ;
#1457 = LINE ( 'NONE', #3918, #1705 ) ;
#1458 = AXIS2_PLACEMENT_3D ( 'NONE', #2317, #443, #1976 ) ;
#1459 = ORIENTED_EDGE ( 'NONE', *, *, #2529, .F. ) ;
#1460 = DIRECTION ( 'NONE',  ( -1.387778780781445676E-16, 0.000000000000000000, -1.000000000000000000 ) ) ;
#1461 = ADVANCED_FACE ( 'NONE', ( #1718 ), #2629, .F. ) ;
#1462 = CARTESIAN_POINT ( 'NONE',  ( 24.99999999999999289, 760.0000000000000000, -25.00000000000000000 ) ) ;
#1463 = LINE ( 'NONE', #3386, #1408 ) ;
#1464 = LINE ( 'NONE', #3927, #2102 ) ;
#1465 = VERTEX_POINT ( 'NONE', #115 ) ;
#1466 = CARTESIAN_POINT ( 'NONE',  ( 300.0000000000001705, 480.0000000000000000, -299.9999999999997726 ) ) ;
#1467 = ORIENTED_EDGE ( 'NONE', *, *, #2232, .T. ) ;
#1468 = DIRECTION ( 'NONE',  ( 1.000000000000000000, 0.000000000000000000, 0.000000000000000000 ) ) ;
#1469 = ORIENTED_EDGE ( 'NONE', *, *, #2529, .T. ) ;
#1470 = DIRECTION ( 'NONE',  ( 1.586032892321651989E-16, 0.000000000000000000, 1.000000000000000000 ) ) ;
#1471 = ORIENTED_EDGE ( 'NONE', *, *, #2320, .T. ) ;
#1472 = VECTOR ( 'NONE', #1920, 1000.000000000000000 ) ;
#1473 = VERTEX_POINT ( 'NONE', #757 ) ;
#1474 = CARTESIAN_POINT ( 'NONE',  ( 0.000000000000000000, 745.6259685816419278, -30.00000000000001776 ) ) ;
#1475 = VERTEX_POINT ( 'NONE', #1043 ) ;
#1476 = CARTESIAN_POINT ( 'NONE',  ( 300.0000000000000568, 600.0000000000000000, -249.9999999999998579 ) ) ;
#1477 = VECTOR ( 'NONE', #1207, 1000.000000000000000 ) ;
#1478 = VERTEX_POINT ( 'NONE', #1986 ) ;
#1479 = CARTESIAN_POINT ( 'NONE',  ( 481.2615574073296898, 505.4763476518592142, -349.9999999999998863 ) ) ;
#1480 = CARTESIAN_POINT ( 'NONE',  ( 30.00000000000001421, 770.0000000000000000, -30.00000000000001776 ) ) ;
#1481 = DIRECTION ( 'NONE',  ( 0.000000000000000000, 1.734723475976805517E-15, -1.000000000000000000 ) ) ;
#1482 = EDGE_CURVE ( 'NONE', #1209, #910, #2344, .T. ) ;
#1483 = CARTESIAN_POINT ( 'NONE',  ( -125.0000000000000000, 350.0000000000000000, 450.0000000000001705 ) ) ;
#1484 = ORIENTED_EDGE ( 'NONE', *, *, #473, .T. ) ;
#1485 = CARTESIAN_POINT ( 'NONE',  ( -280.0000000000000000, -20.00000000000000000, -349.9999999999998863 ) ) ;
#1486 = EDGE_LOOP ( 'NONE', ( #119, #194, #189, #3917 ) ) ;
#1487 = DIRECTION ( 'NONE',  ( 0.000000000000000000, -1.000000000000000000, 1.110223024625156787E-16 ) ) ;
#1488 = ORIENTED_EDGE ( 'NONE', *, *, #1208, .T. ) ;
#1489 = DIRECTION ( 'NONE',  ( 0.000000000000000000, 1.000000000000000000, 0.000000000000000000 ) ) ;
#1490 = AXIS2_PLACEMENT_3D ( 'NONE', #2820, #2473, #380 ) ;
#1491 = EDGE_LOOP ( 'NONE', ( #1942, #3406, #790, #147 ) ) ;
#1492 = VERTEX_POINT ( 'NONE', #2271 ) ;
#1493 = CARTESIAN_POINT ( 'NONE',  ( -25.00000000000000355, 760.0000000000000000, 18.00000000000001776 ) ) ;
#1494 = ORIENTED_EDGE ( 'NONE', *, *, #2026, .T. ) ;
#1495 = CARTESIAN_POINT ( 'NONE',  ( -125.0000000000000284, 0.000000000000000000, 350.0000000000002274 ) ) ;
#1496 = ORIENTED_EDGE ( 'NONE', *, *, #2400, .F. ) ;
#1497 = CARTESIAN_POINT ( 'NONE',  ( -280.0000000000000000, 230.0000000000001137, -200.7987240796891228 ) ) ;
#1498 = EDGE_CURVE ( 'NONE', #1465, #1152, #2613, .T. ) ;
#1499 = CARTESIAN_POINT ( 'NONE',  ( -25.00000000000000000, 760.0000000000000000, 25.00000000000000000 ) ) ;
#1500 = LINE ( 'NONE', #3058, #3841 ) ;
#1501 = ORIENTED_EDGE ( 'NONE', *, *, #2428, .T. ) ;
#1502 = DIRECTION ( 'NONE',  ( -0.000000000000000000, 1.000000000000000000, 0.000000000000000000 ) ) ;
#1503 = VERTEX_POINT ( 'NONE', #3507 ) ;
#1504 = CARTESIAN_POINT ( 'NONE',  ( 300.0000000000001705, 600.0000000000000000, 100.0000000000000000 ) ) ;
#1505 = ORIENTED_EDGE ( 'NONE', *, *, #1868, .T. ) ;
#1506 = EDGE_CURVE ( 'NONE', #1415, #1111, #190, .T. ) ;
#1507 = CARTESIAN_POINT ( 'NONE',  ( 300.0000000000001705, 600.0000000000000000, 100.0000000000000000 ) ) ;
#1508 = VECTOR ( 'NONE', #3724, 1000.000000000000000 ) ;
#1509 = ORIENTED_EDGE ( 'NONE', *, *, #3974, .T. ) ;
#1510 = LINE ( 'NONE', #1212, #886 ) ;
#1511 = LINE ( 'NONE', #668, #164 ) ;
#1512 = EDGE_CURVE ( 'NONE', #3953, #2314, #2007, .T. ) ;
#1513 = ORIENTED_EDGE ( 'NONE', *, *, #866, .T. ) ;
#1514 = DIRECTION ( 'NONE',  ( 0.000000000000000000, -1.000000000000000000, -1.110223024625156787E-16 ) ) ;
#1515 = VECTOR ( 'NONE', #1874, 1000.000000000000000 ) ;
#1516 = ADVANCED_FACE ( 'NONE', ( #457 ), #1966, .T. ) ;
#1517 = LINE ( 'NONE', #3423, #303 ) ;
#1518 = VECTOR ( 'NONE', #1869, 1000.000000000000000 ) ;
#1519 = EDGE_LOOP ( 'NONE', ( #2559, #3025, #3734, #663 ) ) ;
#1520 = CARTESIAN_POINT ( 'NONE',  ( 280.0000000000000000, 600.0000000000000000, -249.9999999999998579 ) ) ;
#1521 = DIRECTION ( 'NONE',  ( 0.000000000000000000, 0.000000000000000000, -1.000000000000000000 ) ) ;
#1522 = CARTESIAN_POINT ( 'NONE',  ( 280.0000000000000568, 600.0000000000000000, -100.0000000000000000 ) ) ;
#1523 = CYLINDRICAL_SURFACE ( 'NONE', #2268, 444.6391795602361867 ) ;
#1524 = DIRECTION ( 'NONE',  ( -1.000000000000000000, -0.000000000000000000, -0.000000000000000000 ) ) ;
#1525 = ORIENTED_EDGE ( 'NONE', *, *, #3703, .F. ) ;
#1526 = CARTESIAN_POINT ( 'NONE',  ( 128.6725404957846308, 580.0000000000000000, -99.99999999999997158 ) ) ;
#1527 = EDGE_CURVE ( 'NONE', #2861, #1351, #2874, .T. ) ;
#1528 = VERTEX_POINT ( 'NONE', #1643 ) ;
#1529 = LINE ( 'NONE', #2786, #1967 ) ;
#1530 = LINE ( 'NONE', #3977, #1575 ) ;
#1531 = ORIENTED_EDGE ( 'NONE', *, *, #523, .F. ) ;
#1532 = EDGE_CURVE ( 'NONE', #3269, #1563, #3260, .T. ) ;
#1533 = DIRECTION ( 'NONE',  ( 0.000000000000000000, -1.000000000000000000, 0.000000000000000000 ) ) ;
#1534 = VECTOR ( 'NONE', #3203, 1000.000000000000000 ) ;
#1535 = DIRECTION ( 'NONE',  ( 0.000000000000000000, 0.000000000000000000, -1.000000000000000000 ) ) ;
#1536 = EDGE_LOOP ( 'NONE', ( #401, #456, #2284, #2991 ) ) ;
#1537 = LINE ( 'NONE', #638, #3059 ) ;
#1538 = VECTOR ( 'NONE', #1646, 1000.000000000000000 ) ;
#1539 = EDGE_CURVE ( 'NONE', #1638, #1016, #1082, .T. ) ;
#1540 = DIRECTION ( 'NONE',  ( 0.000000000000000000, -1.000000000000000000, -2.220446049250313574E-16 ) ) ;
#1541 = DIRECTION ( 'NONE',  ( 1.000000000000000000, -0.000000000000000000, -2.312964634635743450E-16 ) ) ;
#1542 = CARTESIAN_POINT ( 'NONE',  ( -125.0000000000000000, 350.0000000000000000, 350.0000000000002274 ) ) ;
#1543 = LINE ( 'NONE', #3062, #3479 ) ;
#1544 = ORIENTED_EDGE ( 'NONE', *, *, #1157, .T. ) ;
#1545 = DIRECTION ( 'NONE',  ( -1.387778780781445676E-16, -0.000000000000000000, -1.000000000000000000 ) ) ;
#1546 = ORIENTED_EDGE ( 'NONE', *, *, #1157, .F. ) ;
#1547 = CARTESIAN_POINT ( 'NONE',  ( 24.99999999999999289, 760.0000000000000000, -25.00000000000000000 ) ) ;
#1548 = EDGE_CURVE ( 'NONE', #3784, #1444, #436, .T. ) ;
#1549 = LINE ( 'NONE', #3378, #869 ) ;
#1550 = ORIENTED_EDGE ( 'NONE', *, *, #2795, .T. ) ;
#1551 = LINE ( 'NONE', #2789, #940 ) ;
#1552 = CARTESIAN_POINT ( 'NONE',  ( 300.0000000000001705, 230.0000000000000000, -299.9999999999998295 ) ) ;
#1553 = VECTOR ( 'NONE', #944, 1000.000000000000000 ) ;
#1554 = LINE ( 'NONE', #3441, #2967 ) ;
#1555 = ORIENTED_EDGE ( 'NONE', *, *, #2042, .T. ) ;
#1556 = AXIS2_PLACEMENT_3D ( 'NONE', #2566, #3478, #67 ) ;
#1557 = CARTESIAN_POINT ( 'NONE',  ( 30.00000000000002842, 775.0000000000000000, -30.00000000000001776 ) ) ;
#1558 = FACE_OUTER_BOUND ( 'NONE', #2520, .T. ) ;
#1559 = CARTESIAN_POINT ( 'NONE',  ( -300.0000000000000568, 750.0000000000000000, 350.0000000000002274 ) ) ;
#1560 = CARTESIAN_POINT ( 'NONE',  ( -280.0000000000000000, 580.0000000000000000, 249.9999999999998579 ) ) ;
#1561 = AXIS2_PLACEMENT_3D ( 'NONE', #1337, #1014, #432 ) ;
#1562 = DIRECTION ( 'NONE',  ( 0.000000000000000000, -0.000000000000000000, 1.000000000000000000 ) ) ;
#1563 = VERTEX_POINT ( 'NONE', #2310 ) ;
#1564 = CARTESIAN_POINT ( 'NONE',  ( -33.00000000000000000, 760.0000000000000000, -18.00000000000001066 ) ) ;
#1565 = ORIENTED_EDGE ( 'NONE', *, *, #877, .F. ) ;
#1566 = DIRECTION ( 'NONE',  ( 1.000000000000000000, -0.000000000000000000, -0.000000000000000000 ) ) ;
#1567 = CARTESIAN_POINT ( 'NONE',  ( 280.0000000000000000, 580.0000000000000000, -349.9999999999998863 ) ) ;
#1568 = ORIENTED_EDGE ( 'NONE', *, *, #1548, .F. ) ;
#1569 = VECTOR ( 'NONE', #1917, 1000.000000000000000 ) ;
#1570 = EDGE_CURVE ( 'NONE', #1051, #3047, #2894, .T. ) ;
#1571 = CARTESIAN_POINT ( 'NONE',  ( 128.6725404957846308, 600.0000000000000000, 100.0000000000000000 ) ) ;
#1572 = FACE_OUTER_BOUND ( 'NONE', #1808, .T. ) ;
#1573 = ADVANCED_FACE ( 'NONE', ( #2593 ), #3822, .F. ) ;
#1574 = DIRECTION ( 'NONE',  ( 0.000000000000000000, 0.000000000000000000, 1.000000000000000000 ) ) ;
#1575 = VECTOR ( 'NONE', #3112, 1000.000000000000000 ) ;
#1576 = ORIENTED_EDGE ( 'NONE', *, *, #3390, .F. ) ;
#1577 = FACE_OUTER_BOUND ( 'NONE', #779, .T. ) ;
#1578 = CLOSED_SHELL ( 'NONE', ( #657, #1580, #1308, #3889, #3663, #3056 ) ) ;
#1579 = VECTOR ( 'NONE', #2133, 1000.000000000000000 ) ;
#1580 = ADVANCED_FACE ( 'NONE', ( #2754 ), #1159, .T. ) ;
#1581 = ORIENTED_EDGE ( 'NONE', *, *, #1629, .T. ) ;
#1582 = DIRECTION ( 'NONE',  ( 0.000000000000000000, -1.000000000000000000, 0.000000000000000000 ) ) ;
#1583 = ADVANCED_FACE ( 'NONE', ( #2669 ), #2711, .F. ) ;
#1584 = FACE_OUTER_BOUND ( 'NONE', #3867, .T. ) ;
#1585 = DIRECTION ( 'NONE',  ( -1.586032892321651989E-16, 0.000000000000000000, -1.000000000000000000 ) ) ;
#1586 = EDGE_CURVE ( 'NONE', #980, #313, #253, .T. ) ;
#1587 = ORIENTED_EDGE ( 'NONE', *, *, #212, .T. ) ;
#1588 = PLANE ( 'NONE',  #1840 ) ;
#1589 = VERTEX_POINT ( 'NONE', #2691 ) ;
#1590 = CARTESIAN_POINT ( 'NONE',  ( 300.0000000000001705, 480.0000000000000000, -299.9999999999998863 ) ) ;
#1591 = LINE ( 'NONE', #2481, #33 ) ;
#1592 = VERTEX_POINT ( 'NONE', #1479 ) ;
#1593 = DIRECTION ( 'NONE',  ( 0.000000000000000000, -0.000000000000000000, 1.000000000000000000 ) ) ;
#1594 = CARTESIAN_POINT ( 'NONE',  ( -300.0000000000000568, -20.00000000000000000, 330.0000000000001705 ) ) ;
#1595 = LINE ( 'NONE', #2467, #2359 ) ;
#1596 = CC_DESIGN_PERSON_AND_ORGANIZATION_ASSIGNMENT ( #1374, #2606, ( #1861 ) ) ;
#1597 = VERTEX_POINT ( 'NONE', #3662 ) ;
#1598 = DIRECTION ( 'NONE',  ( 0.000000000000000000, 0.000000000000000000, -1.000000000000000000 ) ) ;
#1599 = ORIENTED_EDGE ( 'NONE', *, *, #1189, .F. ) ;
#1600 = CARTESIAN_POINT ( 'NONE',  ( -280.0000000000000000, 750.0000000000000000, 330.0000000000001705 ) ) ;
#1601 = VECTOR ( 'NONE', #460, 1000.000000000000000 ) ;
#1602 = EDGE_CURVE ( 'NONE', #2354, #1638, #3034, .T. ) ;
#1603 = DIRECTION ( 'NONE',  ( -0.000000000000000000, -0.000000000000000000, -1.000000000000000000 ) ) ;
#1604 = EDGE_CURVE ( 'NONE', #2858, #1814, #1138, .T. ) ;
#1605 = DIRECTION ( 'NONE',  ( 0.9063077870366480493, -0.4226182617407036601, 0.000000000000000000 ) ) ;
#1606 = ORIENTED_EDGE ( 'NONE', *, *, #3461, .F. ) ;
#1607 = DIRECTION ( 'NONE',  ( 7.930164461608261179E-17, -1.000000000000000000, 0.000000000000000000 ) ) ;
#1608 = ORIENTED_EDGE ( 'NONE', *, *, #92, .T. ) ;
#1609 = CARTESIAN_POINT ( 'NONE',  ( 280.0000000000000000, 600.0000000000000000, -249.9999999999998579 ) ) ;
#1610 = CARTESIAN_POINT ( 'NONE',  ( -30.00000000000000000, 760.0000000000000000, 18.00000000000002132 ) ) ;
#1611 = ORIENTED_EDGE ( 'NONE', *, *, #817, .F. ) ;
#1612 = AXIS2_PLACEMENT_3D ( 'NONE', #1630, #3555, #1090 ) ;
#1613 = CARTESIAN_POINT ( 'NONE',  ( -300.0000000000000568, 480.0000000000000000, 49.99999999999987921 ) ) ;
#1614 = CARTESIAN_POINT ( 'NONE',  ( -300.0000000000000568, -20.00000000000000000, 350.0000000000002274 ) ) ;
#1615 = CARTESIAN_POINT ( 'NONE',  ( -280.0000000000000000, 230.0000000000000000, 299.9999999999998295 ) ) ;
#1616 = ORIENTED_EDGE ( 'NONE', *, *, #822, .F. ) ;
#1617 = CARTESIAN_POINT ( 'NONE',  ( -451.3274595042154829, 600.0000000000000000, -100.0000000000000000 ) ) ;
#1618 = AXIS2_PLACEMENT_3D ( 'NONE', #1480, #2166, #1762 ) ;
#1619 = AXIS2_PLACEMENT_3D ( 'NONE', #1594, #2849, #3759 ) ;
#1620 = EDGE_LOOP ( 'NONE', ( #241, #2988, #1341, #3877 ) ) ;
#1621 = DIRECTION ( 'NONE',  ( -4.887341184168583546E-47, -6.162975822039151227E-31, 1.000000000000000000 ) ) ;
#1622 = EDGE_CURVE ( 'NONE', #2628, #3931, #3962, .T. ) ;
#1623 = LINE ( 'NONE', #397, #3558 ) ;
#1624 = ADVANCED_FACE ( 'NONE', ( #3984 ), #814, .T. ) ;
#1625 = PLANE ( 'NONE',  #1667 ) ;
#1626 = EDGE_LOOP ( 'NONE', ( #2035, #1142, #3350, #699, #3961, #1494 ) ) ;
#1627 = LINE ( 'NONE', #3769, #3397 ) ;
#1628 = ORIENTED_EDGE ( 'NONE', *, *, #3484, .F. ) ;
#1629 = EDGE_CURVE ( 'NONE', #270, #2354, #1761, .T. ) ;
#1630 = CARTESIAN_POINT ( 'NONE',  ( -451.3274595042154829, 600.0000000000000000, -249.9999999999998579 ) ) ;
#1631 = CARTESIAN_POINT ( 'NONE',  ( 0.000000000000000000, 0.000000000000000000, -299.9999999999997726 ) ) ;
#1632 = ORIENTED_EDGE ( 'NONE', *, *, #1655, .F. ) ;
#1633 = LINE ( 'NONE', #1956, #3896 ) ;
#1634 = DIRECTION ( 'NONE',  ( 0.000000000000000000, 0.1352974291611936386, 0.9908050290861324383 ) ) ;
#1635 = EDGE_CURVE ( 'NONE', #2075, #2362, #3013, .T. ) ;
#1636 = FACE_OUTER_BOUND ( 'NONE', #2722, .T. ) ;
#1637 = EDGE_CURVE ( 'NONE', #2117, #1320, #2994, .T. ) ;
#1638 = VERTEX_POINT ( 'NONE', #1783 ) ;
#1639 = VECTOR ( 'NONE', #1821, 1000.000000000000000 ) ;
#1640 = LINE ( 'NONE', #491, #2992 ) ;
#1641 = CIRCLE ( 'NONE', #2407, 444.6391795602361867 ) ;
#1642 = ORIENTED_EDGE ( 'NONE', *, *, #3651, .F. ) ;
#1643 = CARTESIAN_POINT ( 'NONE',  ( -300.0000000000000568, -20.00000000000000000, -349.9999999999998863 ) ) ;
#1644 = LINE ( 'NONE', #95, #1300 ) ;
#1645 = VECTOR ( 'NONE', #2402, 1000.000000000000000 ) ;
#1646 = DIRECTION ( 'NONE',  ( -1.000000000000000000, 0.000000000000000000, 0.000000000000000000 ) ) ;
#1647 = AXIS2_PLACEMENT_3D ( 'NONE', #60, #3167, #2823 ) ;
#1648 = EDGE_LOOP ( 'NONE', ( #389, #2332, #603, #1632 ) ) ;
#1649 = CARTESIAN_POINT ( 'NONE',  ( -300.0000000000000568, 600.0000000000000000, -100.0000000000000000 ) ) ;
#1650 = ORIENTED_EDGE ( 'NONE', *, *, #2272, .F. ) ;
#1651 = DIRECTION ( 'NONE',  ( -0.000000000000000000, 1.000000000000000000, 1.110223024625156787E-16 ) ) ;
#1652 = CARTESIAN_POINT ( 'NONE',  ( -300.0000000000000568, 580.0000000000000000, -249.9999999999998579 ) ) ;
#1653 = DIRECTION ( 'NONE',  ( 0.000000000000000000, 0.000000000000000000, 1.000000000000000000 ) ) ;
#1654 = CARTESIAN_POINT ( 'NONE',  ( -451.3274595042154829, 600.0000000000000000, -249.9999999999998579 ) ) ;
#1655 = EDGE_CURVE ( 'NONE', #2735, #3336, #3642, .T. ) ;
#1656 = CARTESIAN_POINT ( 'NONE',  ( -280.0000000000000000, 230.0000000000000568, 49.99999999999987921 ) ) ;
#1657 = EDGE_CURVE ( 'NONE', #725, #3619, #1201, .T. ) ;
#1658 = VERTEX_POINT ( 'NONE', #3603 ) ;
#1659 = CARTESIAN_POINT ( 'NONE',  ( -280.0000000000000000, 599.9999999999998863, 330.0000000000000000 ) ) ;
#1660 = EDGE_CURVE ( 'NONE', #3469, #1736, #1220, .T. ) ;
#1661 = ORIENTED_EDGE ( 'NONE', *, *, #795, .T. ) ;
#1662 = DIRECTION ( 'NONE',  ( -0.000000000000000000, -1.000000000000000000, -0.000000000000000000 ) ) ;
#1663 = CARTESIAN_POINT ( 'NONE',  ( 280.0000000000000000, 750.0000000000000000, -329.9999999999998295 ) ) ;
#1664 = AXIS2_PLACEMENT_3D ( 'NONE', #1384, #1047, #136 ) ;
#1665 = DIRECTION ( 'NONE',  ( 0.000000000000000000, -2.220446049250313574E-16, -1.000000000000000000 ) ) ;
#1666 = ORIENTED_EDGE ( 'NONE', *, *, #3923, .T. ) ;
#1667 = AXIS2_PLACEMENT_3D ( 'NONE', #341, #2821, #399 ) ;
#1668 = DIRECTION ( 'NONE',  ( 0.000000000000000000, 0.000000000000000000, 1.000000000000000000 ) ) ;
#1669 = ORIENTED_EDGE ( 'NONE', *, *, #3307, .F. ) ;
#1670 = CARTESIAN_POINT ( 'NONE',  ( 128.6725404957845740, 600.0000000000000000, -249.9999999999998295 ) ) ;
#1671 = DIRECTION ( 'NONE',  ( 1.000000000000000000, 0.000000000000000000, 0.000000000000000000 ) ) ;
#1672 = PLANE ( 'NONE',  #2159 ) ;
#1673 = ORIENTED_EDGE ( 'NONE', *, *, #3183, .T. ) ;
#1674 = PLANE ( 'NONE',  #807 ) ;
#1675 = LINE ( 'NONE', #3237, #3696 ) ;
#1676 = EDGE_CURVE ( 'NONE', #1200, #2536, #878, .T. ) ;
#1677 = ORIENTED_EDGE ( 'NONE', *, *, #1781, .F. ) ;
#1678 = CARTESIAN_POINT ( 'NONE',  ( 300.0000000000001705, 750.0000000000000000, 350.0000000000002274 ) ) ;
#1679 = ORIENTED_EDGE ( 'NONE', *, *, #751, .T. ) ;
#1680 = DIRECTION ( 'NONE',  ( 0.9063077870366480493, -0.4226182617407036601, 0.000000000000000000 ) ) ;
#1681 = CARTESIAN_POINT ( 'NONE',  ( -300.0000000000000568, 580.0000000000000000, -249.9999999999998579 ) ) ;
#1682 = VECTOR ( 'NONE', #777, 1000.000000000000000 ) ;
#1683 = CARTESIAN_POINT ( 'NONE',  ( 25.00000000000000000, 730.0000000000000000, 25.00000000000000000 ) ) ;
#1684 = EDGE_CURVE ( 'NONE', #841, #2854, #235, .T. ) ;
#1685 = VERTEX_POINT ( 'NONE', #3280 ) ;
#1686 = DIRECTION ( 'NONE',  ( 1.000000000000000000, 7.930164461608261179E-17, -0.000000000000000000 ) ) ;
#1687 = EDGE_LOOP ( 'NONE', ( #46, #302, #2108, #3443 ) ) ;
#1688 = CARTESIAN_POINT ( 'NONE',  ( -32.99999999999998579, 768.0000000000000000, 18.00000000000002132 ) ) ;
#1689 = LINE ( 'NONE', #3454, #1143 ) ;
#1690 = CARTESIAN_POINT ( 'NONE',  ( -125.0000000000001137, 350.0000000000000000, 350.0000000000002274 ) ) ;
#1691 = DIRECTION ( 'NONE',  ( -0.000000000000000000, -2.220446049250313574E-16, 1.000000000000000000 ) ) ;
#1692 = DATE_AND_TIME ( #469, #2637 ) ;
#1693 = ORIENTED_EDGE ( 'NONE', *, *, #2303, .F. ) ;
#1694 = ORIENTED_EDGE ( 'NONE', *, *, #2635, .T. ) ;
#1695 = DIRECTION ( 'NONE',  ( 1.000000000000000000, 0.000000000000000000, -1.586032892321651989E-16 ) ) ;
#1696 = EDGE_CURVE ( 'NONE', #3849, #386, #573, .T. ) ;
#1697 = ORIENTED_EDGE ( 'NONE', *, *, #2368, .F. ) ;
#1698 = CARTESIAN_POINT ( 'NONE',  ( 30.00000000000002487, 768.0000000000000000, 18.00000000000001066 ) ) ;
#1699 = VECTOR ( 'NONE', #1454, 1000.000000000000000 ) ;
#1700 = CARTESIAN_POINT ( 'NONE',  ( -30.00000000000000000, 768.0000000000000000, 18.00000000000002132 ) ) ;
#1701 = EDGE_CURVE ( 'NONE', #1736, #1081, #1802, .T. ) ;
#1702 = LINE ( 'NONE', #3808, #2697 ) ;
#1703 = EDGE_CURVE ( 'NONE', #2379, #1775, #696, .T. ) ;
#1704 = EDGE_LOOP ( 'NONE', ( #670, #1453, #1338, #2403 ) ) ;
#1705 = VECTOR ( 'NONE', #3620, 1000.000000000000000 ) ;
#1706 = DIRECTION ( 'NONE',  ( -0.000000000000000000, 0.000000000000000000, -1.000000000000000000 ) ) ;
#1707 = VECTOR ( 'NONE', #3751, 1000.000000000000000 ) ;
#1708 = EDGE_LOOP ( 'NONE', ( #2448, #344, #2490, #1086 ) ) ;
#1709 = DIRECTION ( 'NONE',  ( 1.000000000000000000, 0.000000000000000000, 0.000000000000000000 ) ) ;
#1710 = LINE ( 'NONE', #3251, #3552 ) ;
#1711 = ORIENTED_EDGE ( 'NONE', *, *, #3370, .F. ) ;
#1712 = DIRECTION ( 'NONE',  ( -1.000000000000000000, -0.000000000000000000, -0.000000000000000000 ) ) ;
#1713 = DIRECTION ( 'NONE',  ( -0.000000000000000000, 1.000000000000000000, 0.000000000000000000 ) ) ;
#1714 = EDGE_LOOP ( 'NONE', ( #2340, #435, #2066, #503 ) ) ;
#1715 = PLANE ( 'NONE',  #232 ) ;
#1716 = DIRECTION ( 'NONE',  ( 0.000000000000000000, -1.000000000000000000, -2.220446049250313574E-16 ) ) ;
#1717 = ORIENTED_EDGE ( 'NONE', *, *, #2718, .F. ) ;
#1718 = FACE_OUTER_BOUND ( 'NONE', #813, .T. ) ;
#1719 = LINE ( 'NONE', #1255, #3562 ) ;
#1720 = EDGE_CURVE ( 'NONE', #1503, #1775, #3383, .T. ) ;
#1721 = CARTESIAN_POINT ( 'NONE',  ( -33.00000000000000000, 760.0000000000000000, -18.00000000000001066 ) ) ;
#1722 = ORIENTED_EDGE ( 'NONE', *, *, #2666, .F. ) ;
#1723 = LINE ( 'NONE', #3247, #3812 ) ;
#1724 = AXIS2_PLACEMENT_3D ( 'NONE', #295, #1481, #2388 ) ;
#1725 = EDGE_CURVE ( 'NONE', #1298, #1234, #52, .T. ) ;
#1726 = EDGE_LOOP ( 'NONE', ( #3007, #1717, #2792, #2099 ) ) ;
#1727 = LINE ( 'NONE', #3884, #2251 ) ;
#1728 = AXIS2_PLACEMENT_3D ( 'NONE', #2960, #804, #3209 ) ;
#1729 = EDGE_LOOP ( 'NONE', ( #2309, #373, #1134, #1471 ) ) ;
#1730 = VECTOR ( 'NONE', #88, 1000.000000000000000 ) ;
#1731 = FACE_OUTER_BOUND ( 'NONE', #3109, .T. ) ;
#1732 = CALENDAR_DATE ( 2026, 26, 5 ) ;
#1733 = VERTEX_POINT ( 'NONE', #2531 ) ;
#1734 = EDGE_LOOP ( 'NONE', ( #2962, #2687, #21, #2210 ) ) ;
#1735 = CARTESIAN_POINT ( 'NONE',  ( -300.0000000000000568, 600.0000000000000000, -349.9999999999998863 ) ) ;
#1736 = VERTEX_POINT ( 'NONE', #978 ) ;
#1737 = CARTESIAN_POINT ( 'NONE',  ( -451.3274595042154829, 580.0000000000000000, 249.9999999999998579 ) ) ;
#1738 = CARTESIAN_POINT ( 'NONE',  ( -300.0000000000000568, 480.0000000000000000, 200.7987240796891797 ) ) ;
#1739 = EDGE_CURVE ( 'NONE', #999, #3621, #960, .T. ) ;
#1740 = PLANE ( 'NONE',  #2892 ) ;
#1741 = EDGE_CURVE ( 'NONE', #2075, #3462, #3138, .T. ) ;
#1742 = ORIENTED_EDGE ( 'NONE', *, *, #923, .F. ) ;
#1743 = AXIS2_PLACEMENT_3D ( 'NONE', #2333, #1973, #1105 ) ;
#1744 = EDGE_CURVE ( 'NONE', #2106, #579, #2793, .T. ) ;
#1745 = CARTESIAN_POINT ( 'NONE',  ( -300.0000000000000568, 580.0000000000000000, -100.0000000000000000 ) ) ;
#1746 = EDGE_CURVE ( 'NONE', #313, #579, #3426, .T. ) ;
#1747 = VERTEX_POINT ( 'NONE', #2491 ) ;
#1748 = VECTOR ( 'NONE', #1936, 1000.000000000000000 ) ;
#1749 = CARTESIAN_POINT ( 'NONE',  ( -300.0000000000000568, 230.0000000000000000, -49.99999999999985079 ) ) ;
#1750 = ORIENTED_EDGE ( 'NONE', *, *, #2515, .F. ) ;
#1751 = LINE ( 'NONE', #3654, #3201 ) ;
#1752 = APPROVAL_ROLE ( '' ) ;
#1753 = EDGE_CURVE ( 'NONE', #868, #2238, #314, .T. ) ;
#1754 = EDGE_LOOP ( 'NONE', ( #259, #1106, #130, #2326 ) ) ;
#1755 = ORIENTED_EDGE ( 'NONE', *, *, #3874, .T. ) ;
#1756 = LINE ( 'NONE', #1431, #224 ) ;
#1757 = ORIENTED_EDGE ( 'NONE', *, *, #40, .T. ) ;
#1758 = APPLICATION_CONTEXT ( 'configuration controlled 3d designs of mechanical parts and assemblies' ) ;
#1759 = ORIENTED_EDGE ( 'NONE', *, *, #1343, .F. ) ;
#1760 = EDGE_CURVE ( 'NONE', #3053, #3336, #2193, .T. ) ;
#1761 = LINE ( 'NONE', #898, #3828 ) ;
#1762 = DIRECTION ( 'NONE',  ( 2.312964634635742957E-16, 0.000000000000000000, 1.000000000000000000 ) ) ;
#1763 = DIRECTION ( 'NONE',  ( 0.000000000000000000, -1.000000000000000000, 0.000000000000000000 ) ) ;
#1764 = CARTESIAN_POINT ( 'NONE',  ( -300.0000000000000568, 480.0000000000000000, -299.9999999999998863 ) ) ;
#1765 = VECTOR ( 'NONE', #675, 1000.000000000000000 ) ;
#1766 = ORIENTED_EDGE ( 'NONE', *, *, #3770, .F. ) ;
#1767 = FACE_BOUND ( 'NONE', #2833, .T. ) ;
#1768 = VECTOR ( 'NONE', #1273, 1000.000000000000000 ) ;
#1769 = ORIENTED_EDGE ( 'NONE', *, *, #3424, .F. ) ;
#1770 = CARTESIAN_POINT ( 'NONE',  ( -280.0000000000000000, 301.9999999999999432, 0.000000000000000000 ) ) ;
#1771 = ORIENTED_EDGE ( 'NONE', *, *, #617, .F. ) ;
#1772 = DIRECTION ( 'NONE',  ( -1.000000000000000000, 7.930164461608261179E-17, 0.000000000000000000 ) ) ;
#1773 = CLOSED_SHELL ( 'NONE', ( #3245, #624, #3757, #3275, #2945, #3521 ) ) ;
#1774 = VECTOR ( 'NONE', #1593, 1000.000000000000000 ) ;
#1775 = VERTEX_POINT ( 'NONE', #658 ) ;
#1776 = VERTEX_POINT ( 'NONE', #918 ) ;
#1777 = CARTESIAN_POINT ( 'NONE',  ( 24.99999999999999289, 760.0000000000000000, -25.00000000000000000 ) ) ;
#1778 = VERTEX_POINT ( 'NONE', #1240 ) ;
#1779 = LINE ( 'NONE', #1176, #1645 ) ;
#1780 = EDGE_CURVE ( 'NONE', #3222, #3518, #2853, .T. ) ;
#1781 = EDGE_CURVE ( 'NONE', #2143, #550, #3762, .T. ) ;
#1782 = EDGE_LOOP ( 'NONE', ( #405, #623, #3940, #1376 ) ) ;
#1783 = CARTESIAN_POINT ( 'NONE',  ( -125.0000000000000000, 350.0000000000000000, 330.0000000000001705 ) ) ;
#1784 = CARTESIAN_POINT ( 'NONE',  ( 300.0000000000001705, 480.0000000000000000, -299.9999999999998863 ) ) ;
#1785 = PLANE ( 'NONE',  #3921 ) ;
#1786 = DIRECTION ( 'NONE',  ( 0.000000000000000000, 0.000000000000000000, -1.000000000000000000 ) ) ;
#1787 = VERTEX_POINT ( 'NONE', #1881 ) ;
#1788 = CARTESIAN_POINT ( 'NONE',  ( -300.0000000000000568, 600.0000000000000000, 249.9999999999998579 ) ) ;
#1789 = VERTEX_POINT ( 'NONE', #3118 ) ;
#1790 = PLANE ( 'NONE',  #2056 ) ;
#1791 = ORIENTED_EDGE ( 'NONE', *, *, #2496, .T. ) ;
#1792 = FACE_OUTER_BOUND ( 'NONE', #2626, .T. ) ;
#1793 = ORIENTED_EDGE ( 'NONE', *, *, #2260, .F. ) ;
#1794 = AXIS2_PLACEMENT_3D ( 'NONE', #3746, #700, #3161 ) ;
#1795 = DIRECTION ( 'NONE',  ( 0.000000000000000000, -0.000000000000000000, 1.000000000000000000 ) ) ;
#1796 = DIRECTION ( 'NONE',  ( 0.000000000000000000, 1.000000000000000000, 0.000000000000000000 ) ) ;
#1797 = ORIENTED_EDGE ( 'NONE', *, *, #2709, .F. ) ;
#1798 = ADVANCED_FACE ( 'NONE', ( #1577 ), #2815, .F. ) ;
#1799 = LINE ( 'NONE', #610, #3258 ) ;
#1800 = CC_DESIGN_APPROVAL ( #3795, ( #3159 ) ) ;
#1801 = ORIENTED_EDGE ( 'NONE', *, *, #951, .T. ) ;
#1802 = LINE ( 'NONE', #1557, #291 ) ;
#1803 = DIRECTION ( 'NONE',  ( 0.000000000000000000, 0.000000000000000000, -1.000000000000000000 ) ) ;
#1804 = CARTESIAN_POINT ( 'NONE',  ( -300.0000000000000568, 590.0000000000000000, -349.9999999999998863 ) ) ;
#1805 = ORIENTED_EDGE ( 'NONE', *, *, #238, .T. ) ;
#1806 = CARTESIAN_POINT ( 'NONE',  ( -25.00000000000000711, 760.0000000000000000, -25.00000000000000000 ) ) ;
#1807 = EDGE_CURVE ( 'NONE', #3218, #2966, #1537, .T. ) ;
#1808 = EDGE_LOOP ( 'NONE', ( #560, #3197, #1919, #3909 ) ) ;
#1809 = PLANE ( 'NONE',  #3990 ) ;
#1810 = VECTOR ( 'NONE', #116, 1000.000000000000000 ) ;
#1811 = ORIENTED_EDGE ( 'NONE', *, *, #1184, .T. ) ;
#1812 = CARTESIAN_POINT ( 'NONE',  ( 30.00000000000002842, 760.0000000000000000, 18.00000000000002132 ) ) ;
#1813 = VECTOR ( 'NONE', #3624, 1000.000000000000000 ) ;
#1814 = VERTEX_POINT ( 'NONE', #996 ) ;
#1815 = DIRECTION ( 'NONE',  ( 0.000000000000000000, -0.000000000000000000, 1.000000000000000000 ) ) ;
#1816 = PLANE ( 'NONE',  #1381 ) ;
#1817 = ORIENTED_EDGE ( 'NONE', *, *, #877, .T. ) ;
#1818 = CARTESIAN_POINT ( 'NONE',  ( -280.0000000000000000, 230.0000000000000000, -49.99999999999987921 ) ) ;
#1819 = DIRECTION ( 'NONE',  ( 0.000000000000000000, 1.000000000000000000, 0.000000000000000000 ) ) ;
#1820 = ORIENTED_EDGE ( 'NONE', *, *, #866, .F. ) ;
#1821 = DIRECTION ( 'NONE',  ( 1.000000000000000000, 0.000000000000000000, 0.000000000000000000 ) ) ;
#1822 = PLANE ( 'NONE',  #2372 ) ;
#1823 = CARTESIAN_POINT ( 'NONE',  ( -300.0000000000000568, 480.0000000000000000, -299.9999999999998863 ) ) ;
#1824 = DIRECTION ( 'NONE',  ( 0.000000000000000000, -0.000000000000000000, 1.000000000000000000 ) ) ;
#1825 = ADVANCED_FACE ( 'NONE', ( #1318 ), #1859, .T. ) ;
#1826 = ADVANCED_FACE ( 'NONE', ( #2150 ), #1842, .T. ) ;
#1827 = EDGE_LOOP ( 'NONE', ( #3914, #1137, #1616, #1885 ) ) ;
#1828 = DIRECTION ( 'NONE',  ( 0.000000000000000000, 2.220446049250313574E-16, -1.000000000000000000 ) ) ;
#1829 = VERTEX_POINT ( 'NONE', #938 ) ;
#1830 = CARTESIAN_POINT ( 'NONE',  ( -280.0000000000000000, 0.000000000000000000, 0.000000000000000000 ) ) ;
#1831 = AXIS2_PLACEMENT_3D ( 'NONE', #3681, #3101, #9 ) ;
#1832 = ADVANCED_FACE ( 'NONE', ( #2170 ), #3177, .F. ) ;
#1833 = ORIENTED_EDGE ( 'NONE', *, *, #2131, .F. ) ;
#1834 = PLANE ( 'NONE',  #633 ) ;
#1835 = CARTESIAN_POINT ( 'NONE',  ( -300.0000000000000568, 750.0000000000000000, -349.9999999999998863 ) ) ;
#1836 = ORIENTED_EDGE ( 'NONE', *, *, #149, .T. ) ;
#1837 = DIRECTION ( 'NONE',  ( -1.000000000000000000, -2.220446049250313081E-16, 0.000000000000000000 ) ) ;
#1838 = VECTOR ( 'NONE', #1514, 1000.000000000000000 ) ;
#1839 = DIRECTION ( 'NONE',  ( 0.000000000000000000, -0.000000000000000000, 1.000000000000000000 ) ) ;
#1840 = AXIS2_PLACEMENT_3D ( 'NONE', #2182, #1607, #2499 ) ;
#1841 = ORIENTED_EDGE ( 'NONE', *, *, #1512, .T. ) ;
#1842 = PLANE ( 'NONE',  #676 ) ;
#1843 = DIRECTION ( 'NONE',  ( -7.930164461608261179E-17, 1.000000000000000000, -0.000000000000000000 ) ) ;
#1844 = DIRECTION ( 'NONE',  ( -1.000000000000000000, -0.000000000000000000, 0.000000000000000000 ) ) ;
#1845 = FACE_BOUND ( 'NONE', #1620, .T. ) ;
#1846 = EDGE_CURVE ( 'NONE', #3269, #1685, #3820, .T. ) ;
#1847 = PLANE ( 'NONE',  #834 ) ;
#1848 = ORIENTED_EDGE ( 'NONE', *, *, #473, .F. ) ;
#1849 = DIRECTION ( 'NONE',  ( 0.000000000000000000, -0.000000000000000000, 1.000000000000000000 ) ) ;
#1850 = ORIENTED_EDGE ( 'NONE', *, *, #3391, .F. ) ;
#1851 = LINE ( 'NONE', #1250, #1261 ) ;
#1852 = DIRECTION ( 'NONE',  ( 0.000000000000000000, -1.000000000000000000, 0.000000000000000000 ) ) ;
#1853 = EDGE_LOOP ( 'NONE', ( #3641, #1501, #3671, #489 ) ) ;
#1854 = CARTESIAN_POINT ( 'NONE',  ( -280.0000000000000000, -20.00000000000004619, 49.99999999999982236 ) ) ;
#1855 = DIRECTION ( 'NONE',  ( 0.000000000000000000, 1.000000000000000000, 0.000000000000000000 ) ) ;
#1856 = AXIS2_PLACEMENT_3D ( 'NONE', #2088, #2068, #213 ) ;
#1857 = LINE ( 'NONE', #3679, #1294 ) ;
#1858 = ORIENTED_EDGE ( 'NONE', *, *, #280, .F. ) ;
#1859 = PLANE ( 'NONE',  #1831 ) ;
#1860 = VECTOR ( 'NONE', #1487, 1000.000000000000000 ) ;
#1861 = SECURITY_CLASSIFICATION ( '', '', #145 ) ;
#1862 = LINE ( 'NONE', #2195, #2955 ) ;
#1863 = CARTESIAN_POINT ( 'NONE',  ( -280.0000000000000000, 480.0000000000000568, 49.99999999999987921 ) ) ;
#1864 = CARTESIAN_POINT ( 'NONE',  ( -130.0000000000000284, 480.0000000000000000, 49.99999999999987921 ) ) ;
#1865 = CARTESIAN_POINT ( 'NONE',  ( -300.0000000000000568, 600.0000000000000000, -249.9999999999998579 ) ) ;
#1866 = EDGE_CURVE ( 'NONE', #2476, #1317, #2912, .T. ) ;
#1867 = ORIENTED_EDGE ( 'NONE', *, *, #693, .F. ) ;
#1868 = EDGE_CURVE ( 'NONE', #3267, #247, #131, .T. ) ;
#1869 = DIRECTION ( 'NONE',  ( 3.700743415417191591E-16, -0.000000000000000000, 1.000000000000000000 ) ) ;
#1870 = ORIENTED_EDGE ( 'NONE', *, *, #543, .T. ) ;
#1871 = CARTESIAN_POINT ( 'NONE',  ( -30.00000000000000000, 775.0000000000000000, -30.00000000000001776 ) ) ;
#1872 = DIRECTION ( 'NONE',  ( 2.312964634635742957E-16, 0.000000000000000000, 1.000000000000000000 ) ) ;
#1873 = ORIENTED_EDGE ( 'NONE', *, *, #617, .T. ) ;
#1874 = DIRECTION ( 'NONE',  ( 1.000000000000000000, -0.000000000000000000, -0.000000000000000000 ) ) ;
#1875 = LINE ( 'NONE', #2189, #2977 ) ;
#1876 = VECTOR ( 'NONE', #860, 1000.000000000000000 ) ;
#1877 = EDGE_CURVE ( 'NONE', #3649, #2200, #3542, .T. ) ;
#1878 = DIRECTION ( 'NONE',  ( 0.000000000000000000, 0.000000000000000000, 1.000000000000000000 ) ) ;
#1879 = ADVANCED_FACE ( 'NONE', ( #1059 ), #774, .F. ) ;
#1880 = ORIENTED_EDGE ( 'NONE', *, *, #108, .F. ) ;
#1881 = CARTESIAN_POINT ( 'NONE',  ( -300.0000000000000568, 600.0000000000000000, -349.9999999999998863 ) ) ;
#1882 = CARTESIAN_POINT ( 'NONE',  ( 300.0000000000001705, 600.0000000000000000, -249.9999999999998579 ) ) ;
#1883 = DIRECTION ( 'NONE',  ( 0.000000000000000000, 1.000000000000000000, 1.110223024625156787E-16 ) ) ;
#1884 = CARTESIAN_POINT ( 'NONE',  ( -125.0000000000000284, -1.540743955509788682E-29, 330.0000000000001705 ) ) ;
#1885 = ORIENTED_EDGE ( 'NONE', *, *, #1846, .F. ) ;
#1886 = PLANE ( 'NONE',  #812 ) ;
#1887 = CC_DESIGN_PERSON_AND_ORGANIZATION_ASSIGNMENT ( #448, #2909, ( #3159 ) ) ;
#1888 = ORIENTED_EDGE ( 'NONE', *, *, #154, .F. ) ;
#1889 = CARTESIAN_POINT ( 'NONE',  ( 125.0000000000000568, -19.99999999999996447, 330.0000000000001705 ) ) ;
#1890 = CARTESIAN_POINT ( 'NONE',  ( -30.00000000000000000, 768.0000000000000000, -18.00000000000001066 ) ) ;
#1891 = VERTEX_POINT ( 'NONE', #1678 ) ;
#1892 = AXIS2_PLACEMENT_3D ( 'NONE', #1735, #1133, #3315 ) ;
#1893 = CARTESIAN_POINT ( 'NONE',  ( 300.0000000000001705, 580.0000000000000000, -249.9999999999998579 ) ) ;
#1894 = DIRECTION ( 'NONE',  ( 0.000000000000000000, -0.000000000000000000, -1.000000000000000000 ) ) ;
#1895 = CARTESIAN_POINT ( 'NONE',  ( 280.0000000000000000, 580.0000000000000000, -249.9999999999998579 ) ) ;
#1896 = AXIS2_PLACEMENT_3D ( 'NONE', #207, #2361, #832 ) ;
#1897 = ORIENTED_EDGE ( 'NONE', *, *, #3581, .T. ) ;
#1898 = DIRECTION ( 'NONE',  ( 1.000000000000000000, 0.000000000000000000, 0.000000000000000000 ) ) ;
#1899 = EDGE_CURVE ( 'NONE', #267, #1200, #1062, .T. ) ;
#1900 = CLOSED_SHELL ( 'NONE', ( #1136, #557, #652, #3120, #598, #3075 ) ) ;
#1901 = VECTOR ( 'NONE', #990, 1000.000000000000000 ) ;
#1902 = VERTEX_POINT ( 'NONE', #2550 ) ;
#1903 = LINE ( 'NONE', #2855, #3543 ) ;
#1904 = FACE_BOUND ( 'NONE', #627, .T. ) ;
#1905 = DIRECTION ( 'NONE',  ( -1.000000000000000000, -0.000000000000000000, -0.000000000000000000 ) ) ;
#1906 = ORIENTED_EDGE ( 'NONE', *, *, #3111, .F. ) ;
#1907 = FACE_OUTER_BOUND ( 'NONE', #3947, .T. ) ;
#1908 = VECTOR ( 'NONE', #1291, 1000.000000000000000 ) ;
#1909 = ORIENTED_EDGE ( 'NONE', *, *, #2368, .T. ) ;
#1910 = FACE_OUTER_BOUND ( 'NONE', #984, .T. ) ;
#1911 = DIRECTION ( 'NONE',  ( -1.000000000000000000, 0.000000000000000000, 2.312964634635742957E-16 ) ) ;
#1912 = ORIENTED_EDGE ( 'NONE', *, *, #280, .T. ) ;
#1913 = DIRECTION ( 'NONE',  ( -1.000000000000000000, -0.000000000000000000, -0.000000000000000000 ) ) ;
#1914 = CARTESIAN_POINT ( 'NONE',  ( 300.0000000000001705, 230.0000000000000000, -299.9999999999998295 ) ) ;
#1915 = DIRECTION ( 'NONE',  ( -0.000000000000000000, -0.000000000000000000, -1.000000000000000000 ) ) ;
#1916 = EDGE_LOOP ( 'NONE', ( #1116, #1409, #3599, #1525 ) ) ;
#1917 = DIRECTION ( 'NONE',  ( -1.000000000000000000, -0.000000000000000000, -0.000000000000000000 ) ) ;
#1918 = EDGE_CURVE ( 'NONE', #3515, #1444, #2022, .T. ) ;
#1919 = ORIENTED_EDGE ( 'NONE', *, *, #25, .F. ) ;
#1920 = DIRECTION ( 'NONE',  ( 1.000000000000000000, 7.930164461608261179E-17, -0.000000000000000000 ) ) ;
#1921 = VECTOR ( 'NONE', #3102, 1000.000000000000000 ) ;
#1922 = VECTOR ( 'NONE', #3800, 1000.000000000000000 ) ;
#1923 = DIRECTION ( 'NONE',  ( -7.930164461608261179E-17, -1.000000000000000000, 0.000000000000000000 ) ) ;
#1924 = EDGE_CURVE ( 'NONE', #1444, #2324, #1359, .T. ) ;
#1925 = CARTESIAN_POINT ( 'NONE',  ( 300.0000000000001705, 600.0000000000000000, -249.9999999999998579 ) ) ;
#1926 = ORIENTED_EDGE ( 'NONE', *, *, #2078, .T. ) ;
#1927 = CARTESIAN_POINT ( 'NONE',  ( -300.0000000000000568, 480.0000000000000000, 299.9999999999998863 ) ) ;
#1928 = EDGE_CURVE ( 'NONE', #889, #2730, #1640, .T. ) ;
#1929 = EDGE_CURVE ( 'NONE', #1385, #3222, #2948, .T. ) ;
#1930 = ORIENTED_EDGE ( 'NONE', *, *, #3111, .T. ) ;
#1931 = FACE_OUTER_BOUND ( 'NONE', #1519, .T. ) ;
#1932 = DIRECTION ( 'NONE',  ( -0.000000000000000000, -1.000000000000000000, -0.000000000000000000 ) ) ;
#1933 = VERTEX_POINT ( 'NONE', #3482 ) ;
#1934 = VECTOR ( 'NONE', #688, 1000.000000000000000 ) ;
#1935 = DIRECTION ( 'NONE',  ( 0.000000000000000000, 0.000000000000000000, 1.000000000000000000 ) ) ;
#1936 = DIRECTION ( 'NONE',  ( -1.000000000000000000, -0.000000000000000000, -0.000000000000000000 ) ) ;
#1937 = DIRECTION ( 'NONE',  ( -1.000000000000000000, 0.000000000000000000, 0.000000000000000000 ) ) ;
#1938 = ORIENTED_EDGE ( 'NONE', *, *, #701, .F. ) ;
#1939 = DIRECTION ( 'NONE',  ( -0.9063077870366476052, -0.4226182617407042708, 0.000000000000000000 ) ) ;
#1940 = AXIS2_PLACEMENT_3D ( 'NONE', #1949, #742, #3207 ) ;
#1941 = VECTOR ( 'NONE', #3194, 1000.000000000000000 ) ;
#1942 = ORIENTED_EDGE ( 'NONE', *, *, #1527, .F. ) ;
#1943 = CARTESIAN_POINT ( 'NONE',  ( 280.0000000000000000, 230.0000000000000000, -299.9999999999997726 ) ) ;
#1944 = CARTESIAN_POINT ( 'NONE',  ( -33.00000000000000000, 760.0000000000000000, -18.00000000000001066 ) ) ;
#1945 = EDGE_CURVE ( 'NONE', #677, #931, #792, .T. ) ;
#1946 = CARTESIAN_POINT ( 'NONE',  ( -280.0000000000000000, 230.0000000000000000, -299.9999999999997726 ) ) ;
#1947 = ORIENTED_EDGE ( 'NONE', *, *, #3266, .F. ) ;
#1948 = EDGE_CURVE ( 'NONE', #3269, #1492, #1641, .T. ) ;
#1949 = CARTESIAN_POINT ( 'NONE',  ( -32.99999999999998579, 760.0000000000000000, 18.00000000000002132 ) ) ;
#1950 = EDGE_CURVE ( 'NONE', #1258, #3064, #2588, .T. ) ;
#1951 = AXIS2_PLACEMENT_3D ( 'NONE', #2015, #1995, #141 ) ;
#1952 = ORIENTED_EDGE ( 'NONE', *, *, #3564, .F. ) ;
#1953 = CARTESIAN_POINT ( 'NONE',  ( -125.0000000000001705, -1.982541115402067595E-14, 350.0000000000002274 ) ) ;
#1954 = DIRECTION ( 'NONE',  ( 0.000000000000000000, 1.000000000000000000, 0.000000000000000000 ) ) ;
#1955 = ORIENTED_EDGE ( 'NONE', *, *, #2004, .F. ) ;
#1956 = CARTESIAN_POINT ( 'NONE',  ( -25.00000000000000711, 730.0000000000000000, -25.00000000000000000 ) ) ;
#1957 = EDGE_CURVE ( 'NONE', #579, #3621, #472, .T. ) ;
#1958 = PLANE ( 'NONE',  #3300 ) ;
#1959 = FACE_OUTER_BOUND ( 'NONE', #567, .T. ) ;
#1960 = VERTEX_POINT ( 'NONE', #2627 ) ;
#1961 = VECTOR ( 'NONE', #3942, 1000.000000000000000 ) ;
#1962 = LINE ( 'NONE', #2246, #612 ) ;
#1963 = EDGE_CURVE ( 'NONE', #3354, #887, #1962, .T. ) ;
#1964 = VECTOR ( 'NONE', #3039, 1000.000000000000000 ) ;
#1965 = ORIENTED_EDGE ( 'NONE', *, *, #919, .F. ) ;
#1966 = PLANE ( 'NONE',  #124 ) ;
#1967 = VECTOR ( 'NONE', #2826, 1000.000000000000000 ) ;
#1968 = DIRECTION ( 'NONE',  ( 0.000000000000000000, 1.000000000000000000, -1.110223024625156787E-16 ) ) ;
#1969 = VECTOR ( 'NONE', #873, 1000.000000000000000 ) ;
#1970 = FACE_OUTER_BOUND ( 'NONE', #1182, .T. ) ;
#1971 = VECTOR ( 'NONE', #3291, 1000.000000000000000 ) ;
#1972 = VERTEX_POINT ( 'NONE', #1096 ) ;
#1973 = DIRECTION ( 'NONE',  ( 1.000000000000000000, 0.000000000000000000, 0.000000000000000000 ) ) ;
#1974 = EDGE_CURVE ( 'NONE', #2314, #2664, #1017, .T. ) ;
#1975 = ORIENTED_EDGE ( 'NONE', *, *, #1725, .T. ) ;
#1976 = DIRECTION ( 'NONE',  ( -1.586032892321651989E-16, 0.000000000000000000, -1.000000000000000000 ) ) ;
#1977 = DIRECTION ( 'NONE',  ( 0.000000000000000000, 0.000000000000000000, -1.000000000000000000 ) ) ;
#1978 = DIRECTION ( 'NONE',  ( -1.000000000000000000, -0.000000000000000000, -0.000000000000000000 ) ) ;
#1979 = CARTESIAN_POINT ( 'NONE',  ( -300.0000000000000568, 580.0000000000000000, -249.9999999999998579 ) ) ;
#1980 = PERSON_AND_ORGANIZATION_ROLE ( 'creator' ) ;
#1981 = LINE ( 'NONE', #2567, #1730 ) ;
#1982 = ORIENTED_EDGE ( 'NONE', *, *, #1033, .T. ) ;
#1983 = CARTESIAN_POINT ( 'NONE',  ( 300.0000000000001705, 230.0000000000000000, -299.9999999999997726 ) ) ;
#1984 = EDGE_CURVE ( 'NONE', #2479, #1478, #414, .T. ) ;
#1985 = ORIENTED_EDGE ( 'NONE', *, *, #150, .T. ) ;
#1986 = CARTESIAN_POINT ( 'NONE',  ( 125.0000000000000000, 360.0000000000000000, 350.0000000000002274 ) ) ;
#1987 = DIRECTION ( 'NONE',  ( 1.000000000000000000, -0.000000000000000000, -2.312964634635743450E-16 ) ) ;
#1988 = VECTOR ( 'NONE', #3244, 1000.000000000000000 ) ;
#1989 = LINE ( 'NONE', #518, #2631 ) ;
#1990 = ORIENTED_EDGE ( 'NONE', *, *, #3178, .T. ) ;
#1991 = VECTOR ( 'NONE', #2681, 1000.000000000000000 ) ;
#1992 = PLANE ( 'NONE',  #1045 ) ;
#1993 = EDGE_CURVE ( 'NONE', #3004, #1016, #2570, .T. ) ;
#1994 = EDGE_LOOP ( 'NONE', ( #3811, #3661, #2198, #2063 ) ) ;
#1995 = DIRECTION ( 'NONE',  ( 0.000000000000000000, -1.000000000000000000, 0.000000000000000000 ) ) ;
#1996 = CARTESIAN_POINT ( 'NONE',  ( -280.0000000000000000, 480.0000000000000000, 49.99999999999987921 ) ) ;
#1997 = LINE ( 'NONE', #2541, #1193 ) ;
#1998 = EDGE_LOOP ( 'NONE', ( #2653, #2902, #3743, #2397 ) ) ;
#1999 = DIRECTION ( 'NONE',  ( 0.000000000000000000, 1.110223024625156787E-16, -1.000000000000000000 ) ) ;
#2000 = COORDINATED_UNIVERSAL_TIME_OFFSET ( 5, 30, .AHEAD. ) ;
#2001 = DIRECTION ( 'NONE',  ( -7.930164461608261179E-17, 1.000000000000000000, 6.162975822039150351E-31 ) ) ;
#2002 = VERTEX_POINT ( 'NONE', #531 ) ;
#2003 = DIRECTION ( 'NONE',  ( 0.000000000000000000, 0.000000000000000000, 1.000000000000000000 ) ) ;
#2004 = EDGE_CURVE ( 'NONE', #2238, #1592, #2663, .T. ) ;
#2005 = ADVANCED_FACE ( 'NONE', ( #2706 ), #1816, .T. ) ;
#2006 = ORIENTED_EDGE ( 'NONE', *, *, #1570, .F. ) ;
#2007 = LINE ( 'NONE', #3180, #2763 ) ;
#2008 = FACE_OUTER_BOUND ( 'NONE', #2217, .T. ) ;
#2009 = ADVANCED_FACE ( 'NONE', ( #850 ), #3598, .T. ) ;
#2010 = AXIS2_PLACEMENT_3D ( 'NONE', #1485, #3369, #600 ) ;
#2011 = CARTESIAN_POINT ( 'NONE',  ( -280.0000000000000000, -20.00000000000000000, -329.9999999999998295 ) ) ;
#2012 = VERTEX_POINT ( 'NONE', #892 ) ;
#2013 = DIRECTION ( 'NONE',  ( 0.9063077870366480493, -0.4226182617407036601, 0.000000000000000000 ) ) ;
#2014 = ORIENTED_EDGE ( 'NONE', *, *, #3065, .F. ) ;
#2015 = CARTESIAN_POINT ( 'NONE',  ( -32.99999999999998579, 760.0000000000000000, 18.00000000000002132 ) ) ;
#2016 = CARTESIAN_POINT ( 'NONE',  ( -300.0000000000000568, -20.00000000000000000, -349.9999999999998863 ) ) ;
#2017 = CC_DESIGN_DATE_AND_TIME_ASSIGNMENT ( #1692, #3396, ( #1861 ) ) ;
#2018 = CARTESIAN_POINT ( 'NONE',  ( 300.0000000000001705, 230.0000000000000000, -299.9999999999998295 ) ) ;
#2019 = PERSON_AND_ORGANIZATION ( #454, #2330 ) ;
#2020 = ORIENTED_EDGE ( 'NONE', *, *, #2442, .F. ) ;
#2021 = ORIENTED_EDGE ( 'NONE', *, *, #1744, .T. ) ;
#2022 = LINE ( 'NONE', #452, #2609 ) ;
#2023 = ADVANCED_FACE ( 'NONE', ( #3955 ), #2686, .T. ) ;
#2024 = ORIENTED_EDGE ( 'NONE', *, *, #1899, .F. ) ;
#2025 = DIRECTION ( 'NONE',  ( -0.4226182617407036601, -0.9063077870366480493, 6.702864640165574678E-17 ) ) ;
#2026 = EDGE_CURVE ( 'NONE', #1258, #2638, #1194, .T. ) ;
#2027 = AXIS2_PLACEMENT_3D ( 'NONE', #2974, #534, #1460 ) ;
#2028 = FACE_BOUND ( 'NONE', #791, .T. ) ;
#2029 = CARTESIAN_POINT ( 'NONE',  ( -125.0000000000000000, 350.0000000000000000, 180.0000000000001990 ) ) ;
#2030 = VERTEX_POINT ( 'NONE', #3338 ) ;
#2031 = VECTOR ( 'NONE', #1712, 1000.000000000000000 ) ;
#2032 = PLANE ( 'NONE',  #3684 ) ;
#2033 = VECTOR ( 'NONE', #2440, 1000.000000000000000 ) ;
#2034 = AXIS2_PLACEMENT_3D ( 'NONE', #1830, #304, #864 ) ;
#2035 = ORIENTED_EDGE ( 'NONE', *, *, #92, .F. ) ;
#2036 = CARTESIAN_POINT ( 'NONE',  ( -25.00000000000000711, 760.0000000000000000, -25.00000000000000000 ) ) ;
#2037 = ORIENTED_EDGE ( 'NONE', *, *, #212, .F. ) ;
#2038 = LINE ( 'NONE', #3252, #424 ) ;
#2039 = ORIENTED_EDGE ( 'NONE', *, *, #1067, .F. ) ;
#2040 = CARTESIAN_POINT ( 'NONE',  ( -280.0000000000000000, 230.0000000000000000, 49.99999999999985079 ) ) ;
#2041 = DIRECTION ( 'NONE',  ( 0.000000000000000000, 0.000000000000000000, -1.000000000000000000 ) ) ;
#2042 = EDGE_CURVE ( 'NONE', #820, #2169, #3657, .T. ) ;
#2043 = EDGE_CURVE ( 'NONE', #1351, #2704, #249, .T. ) ;
#2044 = ORIENTED_EDGE ( 'NONE', *, *, #3972, .T. ) ;
#2045 = EDGE_CURVE ( 'NONE', #1685, #1394, #3029, .T. ) ;
#2046 = DIRECTION ( 'NONE',  ( 0.000000000000000000, -0.1352974291611936386, -0.9908050290861324383 ) ) ;
#2047 = EDGE_CURVE ( 'NONE', #2889, #1432, #1756, .T. ) ;
#2048 = CARTESIAN_POINT ( 'NONE',  ( 25.00000000000000000, 760.0000000000000000, 25.00000000000000000 ) ) ;
#2049 = DIRECTION ( 'NONE',  ( 0.000000000000000000, 0.000000000000000000, -1.000000000000000000 ) ) ;
#2050 = ORIENTED_EDGE ( 'NONE', *, *, #574, .F. ) ;
#2051 = DIRECTION ( 'NONE',  ( 0.000000000000000000, -1.000000000000000000, 0.000000000000000000 ) ) ;
#2052 = EDGE_CURVE ( 'NONE', #1152, #515, #810, .T. ) ;
#2053 = VECTOR ( 'NONE', #1662, 1000.000000000000000 ) ;
#2054 = ORIENTED_EDGE ( 'NONE', *, *, #2366, .F. ) ;
#2055 = LINE ( 'NONE', #2639, #2796 ) ;
#2056 = AXIS2_PLACEMENT_3D ( 'NONE', #924, #1828, #3024 ) ;
#2057 = ORIENTED_EDGE ( 'NONE', *, *, #2975, .F. ) ;
#2058 = VECTOR ( 'NONE', #3503, 1000.000000000000000 ) ;
#2059 = CARTESIAN_POINT ( 'NONE',  ( -300.0000000000000568, 600.0000000000000000, 99.99999999999997158 ) ) ;
#2060 = EDGE_CURVE ( 'NONE', #421, #550, #1153, .T. ) ;
#2061 = DIRECTION ( 'NONE',  ( 0.000000000000000000, 0.000000000000000000, 1.000000000000000000 ) ) ;
#2062 = EDGE_CURVE ( 'NONE', #3842, #2530, #588, .T. ) ;
#2063 = ORIENTED_EDGE ( 'NONE', *, *, #3095, .T. ) ;
#2064 = EDGE_LOOP ( 'NONE', ( #3638, #2982, #2288, #1771, #3437, #5, #1238, #601 ) ) ;
#2065 = CARTESIAN_POINT ( 'NONE',  ( -300.0000000000000568, -20.00000000000000000, 350.0000000000002274 ) ) ;
#2066 = ORIENTED_EDGE ( 'NONE', *, *, #1426, .F. ) ;
#2067 = VERTEX_POINT ( 'NONE', #1493 ) ;
#2068 = DIRECTION ( 'NONE',  ( 0.000000000000000000, 1.000000000000000000, -0.000000000000000000 ) ) ;
#2069 = FACE_OUTER_BOUND ( 'NONE', #1094, .T. ) ;
#2070 = CARTESIAN_POINT ( 'NONE',  ( 280.0000000000000000, 600.0000000000000000, -349.9999999999998863 ) ) ;
#2071 = LINE ( 'NONE', #1764, #1387 ) ;
#2072 = ORIENTED_EDGE ( 'NONE', *, *, #1527, .T. ) ;
#2073 = AXIS2_PLACEMENT_3D ( 'NONE', #1068, #2276, #3186 ) ;
#2074 = LINE ( 'NONE', #2352, #780 ) ;
#2075 = VERTEX_POINT ( 'NONE', #512 ) ;
#2076 = VECTOR ( 'NONE', #1035, 1000.000000000000000 ) ;
#2077 = LINE ( 'NONE', #1227, #513 ) ;
#2078 = EDGE_CURVE ( 'NONE', #3304, #1092, #3049, .T. ) ;
#2079 = ORIENTED_EDGE ( 'NONE', *, *, #3835, .F. ) ;
#2080 = PLANE ( 'NONE',  #3263 ) ;
#2081 = EDGE_CURVE ( 'NONE', #1592, #695, #3876, .T. ) ;
#2082 = ORIENTED_EDGE ( 'NONE', *, *, #3568, .F. ) ;
#2083 = EDGE_LOOP ( 'NONE', ( #3577, #2846, #2050, #3329 ) ) ;
#2084 = DIRECTION ( 'NONE',  ( -1.000000000000000000, 0.000000000000000000, -0.000000000000000000 ) ) ;
#2085 = EDGE_LOOP ( 'NONE', ( #2037, #907, #1488, #637 ) ) ;
#2086 = LINE ( 'NONE', #3380, #1969 ) ;
#2087 = VERTEX_POINT ( 'NONE', #1777 ) ;
#2088 = CARTESIAN_POINT ( 'NONE',  ( 300.0000000000001705, 230.0000000000000000, 200.7987240796891797 ) ) ;
#2089 = PLANE ( 'NONE',  #2455 ) ;
#2090 = CARTESIAN_POINT ( 'NONE',  ( 300.0000000000001705, 600.0000000000000000, 249.9999999999998579 ) ) ;
#2091 = PLANE ( 'NONE',  #1199 ) ;
#2092 = VECTOR ( 'NONE', #595, 1000.000000000000000 ) ;
#2093 = ORIENTED_EDGE ( 'NONE', *, *, #1067, .T. ) ;
#2094 = DIRECTION ( 'NONE',  ( 0.000000000000000000, -0.000000000000000000, 1.000000000000000000 ) ) ;
#2095 = AXIS2_PLACEMENT_3D ( 'NONE', #2280, #3832, #2240 ) ;
#2096 = ORIENTED_EDGE ( 'NONE', *, *, #2345, .T. ) ;
#2097 = LINE ( 'NONE', #3309, #1477 ) ;
#2098 = ADVANCED_FACE ( 'NONE', ( #3937 ), #2969, .T. ) ;
#2099 = ORIENTED_EDGE ( 'NONE', *, *, #1703, .F. ) ;
#2100 = CARTESIAN_POINT ( 'NONE',  ( 125.0000000000000000, 350.0000000000000000, 350.0000000000002274 ) ) ;
#2101 = VECTOR ( 'NONE', #2947, 1000.000000000000000 ) ;
#2102 = VECTOR ( 'NONE', #1162, 1000.000000000000000 ) ;
#2103 = ORIENTED_EDGE ( 'NONE', *, *, #3890, .F. ) ;
#2104 = EDGE_LOOP ( 'NONE', ( #2072, #2322, #2363, #3495 ) ) ;
#2105 = DIRECTION ( 'NONE',  ( 0.000000000000000000, -1.000000000000000000, 1.110223024625156787E-16 ) ) ;
#2106 = VERTEX_POINT ( 'NONE', #1174 ) ;
#2107 = CARTESIAN_POINT ( 'NONE',  ( 280.0000000000001137, 600.0000000000000000, 249.9999999999998863 ) ) ;
#2108 = ORIENTED_EDGE ( 'NONE', *, *, #2930, .F. ) ;
#2109 = CARTESIAN_POINT ( 'NONE',  ( -280.0000000000000000, 480.0000000000000000, 299.9999999999998863 ) ) ;
#2110 = EDGE_CURVE ( 'NONE', #3842, #2858, #2399, .T. ) ;
#2111 = DIRECTION ( 'NONE',  ( -1.000000000000000000, 0.000000000000000000, -0.000000000000000000 ) ) ;
#2112 = LINE ( 'NONE', #1823, #3330 ) ;
#2113 = ORIENTED_EDGE ( 'NONE', *, *, #1426, .T. ) ;
#2114 = FACE_BOUND ( 'NONE', #1491, .T. ) ;
#2115 = VERTEX_POINT ( 'NONE', #2162 ) ;
#2116 = CARTESIAN_POINT ( 'NONE',  ( -280.0000000000000000, -20.00000000000000000, -100.0000000000000000 ) ) ;
#2117 = VERTEX_POINT ( 'NONE', #1213 ) ;
#2118 = LINE ( 'NONE', #2457, #2353 ) ;
#2119 = EDGE_LOOP ( 'NONE', ( #413, #499, #1608, #3701 ) ) ;
#2120 = ADVANCED_FACE ( 'NONE', ( #930 ), #3093, .F. ) ;
#2121 = VECTOR ( 'NONE', #3764, 1000.000000000000000 ) ;
#2122 = LINE ( 'NONE', #3355, #297 ) ;
#2123 = DIRECTION ( 'NONE',  ( -0.000000000000000000, -0.000000000000000000, -1.000000000000000000 ) ) ;
#2124 = EDGE_LOOP ( 'NONE', ( #2621, #1677, #18, #307 ) ) ;
#2125 = CARTESIAN_POINT ( 'NONE',  ( -25.00000000000000000, 730.0000000000000000, 25.00000000000000000 ) ) ;
#2126 = APPROVAL_PERSON_ORGANIZATION ( #2660, #3795, #1752 ) ;
#2127 = CARTESIAN_POINT ( 'NONE',  ( 128.6725404957846877, 600.0000000000000000, 249.9999999999998863 ) ) ;
#2128 = ORIENTED_EDGE ( 'NONE', *, *, #2470, .F. ) ;
#2129 = CARTESIAN_POINT ( 'NONE',  ( -30.00000000000000000, 775.0000000000000000, 29.99999999999998224 ) ) ;
#2130 = EDGE_CURVE ( 'NONE', #2409, #989, #954, .T. ) ;
#2131 = EDGE_CURVE ( 'NONE', #1394, #1563, #1549, .T. ) ;
#2132 = DIRECTION ( 'NONE',  ( -1.000000000000000000, 0.000000000000000000, -0.000000000000000000 ) ) ;
#2133 = DIRECTION ( 'NONE',  ( 0.000000000000000000, -1.000000000000000000, 0.000000000000000000 ) ) ;
#2134 = EDGE_CURVE ( 'NONE', #3515, #631, #629, .T. ) ;
#2135 = PLANE ( 'NONE',  #2010 ) ;
#2136 = ORIENTED_EDGE ( 'NONE', *, *, #476, .F. ) ;
#2137 = CARTESIAN_POINT ( 'NONE',  ( 300.0000000000001705, 590.0000000000000000, 350.0000000000001137 ) ) ;
#2138 = AXIS2_PLACEMENT_3D ( 'NONE', #1864, #55, #1883 ) ;
#2139 = EDGE_LOOP ( 'NONE', ( #2814, #3050, #1985, #3293 ) ) ;
#2140 = LINE ( 'NONE', #2378, #3587 ) ;
#2141 = SHAPE_DEFINITION_REPRESENTATION ( #3341, #2949 ) ;
#2142 =( GEOMETRIC_REPRESENTATION_CONTEXT ( 3 ) GLOBAL_UNCERTAINTY_ASSIGNED_CONTEXT ( ( #609 ) ) GLOBAL_UNIT_ASSIGNED_CONTEXT ( ( #2282, #3871, #3253 ) ) REPRESENTATION_CONTEXT ( 'NONE', 'WORKASPACE' ) );
#2143 = VERTEX_POINT ( 'NONE', #367 ) ;
#2144 = FACE_BOUND ( 'NONE', #1029, .T. ) ;
#2145 = FACE_OUTER_BOUND ( 'NONE', #1066, .T. ) ;
#2146 = ORIENTED_EDGE ( 'NONE', *, *, #113, .T. ) ;
#2147 = CARTESIAN_POINT ( 'NONE',  ( 30.00000000000001421, 768.0000000000000000, -18.00000000000001066 ) ) ;
#2148 = PLANE ( 'NONE',  #71 ) ;
#2149 = ORIENTED_EDGE ( 'NONE', *, *, #3664, .T. ) ;
#2150 = FACE_OUTER_BOUND ( 'NONE', #2226, .T. ) ;
#2151 = EDGE_CURVE ( 'NONE', #1658, #773, #1591, .T. ) ;
#2152 = DIRECTION ( 'NONE',  ( 1.000000000000000000, -8.046981483607940041E-17, -5.892935122531187966E-16 ) ) ;
#2153 = CARTESIAN_POINT ( 'NONE',  ( 280.0000000000000568, 580.0000000000000000, 100.0000000000000000 ) ) ;
#2154 = LINE ( 'NONE', #982, #1553 ) ;
#2155 = VECTOR ( 'NONE', #1279, 1000.000000000000000 ) ;
#2156 = CARTESIAN_POINT ( 'NONE',  ( 300.0000000000001705, 580.0000000000000000, 100.0000000000000000 ) ) ;
#2157 = VERTEX_POINT ( 'NONE', #909 ) ;
#2158 = PLANE ( 'NONE',  #3901 ) ;
#2159 = AXIS2_PLACEMENT_3D ( 'NONE', #388, #2905, #3232 ) ;
#2160 = ORIENTED_EDGE ( 'NONE', *, *, #3770, .T. ) ;
#2161 = CARTESIAN_POINT ( 'NONE',  ( -25.00000000000000711, 730.0000000000000000, -25.00000000000000000 ) ) ;
#2162 = CARTESIAN_POINT ( 'NONE',  ( -300.0000000000000568, 600.0000000000000000, 249.9999999999998579 ) ) ;
#2163 = EDGE_LOOP ( 'NONE', ( #505, #3490, #570, #252, #1912, #347, #1867, #3202 ) ) ;
#2164 = LINE ( 'NONE', #894, #1070 ) ;
#2165 = VECTOR ( 'NONE', #2336, 1000.000000000000000 ) ;
#2166 = DIRECTION ( 'NONE',  ( -1.000000000000000000, 0.000000000000000000, 2.312964634635742957E-16 ) ) ;
#2167 = CARTESIAN_POINT ( 'NONE',  ( -280.0000000000000000, 600.0000000000000000, -349.9999999999998863 ) ) ;
#2168 = AXIS2_PLACEMENT_3D ( 'NONE', #428, #2605, #1653 ) ;
#2169 = VERTEX_POINT ( 'NONE', #1835 ) ;
#2170 = FACE_OUTER_BOUND ( 'NONE', #326, .T. ) ;
#2171 = AXIS2_PLACEMENT_3D ( 'NONE', #784, #3250, #1406 ) ;
#2172 = ADVANCED_FACE ( 'NONE', ( #2827 ), #2787, .F. ) ;
#2173 = ADVANCED_FACE ( 'NONE', ( #1251 ), #3419, .F. ) ;
#2174 = AXIS2_PLACEMENT_3D ( 'NONE', #2127, #290, #350 ) ;
#2175 = ADVANCED_FACE ( 'NONE', ( #328, #3718 ), #988, .F. ) ;
#2176 = PLANE ( 'NONE',  #383 ) ;
#2177 = DIRECTION ( 'NONE',  ( 1.000000000000000000, 0.000000000000000000, 0.000000000000000000 ) ) ;
#2178 = FACE_OUTER_BOUND ( 'NONE', #949, .T. ) ;
#2179 = CARTESIAN_POINT ( 'NONE',  ( 300.0000000000001137, 580.0000000000000000, -100.0000000000000000 ) ) ;
#2180 = ORIENTED_EDGE ( 'NONE', *, *, #1781, .T. ) ;
#2181 = EDGE_CURVE ( 'NONE', #589, #2377, #1511, .T. ) ;
#2182 = CARTESIAN_POINT ( 'NONE',  ( -475.5709628591620231, 349.9999999999999432, 330.0000000000001705 ) ) ;
#2183 = ORIENTED_EDGE ( 'NONE', *, *, #2633, .T. ) ;
#2184 = DIRECTION ( 'NONE',  ( 1.586032892321652236E-16, 0.000000000000000000, 1.000000000000000000 ) ) ;
#2185 = DIRECTION ( 'NONE',  ( 0.000000000000000000, -0.000000000000000000, -1.000000000000000000 ) ) ;
#2186 = ORIENTED_EDGE ( 'NONE', *, *, #2719, .F. ) ;
#2187 = LINE ( 'NONE', #3421, #488 ) ;
#2188 = EDGE_CURVE ( 'NONE', #1528, #3842, #1530, .T. ) ;
#2189 = CARTESIAN_POINT ( 'NONE',  ( -280.0000000000000000, 588.6470257083880142, -339.9080502908613539 ) ) ;
#2190 = VECTOR ( 'NONE', #3529, 1000.000000000000000 ) ;
#2191 = CARTESIAN_POINT ( 'NONE',  ( -481.2615574073295761, 515.4763476518591006, 350.0000000000002274 ) ) ;
#2192 = VERTEX_POINT ( 'NONE', #1890 ) ;
#2193 = LINE ( 'NONE', #1617, #29 ) ;
#2194 = VECTOR ( 'NONE', #301, 1000.000000000000000 ) ;
#2195 = CARTESIAN_POINT ( 'NONE',  ( 300.0000000000001705, 480.0000000000000000, -49.99999999999987921 ) ) ;
#2196 = LINE ( 'NONE', #963, #1104 ) ;
#2197 = PLANE ( 'NONE',  #188 ) ;
#2198 = ORIENTED_EDGE ( 'NONE', *, *, #502, .T. ) ;
#2199 = CARTESIAN_POINT ( 'NONE',  ( 125.0000000000000000, 350.0000000000000000, 180.0000000000001990 ) ) ;
#2200 = VERTEX_POINT ( 'NONE', #346 ) ;
#2201 = LINE ( 'NONE', #366, #3526 ) ;
#2202 = CARTESIAN_POINT ( 'NONE',  ( 280.0000000000000000, 229.9999999999999716, -49.99999999999987921 ) ) ;
#2203 = ORIENTED_EDGE ( 'NONE', *, *, #2248, .F. ) ;
#2204 = EDGE_CURVE ( 'NONE', #2861, #1475, #2768, .T. ) ;
#2205 = LINE ( 'NONE', #23, #3452 ) ;
#2206 = CARTESIAN_POINT ( 'NONE',  ( 280.0000000000000000, -20.00000000000000000, -329.9999999999998295 ) ) ;
#2207 = CARTESIAN_POINT ( 'NONE',  ( 30.00000000000001421, 760.0000000000000000, -18.00000000000002132 ) ) ;
#2208 = EDGE_LOOP ( 'NONE', ( #1278, #2319, #519, #2256 ) ) ;
#2209 = CARTESIAN_POINT ( 'NONE',  ( -125.0000000000000000, 350.0000000000000000, 450.0000000000001705 ) ) ;
#2210 = ORIENTED_EDGE ( 'NONE', *, *, #1657, .T. ) ;
#2211 = CARTESIAN_POINT ( 'NONE',  ( 125.0000000000000000, 350.0000000000000000, 450.0000000000001705 ) ) ;
#2212 = CARTESIAN_POINT ( 'NONE',  ( -30.00000000000000000, 730.0000000000000000, -30.00000000000001776 ) ) ;
#2213 = FACE_BOUND ( 'NONE', #167, .T. ) ;
#2214 = ORIENTED_EDGE ( 'NONE', *, *, #3072, .F. ) ;
#2215 = DIRECTION ( 'NONE',  ( -2.312964634635742957E-16, -0.000000000000000000, -1.000000000000000000 ) ) ;
#2216 = EDGE_CURVE ( 'NONE', #2379, #2658, #2462, .T. ) ;
#2217 = EDGE_LOOP ( 'NONE', ( #1228, #1909, #2803, #2393 ) ) ;
#2218 = ADVANCED_FACE ( 'NONE', ( #2145 ), #3695, .T. ) ;
#2219 = CARTESIAN_POINT ( 'NONE',  ( -25.00000000000000711, 760.0000000000000000, -25.00000000000000000 ) ) ;
#2220 = CARTESIAN_POINT ( 'NONE',  ( 30.00000000000001421, 770.0000000000000000, -30.00000000000001776 ) ) ;
#2221 = ORIENTED_EDGE ( 'NONE', *, *, #2665, .T. ) ;
#2222 = AXIS2_PLACEMENT_3D ( 'NONE', #1396, #2286, #2003 ) ;
#2223 = FACE_OUTER_BOUND ( 'NONE', #2278, .T. ) ;
#2224 = CARTESIAN_POINT ( 'NONE',  ( -300.0000000000000568, -20.00000000000000000, -349.9999999999998863 ) ) ;
#2225 = PLANE ( 'NONE',  #431 ) ;
#2226 = EDGE_LOOP ( 'NONE', ( #2266, #1505, #1302, #760 ) ) ;
#2227 = DIRECTION ( 'NONE',  ( 1.000000000000000000, 0.000000000000000000, -1.586032892321651989E-16 ) ) ;
#2228 = AXIS2_PLACEMENT_3D ( 'NONE', #3720, #3758, #956 ) ;
#2229 = VECTOR ( 'NONE', #1007, 1000.000000000000000 ) ;
#2230 = ORIENTED_EDGE ( 'NONE', *, *, #2042, .F. ) ;
#2231 = PLANE ( 'NONE',  #3668 ) ;
#2232 = EDGE_CURVE ( 'NONE', #2117, #3485, #45, .T. ) ;
#2233 = CARTESIAN_POINT ( 'NONE',  ( -30.00000000000000000, 770.0000000000000000, -30.00000000000001776 ) ) ;
#2234 = ADVANCED_FACE ( 'NONE', ( #287 ), #2749, .T. ) ;
#2235 = CARTESIAN_POINT ( 'NONE',  ( 300.0000000000001137, 230.0000000000000000, -49.99999999999982236 ) ) ;
#2236 = VERTEX_POINT ( 'NONE', #1031 ) ;
#2237 = DIRECTION ( 'NONE',  ( -0.000000000000000000, 1.000000000000000000, 0.000000000000000000 ) ) ;
#2238 = VERTEX_POINT ( 'NONE', #3814 ) ;
#2239 = DIRECTION ( 'NONE',  ( -1.000000000000000000, 0.000000000000000000, -0.000000000000000000 ) ) ;
#2240 = DIRECTION ( 'NONE',  ( 1.000000000000000000, 0.000000000000000000, -0.000000000000000000 ) ) ;
#2241 = EDGE_LOOP ( 'NONE', ( #2082, #2682, #2374, #1990 ) ) ;
#2242 = LINE ( 'NONE', #105, #3963 ) ;
#2243 = LINE ( 'NONE', #712, #78 ) ;
#2244 = FACE_OUTER_BOUND ( 'NONE', #3856, .T. ) ;
#2245 = ORIENTED_EDGE ( 'NONE', *, *, #2757, .T. ) ;
#2246 = CARTESIAN_POINT ( 'NONE',  ( 481.2615574073298035, 505.4763476518592142, 350.0000000000001137 ) ) ;
#2247 = VECTOR ( 'NONE', #3584, 1000.000000000000000 ) ;
#2248 = EDGE_CURVE ( 'NONE', #3432, #2236, #2369, .T. ) ;
#2249 = ORIENTED_EDGE ( 'NONE', *, *, #3442, .F. ) ;
#2250 = DIRECTION ( 'NONE',  ( 1.000000000000000000, 0.000000000000000000, 0.000000000000000000 ) ) ;
#2251 = VECTOR ( 'NONE', #622, 1000.000000000000000 ) ;
#2252 = EDGE_CURVE ( 'NONE', #386, #845, #1053, .T. ) ;
#2253 = CARTESIAN_POINT ( 'NONE',  ( -280.0000000000000000, 480.0000000000000568, 49.99999999999987921 ) ) ;
#2254 = DIRECTION ( 'NONE',  ( -1.000000000000000000, 0.000000000000000000, 0.000000000000000000 ) ) ;
#2255 = EDGE_CURVE ( 'NONE', #2664, #485, #407, .T. ) ;
#2256 = ORIENTED_EDGE ( 'NONE', *, *, #2043, .F. ) ;
#2257 = PLANE ( 'NONE',  #1940 ) ;
#2258 = ORIENTED_EDGE ( 'NONE', *, *, #1746, .T. ) ;
#2259 = DIRECTION ( 'NONE',  ( 1.000000000000000000, 0.000000000000000000, -0.000000000000000000 ) ) ;
#2260 = EDGE_CURVE ( 'NONE', #1060, #3951, #2884, .T. ) ;
#2261 = DIRECTION ( 'NONE',  ( 0.000000000000000000, -0.000000000000000000, 1.000000000000000000 ) ) ;
#2262 = ORIENTED_EDGE ( 'NONE', *, *, #680, .T. ) ;
#2263 = DIRECTION ( 'NONE',  ( 1.000000000000000000, -0.000000000000000000, -2.312964634635742957E-16 ) ) ;
#2264 = CARTESIAN_POINT ( 'NONE',  ( 300.0000000000000568, 580.0000000000000000, -249.9999999999998579 ) ) ;
#2265 = DIRECTION ( 'NONE',  ( -1.000000000000000000, -7.930164461608261179E-17, 0.000000000000000000 ) ) ;
#2266 = ORIENTED_EDGE ( 'NONE', *, *, #819, .F. ) ;
#2267 = DIRECTION ( 'NONE',  ( -1.000000000000000000, 0.000000000000000000, 0.000000000000000000 ) ) ;
#2268 = AXIS2_PLACEMENT_3D ( 'NONE', #75, #3708, #2837 ) ;
#2269 = AXIS2_PLACEMENT_3D ( 'NONE', #1315, #3439, #126 ) ;
#2270 = ORIENTED_EDGE ( 'NONE', *, *, #1452, .T. ) ;
#2271 = CARTESIAN_POINT ( 'NONE',  ( 280.0000000000000000, 600.0000000000001137, -329.9999999999998295 ) ) ;
#2272 = EDGE_CURVE ( 'NONE', #1814, #820, #727, .T. ) ;
#2273 = LINE ( 'NONE', #1700, #720 ) ;
#2274 = LINE ( 'NONE', #3265, #3414 ) ;
#2275 = ORIENTED_EDGE ( 'NONE', *, *, #2771, .F. ) ;
#2276 = DIRECTION ( 'NONE',  ( 0.000000000000000000, -1.000000000000000000, 0.000000000000000000 ) ) ;
#2277 = VECTOR ( 'NONE', #1424, 1000.000000000000000 ) ;
#2278 = EDGE_LOOP ( 'NONE', ( #1172, #3975, #775, #198 ) ) ;
#2279 = FACE_OUTER_BOUND ( 'NONE', #3553, .T. ) ;
#2280 = CARTESIAN_POINT ( 'NONE',  ( -300.0000000000000568, -20.00000000000000000, 330.0000000000001705 ) ) ;
#2281 = LINE ( 'NONE', #2357, #3063 ) ;
#2282 =( LENGTH_UNIT ( ) NAMED_UNIT ( * ) SI_UNIT ( .MILLI., .METRE. ) );
#2283 = LINE ( 'NONE', #1656, #1028 ) ;
#2284 = ORIENTED_EDGE ( 'NONE', *, *, #838, .F. ) ;
#2285 = VECTOR ( 'NONE', #3623, 1000.000000000000000 ) ;
#2286 = DIRECTION ( 'NONE',  ( -1.000000000000000000, 0.000000000000000000, 0.000000000000000000 ) ) ;
#2287 = VECTOR ( 'NONE', #1852, 1000.000000000000000 ) ;
#2288 = ORIENTED_EDGE ( 'NONE', *, *, #3907, .T. ) ;
#2289 = CARTESIAN_POINT ( 'NONE',  ( 30.00000000000002487, 760.0000000000000000, 18.00000000000002487 ) ) ;
#2290 = EDGE_CURVE ( 'NONE', #1385, #2476, #123, .T. ) ;
#2291 = AXIS2_PLACEMENT_3D ( 'NONE', #2360, #2644, #849 ) ;
#2292 = CARTESIAN_POINT ( 'NONE',  ( 30.00000000000001776, 760.0000000000000000, -18.00000000000002132 ) ) ;
#2293 = AXIS2_PLACEMENT_3D ( 'NONE', #1804, #2472, #3965 ) ;
#2294 = DIRECTION ( 'NONE',  ( 0.000000000000000000, 1.000000000000000000, -2.220446049250313574E-16 ) ) ;
#2295 = VERTEX_POINT ( 'NONE', #3191 ) ;
#2296 = CARTESIAN_POINT ( 'NONE',  ( -125.0000000000000000, 359.9999999999999432, 350.0000000000002274 ) ) ;
#2297 = EDGE_LOOP ( 'NONE', ( #3574, #1836, #1037, #1405 ) ) ;
#2298 = LINE ( 'NONE', #3850, #946 ) ;
#2299 = ADVANCED_FACE ( 'NONE', ( #765 ), #84, .T. ) ;
#2300 = CARTESIAN_POINT ( 'NONE',  ( -451.3274595042154829, 600.0000000000000000, -100.0000000000000000 ) ) ;
#2301 = DIRECTION ( 'NONE',  ( 1.000000000000000000, 0.000000000000000000, -1.586032892321651989E-16 ) ) ;
#2302 = CARTESIAN_POINT ( 'NONE',  ( 30.00000000000001421, 760.0000000000000000, -18.00000000000002132 ) ) ;
#2303 = EDGE_CURVE ( 'NONE', #3915, #515, #1354, .T. ) ;
#2304 = CARTESIAN_POINT ( 'NONE',  ( 300.0000000000001705, 480.0000000000000000, -299.9999999999997726 ) ) ;
#2305 = FACE_OUTER_BOUND ( 'NONE', #554, .T. ) ;
#2306 = ORIENTED_EDGE ( 'NONE', *, *, #965, .T. ) ;
#2307 = CARTESIAN_POINT ( 'NONE',  ( -280.0000000000000000, 480.0000000000001137, -200.7987240796890660 ) ) ;
#2308 = ADVANCED_FACE ( 'NONE', ( #2581 ), #3608, .F. ) ;
#2309 = ORIENTED_EDGE ( 'NONE', *, *, #110, .T. ) ;
#2310 = CARTESIAN_POINT ( 'NONE',  ( 280.0000000000001137, 750.0000000000000000, 330.0000000000001705 ) ) ;
#2311 = CARTESIAN_POINT ( 'NONE',  ( -30.00000000000000000, 770.0000000000000000, -18.00000000000001066 ) ) ;
#2312 = VECTOR ( 'NONE', #759, 1000.000000000000000 ) ;
#2313 = LINE ( 'NONE', #3549, #2571 ) ;
#2314 = VERTEX_POINT ( 'NONE', #3517 ) ;
#2315 = DIRECTION ( 'NONE',  ( 0.000000000000000000, -1.000000000000000000, 0.000000000000000000 ) ) ;
#2316 = ORIENTED_EDGE ( 'NONE', *, *, #526, .F. ) ;
#2317 = CARTESIAN_POINT ( 'NONE',  ( 280.0000000000000000, -20.00000000000000000, -349.9999999999998863 ) ) ;
#2318 = PLANE ( 'NONE',  #3032 ) ;
#2319 = ORIENTED_EDGE ( 'NONE', *, *, #1345, .T. ) ;
#2320 = EDGE_CURVE ( 'NONE', #1081, #2715, #1997, .T. ) ;
#2321 = CARTESIAN_POINT ( 'NONE',  ( -300.0000000000000568, -20.00000000000000000, -349.9999999999998863 ) ) ;
#2322 = ORIENTED_EDGE ( 'NONE', *, *, #2043, .T. ) ;
#2323 = ADVANCED_FACE ( 'NONE', ( #3774 ), #3211, .T. ) ;
#2324 = VERTEX_POINT ( 'NONE', #840 ) ;
#2325 = DIRECTION ( 'NONE',  ( 1.000000000000000000, -0.000000000000000000, -0.000000000000000000 ) ) ;
#2326 = ORIENTED_EDGE ( 'NONE', *, *, #2131, .T. ) ;
#2327 = AXIS2_PLACEMENT_3D ( 'NONE', #3610, #1502, #2094 ) ;
#2328 = DIRECTION ( 'NONE',  ( 0.000000000000000000, -0.000000000000000000, 1.000000000000000000 ) ) ;
#2329 = CARTESIAN_POINT ( 'NONE',  ( -280.0000000000000000, 230.0000000000000000, -349.9999999999998863 ) ) ;
#2330 = ORGANIZATION ( 'UNSPECIFIED', 'UNSPECIFIED', '' ) ;
#2331 = CARTESIAN_POINT ( 'NONE',  ( -300.0000000000000568, 590.0000000000000000, -349.9999999999998863 ) ) ;
#2332 = ORIENTED_EDGE ( 'NONE', *, *, #2595, .T. ) ;
#2333 = CARTESIAN_POINT ( 'NONE',  ( 280.0000000000000000, 230.0000000000000000, 200.7987240796891797 ) ) ;
#2334 = ORIENTED_EDGE ( 'NONE', *, *, #747, .T. ) ;
#2335 = DIRECTION ( 'NONE',  ( -1.000000000000000000, 0.000000000000000000, 0.000000000000000000 ) ) ;
#2336 = DIRECTION ( 'NONE',  ( 2.201062793585410714E-31, -1.000000000000000000, 1.387778780781444689E-15 ) ) ;
#2337 = DIRECTION ( 'NONE',  ( 1.000000000000000000, 0.000000000000000000, 0.000000000000000000 ) ) ;
#2338 = ADVANCED_FACE ( 'NONE', ( #3151 ), #1672, .T. ) ;
#2339 = EDGE_CURVE ( 'NONE', #3277, #2012, #1074, .T. ) ;
#2340 = ORIENTED_EDGE ( 'NONE', *, *, #3178, .F. ) ;
#2341 = DIRECTION ( 'NONE',  ( -2.312964634635742957E-16, 0.000000000000000000, -1.000000000000000000 ) ) ;
#2342 = CARTESIAN_POINT ( 'NONE',  ( -280.0000000000000000, -20.00000000000000000, 330.0000000000001705 ) ) ;
#2343 = ORIENTED_EDGE ( 'NONE', *, *, #2366, .T. ) ;
#2344 = LINE ( 'NONE', #3223, #3987 ) ;
#2345 = EDGE_CURVE ( 'NONE', #2530, #1891, #3538, .T. ) ;
#2346 = VECTOR ( 'NONE', #293, 1000.000000000000000 ) ;
#2347 = PLANE ( 'NONE',  #3041 ) ;
#2348 = CARTESIAN_POINT ( 'NONE',  ( -300.0000000000000568, 580.0000000000000000, 249.9999999999998579 ) ) ;
#2349 = EDGE_CURVE ( 'NONE', #2438, #3271, #1010, .T. ) ;
#2350 = EDGE_LOOP ( 'NONE', ( #3127, #1797, #2343, #2214 ) ) ;
#2351 = VECTOR ( 'NONE', #3666, 1000.000000000000000 ) ;
#2352 = CARTESIAN_POINT ( 'NONE',  ( 300.0000000000001705, 480.0000000000000000, -49.99999999999987921 ) ) ;
#2353 = VECTOR ( 'NONE', #1489, 1000.000000000000000 ) ;
#2354 = VERTEX_POINT ( 'NONE', #1690 ) ;
#2355 = DIRECTION ( 'NONE',  ( -0.000000000000000000, 1.000000000000000000, 0.000000000000000000 ) ) ;
#2356 = VERTEX_POINT ( 'NONE', #1610 ) ;
#2357 = CARTESIAN_POINT ( 'NONE',  ( 125.0000000000000000, 360.0000000000000000, 450.0000000000001705 ) ) ;
#2358 = ORIENTED_EDGE ( 'NONE', *, *, #3181, .T. ) ;
#2359 = VECTOR ( 'NONE', #3381, 1000.000000000000000 ) ;
#2360 = CARTESIAN_POINT ( 'NONE',  ( -30.00000000000000000, 770.0000000000000000, 29.99999999999998224 ) ) ;
#2361 = DIRECTION ( 'NONE',  ( 0.000000000000000000, 1.000000000000000000, -0.000000000000000000 ) ) ;
#2362 = VERTEX_POINT ( 'NONE', #2845 ) ;
#2363 = ORIENTED_EDGE ( 'NONE', *, *, #2635, .F. ) ;
#2364 = CARTESIAN_POINT ( 'NONE',  ( 280.0000000000001137, 600.0000000000000000, 249.9999999999998579 ) ) ;
#2365 = PLANE ( 'NONE',  #3368 ) ;
#2366 = EDGE_CURVE ( 'NONE', #931, #2067, #3171, .T. ) ;
#2367 = CARTESIAN_POINT ( 'NONE',  ( -130.0000000000000284, 230.0000000000000000, 49.99999999999985079 ) ) ;
#2368 = EDGE_CURVE ( 'NONE', #3591, #2854, #1244, .T. ) ;
#2369 = LINE ( 'NONE', #1652, #2611 ) ;
#2370 = ORIENTED_EDGE ( 'NONE', *, *, #1899, .T. ) ;
#2371 = CARTESIAN_POINT ( 'NONE',  ( 125.0000000000000284, -1.540743955509788682E-29, 350.0000000000002274 ) ) ;
#2372 = AXIS2_PLACEMENT_3D ( 'NONE', #3945, #1803, #2111 ) ;
#2373 = EDGE_CURVE ( 'NONE', #2295, #999, #880, .T. ) ;
#2374 = ORIENTED_EDGE ( 'NONE', *, *, #2349, .T. ) ;
#2375 = CARTESIAN_POINT ( 'NONE',  ( -30.00000000000000000, 745.6259685816419278, 29.99999999999998224 ) ) ;
#2376 = AXIS2_PLACEMENT_3D ( 'NONE', #983, #3728, #1003 ) ;
#2377 = VERTEX_POINT ( 'NONE', #1522 ) ;
#2378 = CARTESIAN_POINT ( 'NONE',  ( -32.99999999999998579, 760.0000000000000000, 18.00000000000002132 ) ) ;
#2379 = VERTEX_POINT ( 'NONE', #2153 ) ;
#2380 = CARTESIAN_POINT ( 'NONE',  ( 125.0000000000000000, 360.0000000000000000, 450.0000000000001705 ) ) ;
#2381 = CARTESIAN_POINT ( 'NONE',  ( 280.0000000000000000, -20.00000000000000000, -249.9999999999998579 ) ) ;
#2382 = EDGE_LOOP ( 'NONE', ( #1327, #3616, #2093, #3631 ) ) ;
#2383 = CARTESIAN_POINT ( 'NONE',  ( -30.00000000000000000, 732.4462800396815965, 29.99999999999998224 ) ) ;
#2384 = ORIENTED_EDGE ( 'NONE', *, *, #1660, .F. ) ;
#2385 = DIRECTION ( 'NONE',  ( 0.000000000000000000, -2.220446049250313574E-16, 1.000000000000000000 ) ) ;
#2386 = CARTESIAN_POINT ( 'NONE',  ( 280.0000000000001137, 0.000000000000000000, 330.0000000000001705 ) ) ;
#2387 = EDGE_CURVE ( 'NONE', #1267, #3084, #3686, .T. ) ;
#2388 = DIRECTION ( 'NONE',  ( 0.000000000000000000, 1.000000000000000000, 1.734723475976805517E-15 ) ) ;
#2389 = LINE ( 'NONE', #1863, #1002 ) ;
#2390 = ORIENTED_EDGE ( 'NONE', *, *, #1498, .F. ) ;
#2391 = AXIS2_PLACEMENT_3D ( 'NONE', #1144, #3667, #1824 ) ;
#2392 = CARTESIAN_POINT ( 'NONE',  ( 481.2615574073298035, 515.4763476518592142, 350.0000000000001137 ) ) ;
#2393 = ORIENTED_EDGE ( 'NONE', *, *, #2897, .F. ) ;
#2394 = DIRECTION ( 'NONE',  ( 0.000000000000000000, -1.000000000000000000, 1.110223024625156787E-16 ) ) ;
#2395 = ORIENTED_EDGE ( 'NONE', *, *, #3390, .T. ) ;
#2396 = DIRECTION ( 'NONE',  ( -0.000000000000000000, -0.000000000000000000, 1.000000000000000000 ) ) ;
#2397 = ORIENTED_EDGE ( 'NONE', *, *, #630, .F. ) ;
#2398 = FACE_OUTER_BOUND ( 'NONE', #3434, .T. ) ;
#2399 = LINE ( 'NONE', #2065, #2929 ) ;
#2400 = EDGE_CURVE ( 'NONE', #2143, #2538, #2756, .T. ) ;
#2401 = EDGE_LOOP ( 'NONE', ( #1204, #782, #1880, #2160 ) ) ;
#2402 = DIRECTION ( 'NONE',  ( -0.000000000000000000, 1.000000000000000000, -1.387778780781444492E-15 ) ) ;
#2403 = ORIENTED_EDGE ( 'NONE', *, *, #1548, .T. ) ;
#2404 = DIRECTION ( 'NONE',  ( 0.000000000000000000, -1.000000000000000000, 0.000000000000000000 ) ) ;
#2405 = FACE_OUTER_BOUND ( 'NONE', #762, .T. ) ;
#2406 = CARTESIAN_POINT ( 'NONE',  ( 300.0000000000001705, 600.0000000000000000, -249.9999999999998579 ) ) ;
#2407 = AXIS2_PLACEMENT_3D ( 'NONE', #434, #1377, #2610 ) ;
#2408 = PRODUCT_DEFINITION ( 'UNKNOWN', '', #3159, #3318 ) ;
#2409 = VERTEX_POINT ( 'NONE', #3946 ) ;
#2410 = LINE ( 'NONE', #1788, #3240 ) ;
#2411 = AXIS2_PLACEMENT_3D ( 'NONE', #1141, #2674, #1311 ) ;
#2412 = ORIENTED_EDGE ( 'NONE', *, *, #3322, .T. ) ;
#2413 = DIRECTION ( 'NONE',  ( 0.000000000000000000, 0.6702063464014405003, 0.7421748131291119321 ) ) ;
#2414 = ORIENTED_EDGE ( 'NONE', *, *, #698, .T. ) ;
#2415 = CARTESIAN_POINT ( 'NONE',  ( -300.0000000000000568, -20.00000000000000000, -349.9999999999998863 ) ) ;
#2416 = DATE_AND_TIME ( #3088, #1353 ) ;
#2417 = OPEN_SHELL ( 'NONE', ( #2458, #2023, #300, #2446 ) ) ;
#2418 = AXIS2_PLACEMENT_3D ( 'NONE', #3659, #2708, #3074 ) ;
#2419 = EDGE_CURVE ( 'NONE', #3750, #2479, #2432, .T. ) ;
#2420 = ORIENTED_EDGE ( 'NONE', *, *, #2985, .F. ) ;
#2421 = LINE ( 'NONE', #1547, #2483 ) ;
#2422 = CARTESIAN_POINT ( 'NONE',  ( 300.0000000000001705, 600.0000000000000000, -249.9999999999998579 ) ) ;
#2423 = ORIENTED_EDGE ( 'NONE', *, *, #2130, .F. ) ;
#2424 = EDGE_CURVE ( 'NONE', #1234, #3033, #1181, .T. ) ;
#2425 = PLANE ( 'NONE',  #2418 ) ;
#2426 = CARTESIAN_POINT ( 'NONE',  ( -300.0000000000000568, 590.0000000000000000, 350.0000000000002274 ) ) ;
#2427 = VERTEX_POINT ( 'NONE', #296 ) ;
#2428 = EDGE_CURVE ( 'NONE', #1597, #1747, #2112, .T. ) ;
#2429 = CARTESIAN_POINT ( 'NONE',  ( 300.0000000000001705, 230.0000000000000000, -49.99999999999985079 ) ) ;
#2430 = VECTOR ( 'NONE', #1839, 1000.000000000000000 ) ;
#2431 = LINE ( 'NONE', #3964, #706 ) ;
#2432 = LINE ( 'NONE', #12, #2936 ) ;
#2433 = FACE_OUTER_BOUND ( 'NONE', #1729, .T. ) ;
#2434 = ORIENTED_EDGE ( 'NONE', *, *, #1114, .T. ) ;
#2435 = FACE_OUTER_BOUND ( 'NONE', #533, .T. ) ;
#2436 = ORIENTED_EDGE ( 'NONE', *, *, #3035, .T. ) ;
#2437 = CARTESIAN_POINT ( 'NONE',  ( -30.00000000000000000, 770.0000000000000000, -30.00000000000001776 ) ) ;
#2438 = VERTEX_POINT ( 'NONE', #2733 ) ;
#2439 = AXIS2_PLACEMENT_3D ( 'NONE', #2029, #2576, #3825 ) ;
#2440 = DIRECTION ( 'NONE',  ( -1.000000000000000000, -0.000000000000000000, -0.000000000000000000 ) ) ;
#2441 = VECTOR ( 'NONE', #1915, 1000.000000000000000 ) ;
#2442 = EDGE_CURVE ( 'NONE', #586, #3860, #3367, .T. ) ;
#2443 = DIRECTION ( 'NONE',  ( 1.586032892321651989E-16, 0.000000000000000000, 1.000000000000000000 ) ) ;
#2444 = ORIENTED_EDGE ( 'NONE', *, *, #1289, .F. ) ;
#2445 = CARTESIAN_POINT ( 'NONE',  ( 300.0000000000001705, 230.0000000000000000, -49.99999999999987921 ) ) ;
#2446 = ADVANCED_FACE ( 'NONE', ( #3626 ), #2091, .T. ) ;
#2447 = DIRECTION ( 'NONE',  ( 4.012354050806738149E-31, 1.000000000000000000, 1.734723475976805517E-15 ) ) ;
#2448 = ORIENTED_EDGE ( 'NONE', *, *, #385, .F. ) ;
#2449 = DIRECTION ( 'NONE',  ( -1.586032892321651989E-16, 0.000000000000000000, -1.000000000000000000 ) ) ;
#2450 = CARTESIAN_POINT ( 'NONE',  ( 125.0000000000000000, 350.0000000000000000, 350.0000000000002274 ) ) ;
#2451 = AXIS2_PLACEMENT_3D ( 'NONE', #2791, #958, #3405 ) ;
#2452 = DIRECTION ( 'NONE',  ( -1.000000000000000000, -0.000000000000000000, 0.000000000000000000 ) ) ;
#2453 = DIRECTION ( 'NONE',  ( 0.000000000000000000, 0.000000000000000000, -1.000000000000000000 ) ) ;
#2454 = LINE ( 'NONE', #3670, #3283 ) ;
#2455 = AXIS2_PLACEMENT_3D ( 'NONE', #1552, #635, #3282 ) ;
#2456 = EDGE_LOOP ( 'NONE', ( #952, #986, #3185, #41 ) ) ;
#2457 = CARTESIAN_POINT ( 'NONE',  ( 300.0000000000001705, -20.00000000000000000, 350.0000000000002274 ) ) ;
#2458 = ADVANCED_FACE ( 'NONE', ( #3302 ), #537, .T. ) ;
#2459 = VECTOR ( 'NONE', #2641, 1000.000000000000000 ) ;
#2460 = EDGE_LOOP ( 'NONE', ( #1801, #1334, #1531, #2306 ) ) ;
#2461 = CARTESIAN_POINT ( 'NONE',  ( 125.0000000000000000, 350.0000000000000000, 450.0000000000001705 ) ) ;
#2462 = LINE ( 'NONE', #1567, #2995 ) ;
#2463 = ORIENTED_EDGE ( 'NONE', *, *, #2848, .F. ) ;
#2464 = EDGE_CURVE ( 'NONE', #2200, #876, #559, .T. ) ;
#2465 = LINE ( 'NONE', #311, #3527 ) ;
#2466 = CARTESIAN_POINT ( 'NONE',  ( 66.87817782917161935, 768.0000000000000000, 18.00000000000002132 ) ) ;
#2467 = CARTESIAN_POINT ( 'NONE',  ( -280.0000000000000000, 580.0000000000000000, -349.9999999999998863 ) ) ;
#2468 = VERTEX_POINT ( 'NONE', #599 ) ;
#2469 = DIRECTION ( 'NONE',  ( 1.586032892321651989E-16, 0.000000000000000000, 1.000000000000000000 ) ) ;
#2470 = EDGE_CURVE ( 'NONE', #1597, #1733, #2071, .T. ) ;
#2471 = LINE ( 'NONE', #2533, #2121 ) ;
#2472 = DIRECTION ( 'NONE',  ( 0.4226182617407043263, -0.9063077870366477162, 0.000000000000000000 ) ) ;
#2473 = DIRECTION ( 'NONE',  ( 0.000000000000000000, 0.000000000000000000, 1.000000000000000000 ) ) ;
#2474 = VECTOR ( 'NONE', #549, 1000.000000000000000 ) ;
#2475 = CARTESIAN_POINT ( 'NONE',  ( -125.0000000000001705, -1.982541115402066333E-14, 330.0000000000001705 ) ) ;
#2476 = VERTEX_POINT ( 'NONE', #1483 ) ;
#2477 = CARTESIAN_POINT ( 'NONE',  ( -280.0000000000000000, 480.0000000000000000, -349.9999999999998863 ) ) ;
#2478 = VECTOR ( 'NONE', #2645, 1000.000000000000000 ) ;
#2479 = VERTEX_POINT ( 'NONE', #3018 ) ;
#2480 = LINE ( 'NONE', #1590, #2033 ) ;
#2481 = CARTESIAN_POINT ( 'NONE',  ( -280.0000000000000000, -20.00000000000000000, -329.9999999999998295 ) ) ;
#2482 = ORIENTED_EDGE ( 'NONE', *, *, #156, .T. ) ;
#2483 = VECTOR ( 'NONE', #628, 1000.000000000000000 ) ;
#2484 = PLANE ( 'NONE',  #2228 ) ;
#2485 = CIRCLE ( 'NONE', #616, 431.4904402185521803 ) ;
#2486 = CARTESIAN_POINT ( 'NONE',  ( 0.000000000000000000, 760.0000000000000000, 0.000000000000000000 ) ) ;
#2487 = LINE ( 'NONE', #3722, #371 ) ;
#2488 = CC_DESIGN_PERSON_AND_ORGANIZATION_ASSIGNMENT ( #1056, #1980, ( #3159 ) ) ;
#2489 = VECTOR ( 'NONE', #846, 1000.000000000000000 ) ;
#2490 = ORIENTED_EDGE ( 'NONE', *, *, #1950, .T. ) ;
#2491 = CARTESIAN_POINT ( 'NONE',  ( -300.0000000000000568, 230.0000000000000000, -299.9999999999998295 ) ) ;
#2492 = DIRECTION ( 'NONE',  ( 0.000000000000000000, 0.000000000000000000, -1.000000000000000000 ) ) ;
#2493 = FACE_OUTER_BOUND ( 'NONE', #2460, .T. ) ;
#2494 = FACE_BOUND ( 'NONE', #2382, .T. ) ;
#2495 = EDGE_CURVE ( 'NONE', #1492, #1658, #1500, .T. ) ;
#2496 = EDGE_CURVE ( 'NONE', #1960, #2825, #3771, .T. ) ;
#2497 = DIRECTION ( 'NONE',  ( 1.000000000000000000, -0.000000000000000000, -0.000000000000000000 ) ) ;
#2498 = EDGE_LOOP ( 'NONE', ( #226, #3308, #3885, #1167 ) ) ;
#2499 = DIRECTION ( 'NONE',  ( 1.000000000000000000, 7.930164461608261179E-17, 0.000000000000000000 ) ) ;
#2500 = ADVANCED_FACE ( 'NONE', ( #3988 ), #3387, .T. ) ;
#2501 = EDGE_LOOP ( 'NONE', ( #829, #532, #3002, #524 ) ) ;
#2502 = FACE_OUTER_BOUND ( 'NONE', #1687, .T. ) ;
#2503 = CARTESIAN_POINT ( 'NONE',  ( -451.3274595042154829, 600.0000000000000000, 249.9999999999998579 ) ) ;
#2504 = EDGE_LOOP ( 'NONE', ( #1185, #1694, #3510, #1952 ) ) ;
#2505 = DIRECTION ( 'NONE',  ( -1.000000000000000000, -0.000000000000000000, -0.000000000000000000 ) ) ;
#2506 = FACE_OUTER_BOUND ( 'NONE', #2163, .T. ) ;
#2507 = VECTOR ( 'NONE', #3205, 1000.000000000000000 ) ;
#2508 = LINE ( 'NONE', #2207, #3076 ) ;
#2509 = ORIENTED_EDGE ( 'NONE', *, *, #914, .T. ) ;
#2510 = CARTESIAN_POINT ( 'NONE',  ( 300.0000000000001705, 600.0000000000000000, -249.9999999999998579 ) ) ;
#2511 = CIRCLE ( 'NONE', #3798, 444.6391795602361867 ) ;
#2512 = AXIS2_PLACEMENT_3D ( 'NONE', #220, #2657, #1443 ) ;
#2513 = ORIENTED_EDGE ( 'NONE', *, *, #1085, .T. ) ;
#2514 = PLANE ( 'NONE',  #1217 ) ;
#2515 = EDGE_CURVE ( 'NONE', #2115, #185, #1464, .T. ) ;
#2516 = FACE_OUTER_BOUND ( 'NONE', #2643, .T. ) ;
#2517 = FACE_OUTER_BOUND ( 'NONE', #881, .T. ) ;
#2518 = EDGE_LOOP ( 'NONE', ( #1058, #3729, #3321, #1693 ) ) ;
#2519 = DIRECTION ( 'NONE',  ( 0.000000000000000000, 0.000000000000000000, -1.000000000000000000 ) ) ;
#2520 = EDGE_LOOP ( 'NONE', ( #3176, #937, #893, #2113 ) ) ;
#2521 = VECTOR ( 'NONE', #3968, 1000.000000000000000 ) ;
#2522 = CARTESIAN_POINT ( 'NONE',  ( -300.0000000000000568, 600.0000000000000000, 350.0000000000002274 ) ) ;
#2523 = CARTESIAN_POINT ( 'NONE',  ( 300.0000000000001705, 480.0000000000000000, -299.9999999999998863 ) ) ;
#2524 = ORIENTED_EDGE ( 'NONE', *, *, #3513, .F. ) ;
#2525 = DIRECTION ( 'NONE',  ( -1.000000000000000000, -0.000000000000000000, -0.000000000000000000 ) ) ;
#2526 = PLANE ( 'NONE',  #1619 ) ;
#2527 = VECTOR ( 'NONE', #1364, 1000.000000000000000 ) ;
#2528 = CARTESIAN_POINT ( 'NONE',  ( 300.0000000000001705, 480.0000000000000000, -299.9999999999998863 ) ) ;
#2529 = EDGE_CURVE ( 'NONE', #2468, #3591, #2389, .T. ) ;
#2530 = VERTEX_POINT ( 'NONE', #1559 ) ;
#2531 = CARTESIAN_POINT ( 'NONE',  ( -300.0000000000000568, 480.0000000000000000, -49.99999999999987921 ) ) ;
#2532 = EDGE_LOOP ( 'NONE', ( #2769, #2684, #2661, #3295 ) ) ;
#2533 = CARTESIAN_POINT ( 'NONE',  ( -300.0000000000000568, 580.0000000000000000, 249.9999999999998579 ) ) ;
#2534 = FACE_BOUND ( 'NONE', #1252, .T. ) ;
#2535 = DIRECTION ( 'NONE',  ( -0.000000000000000000, 1.000000000000000000, 0.000000000000000000 ) ) ;
#2536 = VERTEX_POINT ( 'NONE', #1264 ) ;
#2537 = DIRECTION ( 'NONE',  ( 0.000000000000000000, -1.000000000000000000, 0.000000000000000000 ) ) ;
#2538 = VERTEX_POINT ( 'NONE', #32 ) ;
#2539 = ADVANCED_FACE ( 'NONE', ( #2493 ), #3409, .T. ) ;
#2540 = DIRECTION ( 'NONE',  ( 0.000000000000000000, -1.000000000000000000, -0.000000000000000000 ) ) ;
#2541 = CARTESIAN_POINT ( 'NONE',  ( -30.00000000000000000, 775.0000000000000000, -30.00000000000001776 ) ) ;
#2542 = ORIENTED_EDGE ( 'NONE', *, *, #3476, .F. ) ;
#2543 = VECTOR ( 'NONE', #3158, 1000.000000000000000 ) ;
#2544 = LINE ( 'NONE', #1893, #1130 ) ;
#2545 = DIRECTION ( 'NONE',  ( 0.000000000000000000, 1.000000000000000000, -0.000000000000000000 ) ) ;
#2546 = EDGE_CURVE ( 'NONE', #2704, #3658, #3103, .T. ) ;
#2547 = DIRECTION ( 'NONE',  ( 1.000000000000000000, 7.930164461608261179E-17, -0.000000000000000000 ) ) ;
#2548 = EDGE_CURVE ( 'NONE', #185, #386, #3980, .T. ) ;
#2549 = ORIENTED_EDGE ( 'NONE', *, *, #495, .F. ) ;
#2550 = CARTESIAN_POINT ( 'NONE',  ( -30.00000000000000000, 768.0000000000000000, -18.00000000000001066 ) ) ;
#2551 = VECTOR ( 'NONE', #826, 1000.000000000000000 ) ;
#2552 = CLOSED_SHELL ( 'NONE', ( #2964, #736, #2620, #1404, #1411, #2234 ) ) ;
#2553 = VECTOR ( 'NONE', #1545, 1000.000000000000000 ) ;
#2554 = EDGE_CURVE ( 'NONE', #1367, #3485, #912, .T. ) ;
#2555 = ORIENTED_EDGE ( 'NONE', *, *, #2595, .F. ) ;
#2556 = DIRECTION ( 'NONE',  ( -1.000000000000000000, -0.000000000000000000, -0.000000000000000000 ) ) ;
#2557 = FACE_OUTER_BOUND ( 'NONE', #1121, .T. ) ;
#2558 = DIRECTION ( 'NONE',  ( 0.000000000000000000, 1.000000000000000000, 0.000000000000000000 ) ) ;
#2559 = ORIENTED_EDGE ( 'NONE', *, *, #204, .T. ) ;
#2560 = LINE ( 'NONE', #985, #1005 ) ;
#2561 = VERTEX_POINT ( 'NONE', #2147 ) ;
#2562 = LINE ( 'NONE', #387, #2880 ) ;
#2563 = CARTESIAN_POINT ( 'NONE',  ( 24.99999999999999289, 730.0000000000000000, -25.00000000000000000 ) ) ;
#2564 = ORIENTED_EDGE ( 'NONE', *, *, #1720, .F. ) ;
#2565 = CARTESIAN_POINT ( 'NONE',  ( -130.0000000000000284, 230.0000000000000000, 299.9999999999998295 ) ) ;
#2566 = CARTESIAN_POINT ( 'NONE',  ( 30.00000000000002132, 301.9999999999999432, 0.000000000000000000 ) ) ;
#2567 = CARTESIAN_POINT ( 'NONE',  ( 300.0000000000001705, 600.0000000000000000, 350.0000000000001137 ) ) ;
#2568 = EDGE_CURVE ( 'NONE', #1776, #1298, #271, .T. ) ;
#2569 = EDGE_LOOP ( 'NONE', ( #323, #848, #793, #3019 ) ) ;
#2570 = LINE ( 'NONE', #3198, #545 ) ;
#2571 = VECTOR ( 'NONE', #3588, 1000.000000000000000 ) ;
#2572 = ORIENTED_EDGE ( 'NONE', *, *, #150, .F. ) ;
#2573 = CARTESIAN_POINT ( 'NONE',  ( -451.3274595042154829, 600.0000000000000000, 99.99999999999997158 ) ) ;
#2574 = AXIS2_PLACEMENT_3D ( 'NONE', #2838, #2558, #1562 ) ;
#2575 = CARTESIAN_POINT ( 'NONE',  ( 0.000000000000000000, 301.9999999999999432, 0.000000000000000000 ) ) ;
#2576 = DIRECTION ( 'NONE',  ( -1.000000000000000000, 7.930164461608261179E-17, 0.000000000000000000 ) ) ;
#2577 = ORIENTED_EDGE ( 'NONE', *, *, #3585, .F. ) ;
#2578 = CARTESIAN_POINT ( 'NONE',  ( -475.5709628591620231, -4.762626506339582692E-14, 350.0000000000002274 ) ) ;
#2579 = VERTEX_POINT ( 'NONE', #1495 ) ;
#2580 = DIRECTION ( 'NONE',  ( 0.000000000000000000, 0.000000000000000000, -1.000000000000000000 ) ) ;
#2581 = FACE_OUTER_BOUND ( 'NONE', #1754, .T. ) ;
#2582 = ORIENTED_EDGE ( 'NONE', *, *, #2248, .T. ) ;
#2583 = FACE_OUTER_BOUND ( 'NONE', #916, .T. ) ;
#2584 = DIRECTION ( 'NONE',  ( 0.000000000000000000, -1.000000000000000000, 2.220446049250313574E-16 ) ) ;
#2585 = PRODUCT ( 'Passive House', 'Passive House', '', ( #3522 ) ) ;
#2586 = DIRECTION ( 'NONE',  ( 0.000000000000000000, 1.000000000000000000, 0.000000000000000000 ) ) ;
#2587 = VERTEX_POINT ( 'NONE', #3677 ) ;
#2588 = LINE ( 'NONE', #1080, #1190 ) ;
#2589 = EDGE_CURVE ( 'NONE', #1006, #2735, #2086, .T. ) ;
#2590 = AXIS2_PLACEMENT_3D ( 'NONE', #3948, #561, #3060 ) ;
#2591 = ADVANCED_FACE ( 'NONE', ( #571 ), #3096, .F. ) ;
#2592 = VERTEX_POINT ( 'NONE', #2107 ) ;
#2593 = FACE_OUTER_BOUND ( 'NONE', #408, .T. ) ;
#2594 = DIRECTION ( 'NONE',  ( 0.000000000000000000, 1.000000000000000000, 0.000000000000000000 ) ) ;
#2595 = EDGE_CURVE ( 'NONE', #1006, #3053, #1799, .T. ) ;
#2596 = PLANE ( 'NONE',  #3474 ) ;
#2597 = EDGE_CURVE ( 'NONE', #1478, #3222, #3011, .T. ) ;
#2598 = ORIENTED_EDGE ( 'NONE', *, *, #1945, .T. ) ;
#2599 = PLANE ( 'NONE',  #464 ) ;
#2600 = AXIS2_PLACEMENT_3D ( 'NONE', #3540, #2586, #470 ) ;
#2601 = VERTEX_POINT ( 'NONE', #1155 ) ;
#2602 = DIRECTION ( 'NONE',  ( 0.000000000000000000, -0.000000000000000000, 1.000000000000000000 ) ) ;
#2603 = FACE_OUTER_BOUND ( 'NONE', #3339, .T. ) ;
#2604 = CARTESIAN_POINT ( 'NONE',  ( -125.0000000000000000, 350.0000000000000000, 450.0000000000001705 ) ) ;
#2605 = DIRECTION ( 'NONE',  ( -1.000000000000000000, 0.000000000000000000, 0.000000000000000000 ) ) ;
#2606 = PERSON_AND_ORGANIZATION_ROLE ( 'classification_officer' ) ;
#2607 = DIRECTION ( 'NONE',  ( 0.000000000000000000, 0.000000000000000000, -1.000000000000000000 ) ) ;
#2608 = ORIENTED_EDGE ( 'NONE', *, *, #3461, .T. ) ;
#2609 = VECTOR ( 'NONE', #3239, 1000.000000000000000 ) ;
#2610 = DIRECTION ( 'NONE',  ( 0.000000000000000000, 0.6702063464014405003, 0.7421748131291119321 ) ) ;
#2611 = VECTOR ( 'NONE', #427, 1000.000000000000000 ) ;
#2612 = VERTEX_POINT ( 'NONE', #3958 ) ;
#2613 = LINE ( 'NONE', #2952, #2247 ) ;
#2614 = VECTOR ( 'NONE', #3656, 1000.000000000000000 ) ;
#2615 = DIRECTION ( 'NONE',  ( -3.700743415417192084E-16, 0.000000000000000000, -1.000000000000000000 ) ) ;
#2616 = VECTOR ( 'NONE', #3698, 1000.000000000000000 ) ;
#2617 = CARTESIAN_POINT ( 'NONE',  ( 30.00000000000001776, 768.0000000000000000, -18.00000000000002132 ) ) ;
#2618 = ORIENTED_EDGE ( 'NONE', *, *, #615, .T. ) ;
#2619 = CARTESIAN_POINT ( 'NONE',  ( -280.0000000000000000, 590.0000000000000000, -329.9999999999998295 ) ) ;
#2620 = ADVANCED_FACE ( 'NONE', ( #1215 ), #2425, .T. ) ;
#2621 = ORIENTED_EDGE ( 'NONE', *, *, #2666, .T. ) ;
#2622 = FACE_BOUND ( 'NONE', #1020, .T. ) ;
#2623 = LINE ( 'NONE', #2167, #3866 ) ;
#2624 = CARTESIAN_POINT ( 'NONE',  ( -280.0000000000000000, 600.0000000000000000, 99.99999999999997158 ) ) ;
#2625 = ORIENTED_EDGE ( 'NONE', *, *, #3020, .F. ) ;
#2626 = EDGE_LOOP ( 'NONE', ( #288, #234, #843, #1581 ) ) ;
#2627 = CARTESIAN_POINT ( 'NONE',  ( -280.0000000000000000, 579.9999999999996589, 330.0000000000001705 ) ) ;
#2628 = VERTEX_POINT ( 'NONE', #2383 ) ;
#2629 = PLANE ( 'NONE',  #830 ) ;
#2630 = CARTESIAN_POINT ( 'NONE',  ( 300.0000000000001705, 600.0000000000000000, 249.9999999999998579 ) ) ;
#2631 = VECTOR ( 'NONE', #1084, 1000.000000000000000 ) ;
#2632 = DIRECTION ( 'NONE',  ( 1.000000000000000000, 0.000000000000000000, -0.000000000000000000 ) ) ;
#2633 = EDGE_CURVE ( 'NONE', #3233, #2536, #2465, .T. ) ;
#2634 = ORIENTED_EDGE ( 'NONE', *, *, #3730, .T. ) ;
#2635 = EDGE_CURVE ( 'NONE', #2002, #2704, #2688, .T. ) ;
#2636 = PLANE ( 'NONE',  #2073 ) ;
#2637 = LOCAL_TIME ( 18, 22, 15.00000000000000000, #3836 ) ;
#2638 = VERTEX_POINT ( 'NONE', #2125 ) ;
#2639 = CARTESIAN_POINT ( 'NONE',  ( 0.000000000000000000, 0.000000000000000000, 330.0000000000001705 ) ) ;
#2640 = CARTESIAN_POINT ( 'NONE',  ( 128.6725404957846308, 600.0000000000000000, 100.0000000000000000 ) ) ;
#2641 = DIRECTION ( 'NONE',  ( -0.000000000000000000, -0.000000000000000000, -1.000000000000000000 ) ) ;
#2642 = EDGE_CURVE ( 'NONE', #2921, #562, #2164, .T. ) ;
#2643 = EDGE_LOOP ( 'NONE', ( #509, #3535, #3238, #79 ) ) ;
#2644 = DIRECTION ( 'NONE',  ( 0.000000000000000000, 0.000000000000000000, -1.000000000000000000 ) ) ;
#2645 = DIRECTION ( 'NONE',  ( -1.000000000000000000, -0.000000000000000000, 0.000000000000000000 ) ) ;
#2646 = EDGE_CURVE ( 'NONE', #272, #69, #632, .T. ) ;
#2647 = EDGE_LOOP ( 'NONE', ( #2390, #3168, #3394, #3481 ) ) ;
#2648 = VECTOR ( 'NONE', #3487, 1000.000000000000000 ) ;
#2649 = DIRECTION ( 'NONE',  ( 0.000000000000000000, 0.000000000000000000, 1.000000000000000000 ) ) ;
#2650 = DIRECTION ( 'NONE',  ( -1.387778780781445676E-16, -0.000000000000000000, -1.000000000000000000 ) ) ;
#2651 = VECTOR ( 'NONE', #214, 1000.000000000000000 ) ;
#2652 = FACE_OUTER_BOUND ( 'NONE', #1714, .T. ) ;
#2653 = ORIENTED_EDGE ( 'NONE', *, *, #1378, .F. ) ;
#2654 = FACE_OUTER_BOUND ( 'NONE', #442, .T. ) ;
#2655 = APPROVAL ( #626, 'UNSPECIFIED' ) ;
#2656 = ORIENTED_EDGE ( 'NONE', *, *, #1780, .F. ) ;
#2657 = DIRECTION ( 'NONE',  ( 0.000000000000000000, -1.000000000000000000, 0.000000000000000000 ) ) ;
#2658 = VERTEX_POINT ( 'NONE', #3939 ) ;
#2659 = FACE_OUTER_BOUND ( 'NONE', #1231, .T. ) ;
#2660 = PERSON_AND_ORGANIZATION ( #454, #2330 ) ;
#2661 = ORIENTED_EDGE ( 'NONE', *, *, #2961, .F. ) ;
#2662 = ORIENTED_EDGE ( 'NONE', *, *, #2047, .F. ) ;
#2663 = LINE ( 'NONE', #1113, #3384 ) ;
#2664 = VERTEX_POINT ( 'NONE', #3359 ) ;
#2665 = EDGE_CURVE ( 'NONE', #1081, #3304, #1457, .T. ) ;
#2666 = EDGE_CURVE ( 'NONE', #2377, #550, #3031, .T. ) ;
#2667 = VECTOR ( 'NONE', #352, 1000.000000000000000 ) ;
#2668 = EDGE_LOOP ( 'NONE', ( #2316, #3801, #334, #741 ) ) ;
#2669 = FACE_OUTER_BOUND ( 'NONE', #3895, .T. ) ;
#2670 = VECTOR ( 'NONE', #710, 1000.000000000000000 ) ;
#2671 = DIRECTION ( 'NONE',  ( 1.000000000000000000, 0.000000000000000000, -0.000000000000000000 ) ) ;
#2672 = EDGE_CURVE ( 'NONE', #3612, #3515, #590, .T. ) ;
#2673 = CARTESIAN_POINT ( 'NONE',  ( -481.2615574073295193, 515.4763476518589869, 350.0000000000002274 ) ) ;
#2674 = DIRECTION ( 'NONE',  ( -1.000000000000000000, 0.000000000000000000, 1.387778780781445676E-16 ) ) ;
#2675 = VECTOR ( 'NONE', #2341, 1000.000000000000000 ) ;
#2676 = ORIENTED_EDGE ( 'NONE', *, *, #2495, .F. ) ;
#2677 = VECTOR ( 'NONE', #1410, 1000.000000000000000 ) ;
#2678 = FACE_BOUND ( 'NONE', #2085, .T. ) ;
#2679 = VECTOR ( 'NONE', #3066, 1000.000000000000000 ) ;
#2680 = VERTEX_POINT ( 'NONE', #551 ) ;
#2681 = DIRECTION ( 'NONE',  ( 1.000000000000000000, -0.000000000000000000, -2.312964634635743450E-16 ) ) ;
#2682 = ORIENTED_EDGE ( 'NONE', *, *, #2719, .T. ) ;
#2683 = DIRECTION ( 'NONE',  ( 1.000000000000000000, 0.000000000000000000, -0.000000000000000000 ) ) ;
#2684 = ORIENTED_EDGE ( 'NONE', *, *, #2842, .T. ) ;
#2685 = ORIENTED_EDGE ( 'NONE', *, *, #2698, .T. ) ;
#2686 = PLANE ( 'NONE',  #1892 ) ;
#2687 = ORIENTED_EDGE ( 'NONE', *, *, #129, .F. ) ;
#2688 = LINE ( 'NONE', #2770, #3647 ) ;
#2689 = EDGE_CURVE ( 'NONE', #2843, #51, #1779, .T. ) ;
#2690 = ORIENTED_EDGE ( 'NONE', *, *, #3266, .T. ) ;
#2691 = CARTESIAN_POINT ( 'NONE',  ( -300.0000000000000568, 580.0000000000000000, 249.9999999999998579 ) ) ;
#2692 = CARTESIAN_POINT ( 'NONE',  ( 280.0000000000000000, 0.000000000000000000, -329.9999999999998295 ) ) ;
#2693 = FACE_OUTER_BOUND ( 'NONE', #1708, .T. ) ;
#2694 = DIRECTION ( 'NONE',  ( 0.000000000000000000, 0.6442784685083438045, 0.7647909877976747373 ) ) ;
#2695 = ORIENTED_EDGE ( 'NONE', *, *, #3985, .F. ) ;
#2696 = FACE_OUTER_BOUND ( 'NONE', #3241, .T. ) ;
#2697 = VECTOR ( 'NONE', #438, 1000.000000000000000 ) ;
#2698 = EDGE_CURVE ( 'NONE', #2966, #2115, #1034, .T. ) ;
#2699 = VERTEX_POINT ( 'NONE', #3777 ) ;
#2700 = LINE ( 'NONE', #3392, #2701 ) ;
#2701 = VECTOR ( 'NONE', #263, 1000.000000000000000 ) ;
#2702 = VERTEX_POINT ( 'NONE', #1295 ) ;
#2703 = DIRECTION ( 'NONE',  ( 1.000000000000000000, 0.000000000000000000, -1.586032892321651989E-16 ) ) ;
#2704 = VERTEX_POINT ( 'NONE', #3153 ) ;
#2705 = CARTESIAN_POINT ( 'NONE',  ( 30.00000000000002842, 760.0000000000000000, 18.00000000000002842 ) ) ;
#2706 = FACE_OUTER_BOUND ( 'NONE', #2124, .T. ) ;
#2707 = ORIENTED_EDGE ( 'NONE', *, *, #129, .T. ) ;
#2708 = DIRECTION ( 'NONE',  ( 0.000000000000000000, 0.000000000000000000, 1.000000000000000000 ) ) ;
#2709 = EDGE_CURVE ( 'NONE', #931, #368, #3457, .T. ) ;
#2710 = ORIENTED_EDGE ( 'NONE', *, *, #2554, .T. ) ;
#2711 = PLANE ( 'NONE',  #3320 ) ;
#2712 = FACE_OUTER_BOUND ( 'NONE', #1782, .T. ) ;
#2713 = DIRECTION ( 'NONE',  ( -1.000000000000000000, -0.000000000000000000, -0.000000000000000000 ) ) ;
#2714 = CARTESIAN_POINT ( 'NONE',  ( 300.0000000000001705, 230.0000000000000000, -299.9999999999998295 ) ) ;
#2715 = VERTEX_POINT ( 'NONE', #2810 ) ;
#2716 = VECTOR ( 'NONE', #1122, 1000.000000000000000 ) ;
#2717 = PLANE ( 'NONE',  #2590 ) ;
#2718 = EDGE_CURVE ( 'NONE', #1503, #876, #2242, .T. ) ;
#2719 = EDGE_CURVE ( 'NONE', #1111, #2438, #2485, .T. ) ;
#2720 = EDGE_LOOP ( 'NONE', ( #1098, #2513, #3379, #1 ) ) ;
#2721 = CARTESIAN_POINT ( 'NONE',  ( 300.0000000000000568, 750.0000000000000000, -349.9999999999998863 ) ) ;
#2722 = EDGE_LOOP ( 'NONE', ( #833, #2370, #745, #3655, #1249 ) ) ;
#2723 = FACE_OUTER_BOUND ( 'NONE', #1131, .T. ) ;
#2724 = EDGE_CURVE ( 'NONE', #3951, #3619, #1633, .T. ) ;
#2725 = VERTEX_POINT ( 'NONE', #47 ) ;
#2726 = ORIENTED_EDGE ( 'NONE', *, *, #1498, .T. ) ;
#2727 = DIRECTION ( 'NONE',  ( -0.000000000000000000, 1.000000000000000000, -5.551115123125777969E-15 ) ) ;
#2728 = EDGE_LOOP ( 'NONE', ( #2572, #2685, #3290, #285 ) ) ;
#2729 = CARTESIAN_POINT ( 'NONE',  ( 280.0000000000000000, -20.00000000000000000, -349.9999999999998863 ) ) ;
#2730 = VERTEX_POINT ( 'NONE', #390 ) ;
#2731 = DIRECTION ( 'NONE',  ( 0.000000000000000000, 0.000000000000000000, -1.000000000000000000 ) ) ;
#2732 = DIRECTION ( 'NONE',  ( 0.000000000000000000, 0.000000000000000000, 1.000000000000000000 ) ) ;
#2733 = CARTESIAN_POINT ( 'NONE',  ( 30.00000000000002842, 732.4462800396815965, 29.99999999999998224 ) ) ;
#2734 = VECTOR ( 'NONE', #2046, 1000.000000000000114 ) ;
#2735 = VERTEX_POINT ( 'NONE', #2866 ) ;
#2736 = DIRECTION ( 'NONE',  ( 0.000000000000000000, 0.000000000000000000, 1.000000000000000000 ) ) ;
#2737 = EDGE_CURVE ( 'NONE', #2362, #51, #3740, .T. ) ;
#2738 = ORIENTED_EDGE ( 'NONE', *, *, #321, .T. ) ;
#2739 = CARTESIAN_POINT ( 'NONE',  ( -130.0000000000000284, 480.0000000000000000, 49.99999999999987921 ) ) ;
#2740 = AXIS2_PLACEMENT_3D ( 'NONE', #1225, #619, #317 ) ;
#2741 = ORIENTED_EDGE ( 'NONE', *, *, #3391, .T. ) ;
#2742 = FACE_OUTER_BOUND ( 'NONE', #756, .T. ) ;
#2743 = EDGE_CURVE ( 'NONE', #3560, #1051, #973, .T. ) ;
#2744 = APPROVAL_DATE_TIME ( #2416, #2655 ) ;
#2745 = CLOSED_SHELL ( 'NONE', ( #1826, #455, #2916, #3146, #1280, #3365 ) ) ;
#2746 = VECTOR ( 'NONE', #1470, 1000.000000000000000 ) ;
#2747 = ORIENTED_EDGE ( 'NONE', *, *, #1602, .F. ) ;
#2748 = CARTESIAN_POINT ( 'NONE',  ( -300.0000000000000568, 580.0000000000000000, 100.0000000000000000 ) ) ;
#2749 = PLANE ( 'NONE',  #3192 ) ;
#2750 = ORIENTED_EDGE ( 'NONE', *, *, #3215, .F. ) ;
#2751 = CARTESIAN_POINT ( 'NONE',  ( 280.0000000000000000, 600.0000000000000000, -349.9999999999998863 ) ) ;
#2752 = PLANE ( 'NONE',  #2451 ) ;
#2753 = ORIENTED_EDGE ( 'NONE', *, *, #1703, .T. ) ;
#2754 = FACE_OUTER_BOUND ( 'NONE', #823, .T. ) ;
#2755 = LINE ( 'NONE', #3685, #766 ) ;
#2756 = LINE ( 'NONE', #2406, #553 ) ;
#2757 = EDGE_CURVE ( 'NONE', #2236, #1778, #711, .T. ) ;
#2758 = CARTESIAN_POINT ( 'NONE',  ( 300.0000000000000568, 600.0000000000000000, -249.9999999999998579 ) ) ;
#2759 = FACE_OUTER_BOUND ( 'NONE', #1293, .T. ) ;
#2760 = EDGE_CURVE ( 'NONE', #2680, #2921, #1012, .T. ) ;
#2761 = ADVANCED_FACE ( 'NONE', ( #2223 ), #3796, .F. ) ;
#2762 = VERTEX_POINT ( 'NONE', #1613 ) ;
#2763 = VECTOR ( 'NONE', #734, 1000.000000000000000 ) ;
#2764 = LINE ( 'NONE', #2437, #429 ) ;
#2765 = EDGE_LOOP ( 'NONE', ( #3847, #1412, #1955, #723 ) ) ;
#2766 = VECTOR ( 'NONE', #583, 1000.000000000000000 ) ;
#2767 = DIRECTION ( 'NONE',  ( -3.700743415417192084E-16, 0.000000000000000000, -1.000000000000000000 ) ) ;
#2768 = LINE ( 'NONE', #1233, #1064 ) ;
#2769 = ORIENTED_EDGE ( 'NONE', *, *, #1360, .T. ) ;
#2770 = CARTESIAN_POINT ( 'NONE',  ( -300.0000000000000568, 600.0000000000000000, -249.9999999999998579 ) ) ;
#2771 = EDGE_CURVE ( 'NONE', #3033, #2730, #2205, .T. ) ;
#2772 = CARTESIAN_POINT ( 'NONE',  ( 300.0000000000001705, 600.0000000000000000, 350.0000000000001137 ) ) ;
#2773 = ORIENTED_EDGE ( 'NONE', *, *, #2672, .F. ) ;
#2774 = DIRECTION ( 'NONE',  ( 0.000000000000000000, 1.000000000000000000, -1.387778780781444689E-15 ) ) ;
#2775 = EDGE_CURVE ( 'NONE', #2409, #2377, #1551, .T. ) ;
#2776 = EDGE_CURVE ( 'NONE', #2538, #989, #2544, .T. ) ;
#2777 = CARTESIAN_POINT ( 'NONE',  ( -125.0000000000000568, -7.542711897277096526E-14, 330.0000000000001705 ) ) ;
#2778 = DIRECTION ( 'NONE',  ( -1.000000000000000000, -0.000000000000000000, -0.000000000000000000 ) ) ;
#2779 = DIRECTION ( 'NONE',  ( 1.000000000000000000, 0.000000000000000000, -1.586032892321651989E-16 ) ) ;
#2780 = DIRECTION ( 'NONE',  ( 1.000000000000000000, 0.000000000000000000, -0.000000000000000000 ) ) ;
#2781 = VECTOR ( 'NONE', #3845, 1000.000000000000000 ) ;
#2782 = ORIENTED_EDGE ( 'NONE', *, *, #261, .T. ) ;
#2783 = FACE_OUTER_BOUND ( 'NONE', #1281, .T. ) ;
#2784 = VECTOR ( 'NONE', #1713, 1000.000000000000000 ) ;
#2785 = ORIENTED_EDGE ( 'NONE', *, *, #838, .T. ) ;
#2786 = CARTESIAN_POINT ( 'NONE',  ( 0.000000000000000000, 732.4462800396815965, 29.99999999999998224 ) ) ;
#2787 = PLANE ( 'NONE',  #1257 ) ;
#2788 = ORIENTED_EDGE ( 'NONE', *, *, #2110, .T. ) ;
#2789 = CARTESIAN_POINT ( 'NONE',  ( 300.0000000000001705, 600.0000000000000000, -100.0000000000000000 ) ) ;
#2790 = CARTESIAN_POINT ( 'NONE',  ( 300.0000000000001705, 600.0000000000000000, 350.0000000000001137 ) ) ;
#2791 = CARTESIAN_POINT ( 'NONE',  ( 300.0000000000001705, 480.0000000000000000, -299.9999999999998863 ) ) ;
#2792 = ORIENTED_EDGE ( 'NONE', *, *, #1720, .T. ) ;
#2793 = LINE ( 'NONE', #2834, #1569 ) ;
#2794 = ADVANCED_FACE ( 'NONE', ( #1254 ), #2484, .T. ) ;
#2795 = EDGE_CURVE ( 'NONE', #3928, #2702, #2187, .T. ) ;
#2796 = VECTOR ( 'NONE', #1709, 1000.000000000000000 ) ;
#2797 = CARTESIAN_POINT ( 'NONE',  ( -280.0000000000000000, 480.0000000000000000, 299.9999999999998863 ) ) ;
#2798 = DIRECTION ( 'NONE',  ( 1.000000000000000000, 0.000000000000000000, 0.000000000000000000 ) ) ;
#2799 = EDGE_CURVE ( 'NONE', #3218, #845, #671, .T. ) ;
#2800 = LINE ( 'NONE', #621, #2913 ) ;
#2801 = VECTOR ( 'NONE', #1695, 1000.000000000000000 ) ;
#2802 = FACE_OUTER_BOUND ( 'NONE', #2532, .T. ) ;
#2803 = ORIENTED_EDGE ( 'NONE', *, *, #1378, .T. ) ;
#2804 = DIRECTION ( 'NONE',  ( 1.000000000000000000, -0.000000000000000000, -2.312964634635743450E-16 ) ) ;
#2805 = VECTOR ( 'NONE', #1333, 1000.000000000000000 ) ;
#2806 = ORIENTED_EDGE ( 'NONE', *, *, #1363, .T. ) ;
#2807 = CARTESIAN_POINT ( 'NONE',  ( 24.99999999999999289, 760.0000000000000000, -18.00000000000002132 ) ) ;
#2808 = DIRECTION ( 'NONE',  ( 0.000000000000000000, -0.000000000000000000, -1.000000000000000000 ) ) ;
#2809 = ORIENTED_EDGE ( 'NONE', *, *, #2816, .F. ) ;
#2810 = CARTESIAN_POINT ( 'NONE',  ( -30.00000000000000000, 775.0000000000000000, -30.00000000000001776 ) ) ;
#2811 = VECTOR ( 'NONE', #1533, 1000.000000000000000 ) ;
#2812 = CARTESIAN_POINT ( 'NONE',  ( -125.0000000000000284, -1.540743955509788682E-29, 180.0000000000001990 ) ) ;
#2813 = LINE ( 'NONE', #3742, #2430 ) ;
#2814 = ORIENTED_EDGE ( 'NONE', *, *, #2799, .F. ) ;
#2815 = PLANE ( 'NONE',  #3704 ) ;
#2816 = EDGE_CURVE ( 'NONE', #1388, #2612, #3114, .T. ) ;
#2817 = ORIENTED_EDGE ( 'NONE', *, *, #3035, .F. ) ;
#2818 = VECTOR ( 'NONE', #372, 1000.000000000000000 ) ;
#2819 = CARTESIAN_POINT ( 'NONE',  ( -280.0000000000000000, 480.0000000000000000, 299.9999999999998863 ) ) ;
#2820 = CARTESIAN_POINT ( 'NONE',  ( -300.0000000000000568, -20.00000000000000000, 350.0000000000002274 ) ) ;
#2821 = DIRECTION ( 'NONE',  ( -1.000000000000000000, 0.000000000000000000, 0.000000000000000000 ) ) ;
#2822 = ORIENTED_EDGE ( 'NONE', *, *, #3303, .F. ) ;
#2823 = DIRECTION ( 'NONE',  ( -1.000000000000000000, 0.000000000000000000, -0.000000000000000000 ) ) ;
#2824 = EDGE_CURVE ( 'NONE', #2362, #3545, #1314, .T. ) ;
#2825 = VERTEX_POINT ( 'NONE', #3556 ) ;
#2826 = DIRECTION ( 'NONE',  ( -1.000000000000000000, -0.000000000000000000, 0.000000000000000000 ) ) ;
#2827 = FACE_OUTER_BOUND ( 'NONE', #884, .T. ) ;
#2828 = ORIENTED_EDGE ( 'NONE', *, *, #1655, .T. ) ;
#2829 = CARTESIAN_POINT ( 'NONE',  ( -451.3274595042154829, 580.0000000000000000, -249.9999999999998579 ) ) ;
#2830 = CARTESIAN_POINT ( 'NONE',  ( 300.0000000000001705, 580.0000000000000000, 249.9999999999998579 ) ) ;
#2831 = AXIS2_PLACEMENT_3D ( 'NONE', #2836, #2250, #315 ) ;
#2832 = PLANE ( 'NONE',  #3632 ) ;
#2833 = EDGE_LOOP ( 'NONE', ( #1906, #172, #1025, #1642 ) ) ;
#2834 = CARTESIAN_POINT ( 'NONE',  ( 300.0000000000001705, 480.0000000000000000, -49.99999999999987921 ) ) ;
#2835 = VERTEX_POINT ( 'NONE', #201 ) ;
#2836 = CARTESIAN_POINT ( 'NONE',  ( -30.00000000000000000, 770.0000000000000000, -30.00000000000001776 ) ) ;
#2837 = DIRECTION ( 'NONE',  ( 0.000000000000000000, 0.000000000000000000, 1.000000000000000000 ) ) ;
#2838 = CARTESIAN_POINT ( 'NONE',  ( 0.000000000000000000, 750.0000000000000000, 0.000000000000000000 ) ) ;
#2839 = ORIENTED_EDGE ( 'NONE', *, *, #453, .T. ) ;
#2840 = EDGE_CURVE ( 'NONE', #3915, #1747, #786, .T. ) ;
#2841 = CARTESIAN_POINT ( 'NONE',  ( 300.0000000000001705, 580.0000000000000000, 249.9999999999998579 ) ) ;
#2842 = EDGE_CURVE ( 'NONE', #2157, #2999, #2038, .T. ) ;
#2843 = VERTEX_POINT ( 'NONE', #2963 ) ;
#2844 = PLANE ( 'NONE',  #3274 ) ;
#2845 = CARTESIAN_POINT ( 'NONE',  ( 280.0000000000001137, 600.0000000000000000, 99.99999999999997158 ) ) ;
#2846 = ORIENTED_EDGE ( 'NONE', *, *, #402, .T. ) ;
#2847 = CARTESIAN_POINT ( 'NONE',  ( -130.0000000000000284, 480.0000000000000000, 299.9999999999998863 ) ) ;
#2848 = EDGE_CURVE ( 'NONE', #3756, #2601, #3213, .T. ) ;
#2849 = DIRECTION ( 'NONE',  ( 0.000000000000000000, 0.000000000000000000, 1.000000000000000000 ) ) ;
#2850 = AXIS2_PLACEMENT_3D ( 'NONE', #2486, #1855, #1435 ) ;
#2851 = DIRECTION ( 'NONE',  ( -1.000000000000000000, 0.000000000000000000, 0.000000000000000000 ) ) ;
#2852 = ORIENTED_EDGE ( 'NONE', *, *, #2060, .F. ) ;
#2853 = LINE ( 'NONE', #91, #2667 ) ;
#2854 = VERTEX_POINT ( 'NONE', #3575 ) ;
#2855 = CARTESIAN_POINT ( 'NONE',  ( 300.0000000000001705, 600.0000000000000000, 249.9999999999998579 ) ) ;
#2856 = DIRECTION ( 'NONE',  ( 0.000000000000000000, 0.000000000000000000, 1.000000000000000000 ) ) ;
#2857 = CARTESIAN_POINT ( 'NONE',  ( -30.00000000000000000, 760.0000000000000000, 18.00000000000002132 ) ) ;
#2858 = VERTEX_POINT ( 'NONE', #3272 ) ;
#2859 = DIRECTION ( 'NONE',  ( 1.000000000000000000, 7.930164461608261179E-17, 0.000000000000000000 ) ) ;
#2860 = EDGE_CURVE ( 'NONE', #3545, #2843, #3539, .T. ) ;
#2861 = VERTEX_POINT ( 'NONE', #1427 ) ;
#2862 = CARTESIAN_POINT ( 'NONE',  ( -300.0000000000000568, 480.0000000000000568, 49.99999999999987921 ) ) ;
#2863 = CARTESIAN_POINT ( 'NONE',  ( -32.99999999999998579, 760.0000000000000000, 18.00000000000002132 ) ) ;
#2864 = ORIENTED_EDGE ( 'NONE', *, *, #789, .T. ) ;
#2865 = VECTOR ( 'NONE', #2731, 1000.000000000000000 ) ;
#2866 = CARTESIAN_POINT ( 'NONE',  ( -280.0000000000000000, 600.0000000000000000, -249.9999999999998579 ) ) ;
#2867 = CARTESIAN_POINT ( 'NONE',  ( -300.0000000000000568, 230.0000000000000000, -299.9999999999997726 ) ) ;
#2868 = LINE ( 'NONE', #694, #2058 ) ;
#2869 = EDGE_LOOP ( 'NONE', ( #3206, #1555, #2149, #2096 ) ) ;
#2870 = DIRECTION ( 'NONE',  ( 0.000000000000000000, -1.000000000000000000, 0.000000000000000000 ) ) ;
#2871 = AXIS2_PLACEMENT_3D ( 'NONE', #66, #1935, #728 ) ;
#2872 = VECTOR ( 'NONE', #2013, 1000.000000000000000 ) ;
#2873 = EDGE_LOOP ( 'NONE', ( #211, #1049, #482, #433 ) ) ;
#2874 = LINE ( 'NONE', #173, #1023 ) ;
#2875 = DIRECTION ( 'NONE',  ( 0.000000000000000000, -1.110223024625156787E-16, -1.000000000000000000 ) ) ;
#2876 = DIRECTION ( 'NONE',  ( 0.000000000000000000, -1.000000000000000000, -0.000000000000000000 ) ) ;
#2877 = EDGE_LOOP ( 'NONE', ( #1306, #3971, #2773, #3130 ) ) ;
#2878 = CARTESIAN_POINT ( 'NONE',  ( 0.000000000000000000, 0.000000000000000000, -299.9999999999997726 ) ) ;
#2879 = ADVANCED_FACE ( 'NONE', ( #2659 ), #1674, .F. ) ;
#2880 = VECTOR ( 'NONE', #1073, 1000.000000000000000 ) ;
#2881 = ORIENTED_EDGE ( 'NONE', *, *, #2760, .F. ) ;
#2882 = EDGE_CURVE ( 'NONE', #3254, #1385, #2281, .T. ) ;
#2883 = PLANE ( 'NONE',  #3913 ) ;
#2884 = LINE ( 'NONE', #2563, #3324 ) ;
#2885 = ADVANCED_FACE ( 'NONE', ( #2583 ), #2944, .T. ) ;
#2886 = CARTESIAN_POINT ( 'NONE',  ( 0.000000000000000000, 0.000000000000000000, -329.9999999999998295 ) ) ;
#2887 = DIRECTION ( 'NONE',  ( 0.000000000000000000, 0.000000000000000000, 1.000000000000000000 ) ) ;
#2888 = DIRECTION ( 'NONE',  ( -7.930164461608261179E-17, 1.000000000000000000, 0.000000000000000000 ) ) ;
#2889 = VERTEX_POINT ( 'NONE', #2302 ) ;
#2890 = DIRECTION ( 'NONE',  ( 1.000000000000000000, -0.000000000000000000, -0.000000000000000000 ) ) ;
#2891 = EDGE_CURVE ( 'NONE', #2561, #1267, #183, .T. ) ;
#2892 = AXIS2_PLACEMENT_3D ( 'NONE', #176, #1401, #2632 ) ;
#2893 = ORIENTED_EDGE ( 'NONE', *, *, #3370, .T. ) ;
#2894 = LINE ( 'NONE', #1698, #3604 ) ;
#2895 = VECTOR ( 'NONE', #2876, 1000.000000000000000 ) ;
#2896 = CARTESIAN_POINT ( 'NONE',  ( 481.2615574073298035, 515.4763476518592142, 350.0000000000001137 ) ) ;
#2897 = EDGE_CURVE ( 'NONE', #1429, #2427, #3594, .T. ) ;
#2898 = CC_DESIGN_APPROVAL ( #2655, ( #1861 ) ) ;
#2899 = LINE ( 'NONE', #2956, #2507 ) ;
#2900 = ORIENTED_EDGE ( 'NONE', *, *, #1866, .F. ) ;
#2901 = FACE_OUTER_BOUND ( 'NONE', #1704, .T. ) ;
#2902 = ORIENTED_EDGE ( 'NONE', *, *, #1684, .F. ) ;
#2903 = FACE_BOUND ( 'NONE', #3249, .T. ) ;
#2904 = DIRECTION ( 'NONE',  ( 0.000000000000000000, -0.000000000000000000, 1.000000000000000000 ) ) ;
#2905 = DIRECTION ( 'NONE',  ( -2.588527493213609822E-15, -5.551115123125779547E-15, -1.000000000000000000 ) ) ;
#2906 = ORIENTED_EDGE ( 'NONE', *, *, #2597, .F. ) ;
#2907 = PRODUCT_RELATED_PRODUCT_CATEGORY ( 'detail', '', ( #2585 ) ) ;
#2908 = CARTESIAN_POINT ( 'NONE',  ( -130.0000000000000284, 480.0000000000000000, 49.99999999999987921 ) ) ;
#2909 = PERSON_AND_ORGANIZATION_ROLE ( 'design_supplier' ) ;
#2910 = CARTESIAN_POINT ( 'NONE',  ( 280.0000000000000000, 600.0000000000000000, -249.9999999999998579 ) ) ;
#2911 = ORIENTED_EDGE ( 'NONE', *, *, #3687, .F. ) ;
#2912 = LINE ( 'NONE', #3257, #3388 ) ;
#2913 = VECTOR ( 'NONE', #1304, 1000.000000000000000 ) ;
#2914 = ORIENTED_EDGE ( 'NONE', *, *, #1780, .T. ) ;
#2915 = CARTESIAN_POINT ( 'NONE',  ( 280.0000000000000000, 230.0000000000000000, -299.9999999999997726 ) ) ;
#2916 = ADVANCED_FACE ( 'NONE', ( #3834 ), #3234, .T. ) ;
#2917 = DIRECTION ( 'NONE',  ( -1.000000000000000000, -0.000000000000000000, 0.000000000000000000 ) ) ;
#2918 = CARTESIAN_POINT ( 'NONE',  ( 300.0000000000000568, 600.0000000000000000, -249.9999999999998579 ) ) ;
#2919 = EDGE_LOOP ( 'NONE', ( #1873, #1379, #2959, #799 ) ) ;
#2920 = CARTESIAN_POINT ( 'NONE',  ( -300.0000000000000568, 350.0000000000000000, 330.0000000000001705 ) ) ;
#2921 = VERTEX_POINT ( 'NONE', #1110 ) ;
#2922 = DIRECTION ( 'NONE',  ( 0.000000000000000000, 0.000000000000000000, 1.000000000000000000 ) ) ;
#2923 = PLANE ( 'NONE',  #197 ) ;
#2924 = DIRECTION ( 'NONE',  ( -1.000000000000000000, 0.000000000000000000, 0.000000000000000000 ) ) ;
#2925 = VERTEX_POINT ( 'NONE', #1979 ) ;
#2926 = ORIENTED_EDGE ( 'NONE', *, *, #3038, .F. ) ;
#2927 = VECTOR ( 'NONE', #2325, 1000.000000000000000 ) ;
#2928 = CARTESIAN_POINT ( 'NONE',  ( 280.0000000000000000, 480.0000000000000000, -349.9999999999998863 ) ) ;
#2929 = VECTOR ( 'NONE', #3637, 1000.000000000000000 ) ;
#2930 = EDGE_CURVE ( 'NONE', #1528, #2169, #1076, .T. ) ;
#2931 = VECTOR ( 'NONE', #1275, 1000.000000000000000 ) ;
#2932 = ORIENTED_EDGE ( 'NONE', *, *, #56, .T. ) ;
#2933 = DIRECTION ( 'NONE',  ( 1.927470528863117076E-16, -0.000000000000000000, 1.000000000000000000 ) ) ;
#2934 = CLOSED_SHELL ( 'NONE', ( #353, #2971, #231, #30, #332, #3869 ) ) ;
#2935 = DIRECTION ( 'NONE',  ( 0.000000000000000000, -1.415147606131325863E-14, -1.000000000000000000 ) ) ;
#2936 = VECTOR ( 'NONE', #3645, 1000.000000000000000 ) ;
#2937 = DIRECTION ( 'NONE',  ( 0.000000000000000000, -1.000000000000000000, 0.000000000000000000 ) ) ;
#2938 = ORIENTED_EDGE ( 'NONE', *, *, #2151, .T. ) ;
#2939 = DIRECTION ( 'NONE',  ( 0.000000000000000000, 1.000000000000000000, -1.110223024625156787E-16 ) ) ;
#2940 = ORIENTED_EDGE ( 'NONE', *, *, #3907, .F. ) ;
#2941 = LINE ( 'NONE', #483, #2277 ) ;
#2942 = EDGE_CURVE ( 'NONE', #2561, #2192, #144, .T. ) ;
#2943 = ORIENTED_EDGE ( 'NONE', *, *, #3611, .F. ) ;
#2944 = PLANE ( 'NONE',  #1323 ) ;
#2945 = ADVANCED_FACE ( 'NONE', ( #1731 ), #3816, .F. ) ;
#2946 = VERTEX_POINT ( 'NONE', #2624 ) ;
#2947 = DIRECTION ( 'NONE',  ( -0.000000000000000000, -0.000000000000000000, -1.000000000000000000 ) ) ;
#2948 = LINE ( 'NONE', #732, #865 ) ;
#2949 = MANIFOLD_SURFACE_SHAPE_REPRESENTATION ( 'Passive House', ( #38, #1048 ), #2142 ) ;
#2950 = EDGE_CURVE ( 'NONE', #1209, #1960, #125, .T. ) ;
#2951 = ORIENTED_EDGE ( 'NONE', *, *, #3371, .F. ) ;
#2952 = CARTESIAN_POINT ( 'NONE',  ( -280.0000000000000000, 480.0000000000000000, -349.9999999999998863 ) ) ;
#2953 = VECTOR ( 'NONE', #577, 1000.000000000000000 ) ;
#2954 = LINE ( 'NONE', #2048, #2651 ) ;
#2955 = VECTOR ( 'NONE', #1303, 1000.000000000000000 ) ;
#2956 = CARTESIAN_POINT ( 'NONE',  ( 300.0000000000000568, 750.0000000000000000, -349.9999999999998863 ) ) ;
#2957 = VERTEX_POINT ( 'NONE', #1373 ) ;
#2958 = DIRECTION ( 'NONE',  ( -1.000000000000000000, 0.000000000000000000, 2.312964634635743450E-16 ) ) ;
#2959 = ORIENTED_EDGE ( 'NONE', *, *, #2419, .F. ) ;
#2960 = CARTESIAN_POINT ( 'NONE',  ( -280.0000000000000000, 0.000000000000000000, 0.000000000000000000 ) ) ;
#2961 = EDGE_CURVE ( 'NONE', #2946, #2999, #3520, .T. ) ;
#2962 = ORIENTED_EDGE ( 'NONE', *, *, #2724, .F. ) ;
#2963 = CARTESIAN_POINT ( 'NONE',  ( 300.0000000000001137, 580.0000000000000000, 100.0000000000000000 ) ) ;
#2964 = ADVANCED_FACE ( 'NONE', ( #2723 ), #888, .T. ) ;
#2965 = DATE_AND_TIME ( #1732, #63 ) ;
#2966 = VERTEX_POINT ( 'NONE', #2059 ) ;
#2967 = VECTOR ( 'NONE', #1198, 1000.000000000000000 ) ;
#2968 = ORIENTED_EDGE ( 'NONE', *, *, #1929, .T. ) ;
#2969 = PLANE ( 'NONE',  #1896 ) ;
#2970 = EDGE_LOOP ( 'NONE', ( #2258, #471, #356, #3399 ) ) ;
#2971 = ADVANCED_FACE ( 'NONE', ( #2742 ), #3335, .T. ) ;
#2972 = ORIENTED_EDGE ( 'NONE', *, *, #1877, .T. ) ;
#2973 = VECTOR ( 'NONE', #1923, 1000.000000000000000 ) ;
#2974 = CARTESIAN_POINT ( 'NONE',  ( -25.00000000000000711, 760.0000000000000000, -25.00000000000000000 ) ) ;
#2975 = EDGE_CURVE ( 'NONE', #2858, #1891, #2118, .T. ) ;
#2976 = DIRECTION ( 'NONE',  ( 0.000000000000000000, -1.000000000000000000, 0.000000000000000000 ) ) ;
#2977 = VECTOR ( 'NONE', #1634, 1000.000000000000114 ) ;
#2978 = PLANE ( 'NONE',  #1664 ) ;
#2979 = DIRECTION ( 'NONE',  ( -0.000000000000000000, 0.000000000000000000, -1.000000000000000000 ) ) ;
#2980 = ORIENTED_EDGE ( 'NONE', *, *, #110, .F. ) ;
#2981 = FACE_OUTER_BOUND ( 'NONE', #3316, .T. ) ;
#2982 = ORIENTED_EDGE ( 'NONE', *, *, #3854, .T. ) ;
#2983 = FACE_OUTER_BOUND ( 'NONE', #3857, .T. ) ;
#2984 = ORIENTED_EDGE ( 'NONE', *, *, #2672, .T. ) ;
#2985 = EDGE_CURVE ( 'NONE', #1016, #3928, #3973, .T. ) ;
#2986 = CARTESIAN_POINT ( 'NONE',  ( 30.00000000000002487, 768.0000000000000000, 18.00000000000001066 ) ) ;
#2987 = CALENDAR_DATE ( 2026, 26, 5 ) ;
#2988 = ORIENTED_EDGE ( 'NONE', *, *, #476, .T. ) ;
#2989 = ORIENTED_EDGE ( 'NONE', *, *, #2642, .F. ) ;
#2990 = CARTESIAN_POINT ( 'NONE',  ( -300.0000000000000568, -20.00000000000000000, 350.0000000000002274 ) ) ;
#2991 = ORIENTED_EDGE ( 'NONE', *, *, #3196, .F. ) ;
#2992 = VECTOR ( 'NONE', #3505, 1000.000000000000000 ) ;
#2993 = ORIENTED_EDGE ( 'NONE', *, *, #1331, .F. ) ;
#2994 = LINE ( 'NONE', #1520, #3187 ) ;
#2995 = VECTOR ( 'NONE', #2443, 1000.000000000000000 ) ;
#2996 = FACE_OUTER_BOUND ( 'NONE', #2241, .T. ) ;
#2997 = CARTESIAN_POINT ( 'NONE',  ( -300.0000000000000568, 480.0000000000000000, -49.99999999999987921 ) ) ;
#2998 = DIRECTION ( 'NONE',  ( 1.000000000000000000, 0.000000000000000000, -0.000000000000000000 ) ) ;
#2999 = VERTEX_POINT ( 'NONE', #3311 ) ;
#3000 = VECTOR ( 'NONE', #468, 1000.000000000000000 ) ;
#3001 = CARTESIAN_POINT ( 'NONE',  ( -300.0000000000000568, 600.0000000000000000, 100.0000000000000000 ) ) ;
#3002 = ORIENTED_EDGE ( 'NONE', *, *, #3634, .F. ) ;
#3003 = CARTESIAN_POINT ( 'NONE',  ( -280.0000000000000000, 580.0000000000000000, 100.0000000000000000 ) ) ;
#3004 = VERTEX_POINT ( 'NONE', #2100 ) ;
#3005 = DIRECTION ( 'NONE',  ( 1.000000000000000000, 0.000000000000000000, -1.586032892321651989E-16 ) ) ;
#3006 = EDGE_CURVE ( 'NONE', #2835, #1473, #246, .T. ) ;
#3007 = ORIENTED_EDGE ( 'NONE', *, *, #795, .F. ) ;
#3008 = ORIENTED_EDGE ( 'NONE', *, *, #261, .F. ) ;
#3009 = DIRECTION ( 'NONE',  ( 0.9063077870366480493, -0.4226182617407036601, 0.000000000000000000 ) ) ;
#3010 = ORIENTED_EDGE ( 'NONE', *, *, #3016, .T. ) ;
#3011 = LINE ( 'NONE', #3340, #3134 ) ;
#3012 = ORIENTED_EDGE ( 'NONE', *, *, #2568, .T. ) ;
#3013 = LINE ( 'NONE', #2364, #932 ) ;
#3014 = EDGE_CURVE ( 'NONE', #2087, #725, #1751, .T. ) ;
#3015 = PLANE ( 'NONE',  #3174 ) ;
#3016 = EDGE_CURVE ( 'NONE', #1320, #2835, #1210, .T. ) ;
#3017 = LINE ( 'NONE', #2450, #3220 ) ;
#3018 = CARTESIAN_POINT ( 'NONE',  ( 125.0000000000000000, 350.0000000000000000, 350.0000000000002274 ) ) ;
#3019 = ORIENTED_EDGE ( 'NONE', *, *, #3823, .T. ) ;
#3020 = EDGE_CURVE ( 'NONE', #2715, #1092, #2764, .T. ) ;
#3021 = DIRECTION ( 'NONE',  ( -0.000000000000000000, -0.000000000000000000, 1.000000000000000000 ) ) ;
#3022 = VECTOR ( 'NONE', #2732, 1000.000000000000000 ) ;
#3023 = ORIENTED_EDGE ( 'NONE', *, *, #1701, .F. ) ;
#3024 = DIRECTION ( 'NONE',  ( 0.000000000000000000, 1.000000000000000000, 2.220446049250313574E-16 ) ) ;
#3025 = ORIENTED_EDGE ( 'NONE', *, *, #1216, .T. ) ;
#3026 = DIRECTION ( 'NONE',  ( -0.000000000000000000, -1.000000000000000000, -0.000000000000000000 ) ) ;
#3027 = ORIENTED_EDGE ( 'NONE', *, *, #3904, .T. ) ;
#3028 = CARTESIAN_POINT ( 'NONE',  ( -451.3274595042154829, 580.0000000000000000, -249.9999999999998579 ) ) ;
#3029 = LINE ( 'NONE', #2342, #3888 ) ;
#3030 = ORIENTED_EDGE ( 'NONE', *, *, #1532, .T. ) ;
#3031 = LINE ( 'NONE', #2751, #744 ) ;
#3032 = AXIS2_PLACEMENT_3D ( 'NONE', #2016, #1390, #163 ) ;
#3033 = VERTEX_POINT ( 'NONE', #565 ) ;
#3034 = LINE ( 'NONE', #3323, #2865 ) ;
#3035 = EDGE_CURVE ( 'NONE', #648, #705, #525, .T. ) ;
#3036 = VECTOR ( 'NONE', #14, 1000.000000000000000 ) ;
#3037 = CARTESIAN_POINT ( 'NONE',  ( -280.0000000000000000, 0.000000000000000000, 330.0000000000001705 ) ) ;
#3038 = EDGE_CURVE ( 'NONE', #1787, #897, #3692, .T. ) ;
#3039 = DIRECTION ( 'NONE',  ( -0.000000000000000000, -2.220446049250313574E-16, 1.000000000000000000 ) ) ;
#3040 = ORIENTED_EDGE ( 'NONE', *, *, #3360, .T. ) ;
#3041 = AXIS2_PLACEMENT_3D ( 'NONE', #1738, #3262, #855 ) ;
#3042 = CARTESIAN_POINT ( 'NONE',  ( 30.00000000000001421, 730.0000000000000000, -30.00000000000001776 ) ) ;
#3043 = ORIENTED_EDGE ( 'NONE', *, *, #2419, .T. ) ;
#3044 = LINE ( 'NONE', #2739, #1026 ) ;
#3045 = ORIENTED_EDGE ( 'NONE', *, *, #2442, .T. ) ;
#3046 = FACE_OUTER_BOUND ( 'NONE', #2919, .T. ) ;
#3047 = VERTEX_POINT ( 'NONE', #2986 ) ;
#3048 = CARTESIAN_POINT ( 'NONE',  ( -300.0000000000000568, -20.00000000000000000, -349.9999999999998863 ) ) ;
#3049 = LINE ( 'NONE', #1474, #2478 ) ;
#3050 = ORIENTED_EDGE ( 'NONE', *, *, #1807, .T. ) ;
#3051 = DIRECTION ( 'NONE',  ( 0.000000000000000000, 0.000000000000000000, 1.000000000000000000 ) ) ;
#3052 = CARTESIAN_POINT ( 'NONE',  ( 300.0000000000001705, 480.0000000000000000, -299.9999999999998863 ) ) ;
#3053 = VERTEX_POINT ( 'NONE', #3952 ) ;
#3054 = CARTESIAN_POINT ( 'NONE',  ( 280.0000000000001137, 588.6470257083880142, -339.9080502908613539 ) ) ;
#3055 = EDGE_CURVE ( 'NONE', #1432, #2356, #1445, .T. ) ;
#3056 = ADVANCED_FACE ( 'NONE', ( #3353 ), #1188, .F. ) ;
#3057 = CARTESIAN_POINT ( 'NONE',  ( -280.0000000000000000, 591.3529742916119858, -320.0919497091385892 ) ) ;
#3058 = CARTESIAN_POINT ( 'NONE',  ( 0.000000000000000000, 600.0000000000001137, -329.9999999999998295 ) ) ;
#3059 = VECTOR ( 'NONE', #2774, 1000.000000000000000 ) ;
#3060 = DIRECTION ( 'NONE',  ( -1.586032892321651989E-16, 0.000000000000000000, -1.000000000000000000 ) ) ;
#3061 = ORIENTED_EDGE ( 'NONE', *, *, #3464, .F. ) ;
#3062 = CARTESIAN_POINT ( 'NONE',  ( 300.0000000000001705, 580.0000000000000000, 100.0000000000000000 ) ) ;
#3063 = VECTOR ( 'NONE', #750, 1000.000000000000000 ) ;
#3064 = VERTEX_POINT ( 'NONE', #1148 ) ;
#3065 = EDGE_CURVE ( 'NONE', #2067, #1829, #2140, .T. ) ;
#3066 = DIRECTION ( 'NONE',  ( -1.000000000000000000, -0.000000000000000000, -0.000000000000000000 ) ) ;
#3067 = VECTOR ( 'NONE', #345, 1000.000000000000000 ) ;
#3068 = AXIS2_PLACEMENT_3D ( 'NONE', #2841, #2237, #1849 ) ;
#3069 = ORIENTED_EDGE ( 'NONE', *, *, #1957, .F. ) ;
#3070 = FACE_BOUND ( 'NONE', #1486, .T. ) ;
#3071 = CARTESIAN_POINT ( 'NONE',  ( -30.00000000000000000, 0.000000000000000000, 0.000000000000000000 ) ) ;
#3072 = EDGE_CURVE ( 'NONE', #1972, #2067, #3615, .T. ) ;
#3073 = ORIENTED_EDGE ( 'NONE', *, *, #1041, .F. ) ;
#3074 = DIRECTION ( 'NONE',  ( 1.000000000000000000, 0.000000000000000000, -0.000000000000000000 ) ) ;
#3075 = ADVANCED_FACE ( 'NONE', ( #1792 ), #2080, .T. ) ;
#3076 = VECTOR ( 'NONE', #2447, 1000.000000000000000 ) ;
#3077 = FACE_OUTER_BOUND ( 'NONE', #3524, .T. ) ;
#3078 = EDGE_LOOP ( 'NONE', ( #65, #1975, #342, #3045 ) ) ;
#3079 = CARTESIAN_POINT ( 'NONE',  ( 128.6725404957846877, 600.0000000000000000, 249.9999999999998863 ) ) ;
#3080 = CARTESIAN_POINT ( 'NONE',  ( -280.0000000000000000, 600.0000000000000000, -100.0000000000000000 ) ) ;
#3081 = DIRECTION ( 'NONE',  ( 0.000000000000000000, -1.000000000000000000, 0.000000000000000000 ) ) ;
#3082 = CARTESIAN_POINT ( 'NONE',  ( -125.0000000000000000, 350.0000000000000000, 350.0000000000002274 ) ) ;
#3083 = LINE ( 'NONE', #2116, #1221 ) ;
#3084 = VERTEX_POINT ( 'NONE', #1812 ) ;
#3085 = ADVANCED_FACE ( 'NONE', ( #3046 ), #2158, .F. ) ;
#3086 = VECTOR ( 'NONE', #2649, 1000.000000000000000 ) ;
#3087 = CARTESIAN_POINT ( 'NONE',  ( 24.99999999999999289, 760.0000000000000000, -25.00000000000000000 ) ) ;
#3088 = CALENDAR_DATE ( 2026, 26, 5 ) ;
#3089 = EDGE_CURVE ( 'NONE', #51, #3462, #99, .T. ) ;
#3090 = ORIENTED_EDGE ( 'NONE', *, *, #817, .T. ) ;
#3091 = VECTOR ( 'NONE', #2254, 1000.000000000000000 ) ;
#3092 = LINE ( 'NONE', #2161, #3132 ) ;
#3093 = PLANE ( 'NONE',  #548 ) ;
#3094 = ORIENTED_EDGE ( 'NONE', *, *, #3956, .F. ) ;
#3095 = EDGE_CURVE ( 'NONE', #2192, #1432, #1627, .T. ) ;
#3096 = PLANE ( 'NONE',  #1262 ) ;
#3097 = CARTESIAN_POINT ( 'NONE',  ( -300.0000000000000568, 480.0000000000000000, 299.9999999999998863 ) ) ;
#3098 = PLANE ( 'NONE',  #49 ) ;
#3099 = VERTEX_POINT ( 'NONE', #3732 ) ;
#3100 = EDGE_CURVE ( 'NONE', #2612, #2762, #1268, .T. ) ;
#3101 = DIRECTION ( 'NONE',  ( 0.000000000000000000, 1.000000000000000000, 0.000000000000000000 ) ) ;
#3102 = DIRECTION ( 'NONE',  ( -0.000000000000000000, -0.000000000000000000, 1.000000000000000000 ) ) ;
#3103 = LINE ( 'NONE', #339, #2616 ) ;
#3104 = DIRECTION ( 'NONE',  ( 1.000000000000000000, 7.930164461608261179E-17, -0.000000000000000000 ) ) ;
#3105 = LINE ( 'NONE', #704, #1538 ) ;
#3106 = AXIS2_PLACEMENT_3D ( 'NONE', #2233, #1226, #1001 ) ;
#3107 = ORIENTED_EDGE ( 'NONE', *, *, #210, .T. ) ;
#3108 = PLANE ( 'NONE',  #3458 ) ;
#3109 = EDGE_LOOP ( 'NONE', ( #2275, #3090, #1679, #666 ) ) ;
#3110 = DIRECTION ( 'NONE',  ( 1.000000000000000000, 0.000000000000000000, -1.586032892321651989E-16 ) ) ;
#3111 = EDGE_CURVE ( 'NONE', #1388, #2680, #625, .T. ) ;
#3112 = DIRECTION ( 'NONE',  ( 0.000000000000000000, 0.000000000000000000, 1.000000000000000000 ) ) ;
#3113 = ORIENTED_EDGE ( 'NONE', *, *, #580, .F. ) ;
#3114 = LINE ( 'NONE', #2847, #39 ) ;
#3115 = CARTESIAN_POINT ( 'NONE',  ( -280.0000000000000000, -19.99999999999998934, -299.9999999999997726 ) ) ;
#3116 = PLANE ( 'NONE',  #815 ) ;
#3117 = ORIENTED_EDGE ( 'NONE', *, *, #1948, .F. ) ;
#3118 = CARTESIAN_POINT ( 'NONE',  ( -280.0000000000000000, 600.0000000000000000, 249.9999999999998579 ) ) ;
#3119 = LINE ( 'NONE', #1243, #1921 ) ;
#3120 = ADVANCED_FACE ( 'NONE', ( #1328 ), #1588, .F. ) ;
#3121 = CARTESIAN_POINT ( 'NONE',  ( -451.3274595042154829, 580.0000000000000000, -100.0000000000000000 ) ) ;
#3122 = VECTOR ( 'NONE', #169, 1000.000000000000000 ) ;
#3123 = DIRECTION ( 'NONE',  ( -0.9063077870366476052, -0.4226182617407042708, 0.000000000000000000 ) ) ;
#3124 = VERTEX_POINT ( 'NONE', #664 ) ;
#3125 = CARTESIAN_POINT ( 'NONE',  ( 300.0000000000001705, 600.0000000000000000, 249.9999999999998579 ) ) ;
#3126 = VECTOR ( 'NONE', #3498, 1000.000000000000000 ) ;
#3127 = ORIENTED_EDGE ( 'NONE', *, *, #3181, .F. ) ;
#3128 = DIRECTION ( 'NONE',  ( 0.000000000000000000, -1.000000000000000000, -1.110223024625156787E-16 ) ) ;
#3129 = DIRECTION ( 'NONE',  ( 0.000000000000000000, 1.000000000000000000, 0.000000000000000000 ) ) ;
#3130 = ORIENTED_EDGE ( 'NONE', *, *, #1119, .F. ) ;
#3131 = CC_DESIGN_DATE_AND_TIME_ASSIGNMENT ( #827, #769, ( #2408 ) ) ;
#3132 = VECTOR ( 'NONE', #1232, 1000.000000000000000 ) ;
#3133 = CARTESIAN_POINT ( 'NONE',  ( 30.00000000000001776, 768.0000000000000000, -18.00000000000002132 ) ) ;
#3134 = VECTOR ( 'NONE', #1837, 1000.000000000000000 ) ;
#3135 = LINE ( 'NONE', #1336, #13 ) ;
#3136 = DIRECTION ( 'NONE',  ( 0.000000000000000000, -1.000000000000000000, 0.000000000000000000 ) ) ;
#3137 = ORIENTED_EDGE ( 'NONE', *, *, #149, .F. ) ;
#3138 = LINE ( 'NONE', #3463, #3766 ) ;
#3139 = ADVANCED_FACE ( 'NONE', ( #968 ), #950, .F. ) ;
#3140 = ORIENTED_EDGE ( 'NONE', *, *, #1506, .F. ) ;
#3141 = CARTESIAN_POINT ( 'NONE',  ( 300.0000000000001705, 580.0000000000000000, -100.0000000000000000 ) ) ;
#3142 = EDGE_CURVE ( 'NONE', #1829, #157, #3395, .T. ) ;
#3143 = FACE_OUTER_BOUND ( 'NONE', #1054, .T. ) ;
#3144 = AXIS2_PLACEMENT_3D ( 'NONE', #3377, #1671, #2580 ) ;
#3145 = LINE ( 'NONE', #1305, #3735 ) ;
#3146 = ADVANCED_FACE ( 'NONE', ( #2783 ), #1886, .T. ) ;
#3147 = ORIENTED_EDGE ( 'NONE', *, *, #1046, .F. ) ;
#3148 = DIRECTION ( 'NONE',  ( 0.000000000000000000, -0.000000000000000000, -1.000000000000000000 ) ) ;
#3149 = ORIENTED_EDGE ( 'NONE', *, *, #113, .F. ) ;
#3150 = LINE ( 'NONE', #2522, #1908 ) ;
#3151 = FACE_OUTER_BOUND ( 'NONE', #2765, .T. ) ;
#3152 = ORIENTED_EDGE ( 'NONE', *, *, #3164, .F. ) ;
#3153 = CARTESIAN_POINT ( 'NONE',  ( -300.0000000000000568, 600.0000000000000000, -100.0000000000000000 ) ) ;
#3154 = DIRECTION ( 'NONE',  ( 0.000000000000000000, 0.000000000000000000, -1.000000000000000000 ) ) ;
#3155 = VECTOR ( 'NONE', #597, 1000.000000000000000 ) ;
#3156 = DIRECTION ( 'NONE',  ( 0.000000000000000000, 1.000000000000000000, -0.000000000000000000 ) ) ;
#3157 = ORIENTED_EDGE ( 'NONE', *, *, #1746, .F. ) ;
#3158 = DIRECTION ( 'NONE',  ( -1.760850234868329962E-32, 1.000000000000000000, -1.110223024625156787E-16 ) ) ;
#3159 = PRODUCT_DEFINITION_FORMATION_WITH_SPECIFIED_SOURCE ( 'ANY', '', #2585, .NOT_KNOWN. ) ;
#3160 = ORIENTED_EDGE ( 'NONE', *, *, #2646, .F. ) ;
#3161 = DIRECTION ( 'NONE',  ( 0.000000000000000000, -0.000000000000000000, -1.000000000000000000 ) ) ;
#3162 = ADVANCED_FACE ( 'NONE', ( #17 ), #3108, .T. ) ;
#3163 = FACE_OUTER_BOUND ( 'NONE', #3761, .T. ) ;
#3164 = EDGE_CURVE ( 'NONE', #3545, #3267, #343, .T. ) ;
#3165 = FACE_OUTER_BOUND ( 'NONE', #2869, .T. ) ;
#3166 = ORIENTED_EDGE ( 'NONE', *, *, #2757, .F. ) ;
#3167 = DIRECTION ( 'NONE',  ( 0.000000000000000000, 0.000000000000000000, -1.000000000000000000 ) ) ;
#3168 = ORIENTED_EDGE ( 'NONE', *, *, #3926, .T. ) ;
#3169 = VECTOR ( 'NONE', #3389, 1000.000000000000000 ) ;
#3170 = DIRECTION ( 'NONE',  ( -0.000000000000000000, 1.000000000000000000, 0.000000000000000000 ) ) ;
#3171 = LINE ( 'NONE', #2863, #3707 ) ;
#3172 = CARTESIAN_POINT ( 'NONE',  ( -300.0000000000000568, 600.0000000000000000, 249.9999999999998579 ) ) ;
#3173 = DIRECTION ( 'NONE',  ( -1.586032892321651989E-16, 0.000000000000000000, -1.000000000000000000 ) ) ;
#3174 = AXIS2_PLACEMENT_3D ( 'NONE', #2466, #1118, #2671 ) ;
#3175 = DIRECTION ( 'NONE',  ( 0.000000000000000000, 0.000000000000000000, 1.000000000000000000 ) ) ;
#3176 = ORIENTED_EDGE ( 'NONE', *, *, #1622, .F. ) ;
#3177 = PLANE ( 'NONE',  #3256 ) ;
#3178 = EDGE_CURVE ( 'NONE', #3271, #3413, #2560, .T. ) ;
#3179 = ORIENTED_EDGE ( 'NONE', *, *, #1184, .F. ) ;
#3180 = CARTESIAN_POINT ( 'NONE',  ( -300.0000000000000568, 590.0000000000000000, -349.9999999999998863 ) ) ;
#3181 = EDGE_CURVE ( 'NONE', #368, #1972, #384, .T. ) ;
#3182 = DIRECTION ( 'NONE',  ( 1.000000000000000000, -0.000000000000000000, -2.312964634635743450E-16 ) ) ;
#3183 = EDGE_CURVE ( 'NONE', #3064, #1829, #3451, .T. ) ;
#3184 = DIRECTION ( 'NONE',  ( -7.930164461608261179E-17, -1.000000000000000000, 0.000000000000000000 ) ) ;
#3185 = ORIENTED_EDGE ( 'NONE', *, *, #2252, .T. ) ;
#3186 = DIRECTION ( 'NONE',  ( 0.000000000000000000, -0.000000000000000000, -1.000000000000000000 ) ) ;
#3187 = VECTOR ( 'NONE', #2404, 1000.000000000000000 ) ;
#3188 = VERTEX_POINT ( 'NONE', #42 ) ;
#3189 = ADVANCED_FACE ( 'NONE', ( #1907 ), #927, .T. ) ;
#3190 = CARTESIAN_POINT ( 'NONE',  ( 280.0000000000001137, 579.9999999999996589, 330.0000000000001705 ) ) ;
#3191 = CARTESIAN_POINT ( 'NONE',  ( 300.0000000000001705, 230.0000000000000000, -299.9999999999998295 ) ) ;
#3192 = AXIS2_PLACEMENT_3D ( 'NONE', #2503, #3129, #2261 ) ;
#3193 = DIRECTION ( 'NONE',  ( 0.000000000000000000, 1.000000000000000000, 0.000000000000000000 ) ) ;
#3194 = DIRECTION ( 'NONE',  ( 0.000000000000000000, 1.000000000000000000, 0.000000000000000000 ) ) ;
#3195 = LINE ( 'NONE', #68, #2441 ) ;
#3196 = EDGE_CURVE ( 'NONE', #1388, #272, #80, .T. ) ;
#3197 = ORIENTED_EDGE ( 'NONE', *, *, #3006, .T. ) ;
#3198 = CARTESIAN_POINT ( 'NONE',  ( 125.0000000000000000, 350.0000000000000000, 330.0000000000001705 ) ) ;
#3199 = VECTOR ( 'NONE', #1691, 1000.000000000000000 ) ;
#3200 = EDGE_CURVE ( 'NONE', #867, #695, #1307, .T. ) ;
#3201 = VECTOR ( 'NONE', #265, 1000.000000000000000 ) ;
#3202 = ORIENTED_EDGE ( 'NONE', *, *, #89, .T. ) ;
#3203 = DIRECTION ( 'NONE',  ( -0.000000000000000000, 1.000000000000000000, 0.000000000000000000 ) ) ;
#3204 = CARTESIAN_POINT ( 'NONE',  ( 280.0000000000001137, 580.0000000000000000, 100.0000000000000000 ) ) ;
#3205 = DIRECTION ( 'NONE',  ( -1.586032892321651989E-16, -0.000000000000000000, -1.000000000000000000 ) ) ;
#3206 = ORIENTED_EDGE ( 'NONE', *, *, #1046, .T. ) ;
#3207 = DIRECTION ( 'NONE',  ( 0.000000000000000000, -0.000000000000000000, -1.000000000000000000 ) ) ;
#3208 = EDGE_LOOP ( 'NONE', ( #2555, #1850, #2203, #365 ) ) ;
#3209 = DIRECTION ( 'NONE',  ( -0.000000000000000000, 0.000000000000000000, 1.000000000000000000 ) ) ;
#3210 = CARTESIAN_POINT ( 'NONE',  ( 280.0000000000000000, 230.0000000000000000, -49.99999999999985079 ) ) ;
#3211 = PLANE ( 'NONE',  #358 ) ;
#3212 = ORIENTED_EDGE ( 'NONE', *, *, #543, .F. ) ;
#3213 = LINE ( 'NONE', #2886, #3000 ) ;
#3214 = APPROVAL_DATE_TIME ( #2965, #566 ) ;
#3215 = EDGE_CURVE ( 'NONE', #1563, #3653, #3268, .T. ) ;
#3216 = CARTESIAN_POINT ( 'NONE',  ( -300.0000000000000568, 230.0000000000000000, 49.99999999999985079 ) ) ;
#3217 = EDGE_CURVE ( 'NONE', #2601, #1209, #1723, .T. ) ;
#3218 = VERTEX_POINT ( 'NONE', #801 ) ;
#3219 = CARTESIAN_POINT ( 'NONE',  ( 300.0000000000001705, 600.0000000000000000, 249.9999999999998579 ) ) ;
#3220 = VECTOR ( 'NONE', #1843, 1000.000000000000000 ) ;
#3221 = ADVANCED_FACE ( 'NONE', ( #462 ), #2032, .F. ) ;
#3222 = VERTEX_POINT ( 'NONE', #2296 ) ;
#3223 = CARTESIAN_POINT ( 'NONE',  ( 0.000000000000000000, 0.000000000000000000, 330.0000000000001705 ) ) ;
#3224 = VECTOR ( 'NONE', #1146, 1000.000000000000000 ) ;
#3225 = CARTESIAN_POINT ( 'NONE',  ( 300.0000000000001705, 230.0000000000000000, -49.99999999999987921 ) ) ;
#3226 = LINE ( 'NONE', #3531, #1601 ) ;
#3227 = EDGE_LOOP ( 'NONE', ( #3376, #2864, #3279, #1820 ) ) ;
#3228 = LINE ( 'NONE', #2920, #398 ) ;
#3229 = ORIENTED_EDGE ( 'NONE', *, *, #2743, .T. ) ;
#3230 = PLANE ( 'NONE',  #1458 ) ;
#3231 = DIRECTION ( 'NONE',  ( 0.000000000000000000, 0.000000000000000000, 1.000000000000000000 ) ) ;
#3232 = DIRECTION ( 'NONE',  ( 0.000000000000000000, 1.000000000000000000, -5.551115123125779547E-15 ) ) ;
#3233 = VERTEX_POINT ( 'NONE', #2619 ) ;
#3234 = PLANE ( 'NONE',  #1449 ) ;
#3235 = PERSON_AND_ORGANIZATION_ROLE ( 'design_owner' ) ;
#3236 = ADVANCED_FACE ( 'NONE', ( #2901 ), #195, .F. ) ;
#3237 = CARTESIAN_POINT ( 'NONE',  ( 300.0000000000001705, 230.0000000000000000, 200.7987240796891797 ) ) ;
#3238 = ORIENTED_EDGE ( 'NONE', *, *, #2130, .T. ) ;
#3239 = DIRECTION ( 'NONE',  ( -0.000000000000000000, -0.000000000000000000, -1.000000000000000000 ) ) ;
#3240 = VECTOR ( 'NONE', #902, 1000.000000000000000 ) ;
#3241 = EDGE_LOOP ( 'NONE', ( #3453, #114, #98, #463, #1369 ) ) ;
#3242 = CARTESIAN_POINT ( 'NONE',  ( -475.5709628591620231, 349.9999999999999432, 330.0000000000001705 ) ) ;
#3243 = LINE ( 'NONE', #3807, #2781 ) ;
#3244 = DIRECTION ( 'NONE',  ( 0.000000000000000000, 1.000000000000000000, 0.000000000000000000 ) ) ;
#3245 = ADVANCED_FACE ( 'NONE', ( #3571 ), #480, .T. ) ;
#3246 = ORIENTED_EDGE ( 'NONE', *, *, #3322, .F. ) ;
#3247 = CARTESIAN_POINT ( 'NONE',  ( -280.0000000000000000, 0.000000000000000000, 0.000000000000000000 ) ) ;
#3248 = VECTOR ( 'NONE', #3780, 1000.000000000000000 ) ;
#3249 = EDGE_LOOP ( 'NONE', ( #2044, #3382, #1722, #3456 ) ) ;
#3250 = DIRECTION ( 'NONE',  ( 0.000000000000000000, 0.000000000000000000, -1.000000000000000000 ) ) ;
#3251 = CARTESIAN_POINT ( 'NONE',  ( 481.2615574073296898, 505.4763476518592142, -349.9999999999998863 ) ) ;
#3252 = CARTESIAN_POINT ( 'NONE',  ( -300.0000000000000568, 600.0000000000000000, 249.9999999999998579 ) ) ;
#3253 =( NAMED_UNIT ( * ) SI_UNIT ( $, .STERADIAN. ) SOLID_ANGLE_UNIT ( ) );
#3254 = VERTEX_POINT ( 'NONE', #138 ) ;
#3255 = DIRECTION ( 'NONE',  ( -0.000000000000000000, 1.000000000000000000, 0.000000000000000000 ) ) ;
#3256 = AXIS2_PLACEMENT_3D ( 'NONE', #2307, #1716, #3782 ) ;
#3257 = CARTESIAN_POINT ( 'NONE',  ( 125.0000000000000000, 350.0000000000000000, 450.0000000000001705 ) ) ;
#3258 = VECTOR ( 'NONE', #3051, 1000.000000000000000 ) ;
#3259 = ORIENTED_EDGE ( 'NONE', *, *, #3424, .T. ) ;
#3260 = LINE ( 'NONE', #1380, #1534 ) ;
#3261 = VECTOR ( 'NONE', #3435, 1000.000000000000000 ) ;
#3262 = DIRECTION ( 'NONE',  ( 1.000000000000000000, 0.000000000000000000, -0.000000000000000000 ) ) ;
#3263 = AXIS2_PLACEMENT_3D ( 'NONE', #544, #1772, #585 ) ;
#3264 = ADVANCED_FACE ( 'NONE', ( #3810 ), #2599, .F. ) ;
#3265 = CARTESIAN_POINT ( 'NONE',  ( 300.0000000000001705, 600.0000000000000000, 249.9999999999998579 ) ) ;
#3266 = EDGE_CURVE ( 'NONE', #270, #2702, #1368, .T. ) ;
#3267 = VERTEX_POINT ( 'NONE', #781 ) ;
#3268 = LINE ( 'NONE', #724, #3967 ) ;
#3269 = VERTEX_POINT ( 'NONE', #1386 ) ;
#3270 = LINE ( 'NONE', #3554, #3224 ) ;
#3271 = VERTEX_POINT ( 'NONE', #3534 ) ;
#3272 = CARTESIAN_POINT ( 'NONE',  ( 300.0000000000001705, -20.00000000000000000, 350.0000000000002274 ) ) ;
#3273 = COORDINATED_UNIVERSAL_TIME_OFFSET ( 5, 30, .AHEAD. ) ;
#3274 = AXIS2_PLACEMENT_3D ( 'NONE', #142, #3516, #987 ) ;
#3275 = ADVANCED_FACE ( 'NONE', ( #1050 ), #2636, .F. ) ;
#3276 = ORIENTED_EDGE ( 'NONE', *, *, #1950, .F. ) ;
#3277 = VERTEX_POINT ( 'NONE', #501 ) ;
#3278 = DIRECTION ( 'NONE',  ( 0.000000000000000000, -1.000000000000000000, 0.000000000000000000 ) ) ;
#3279 = ORIENTED_EDGE ( 'NONE', *, *, #2642, .T. ) ;
#3280 = CARTESIAN_POINT ( 'NONE',  ( -280.0000000000000000, 599.9999999999996589, 330.0000000000001705 ) ) ;
#3281 = VECTOR ( 'NONE', #3446, 1000.000000000000000 ) ;
#3282 = DIRECTION ( 'NONE',  ( 0.000000000000000000, -0.000000000000000000, -1.000000000000000000 ) ) ;
#3283 = VECTOR ( 'NONE', #904, 1000.000000000000000 ) ;
#3284 = ADVANCED_FACE ( 'NONE', ( #3827 ), #1992, .T. ) ;
#3285 = CARTESIAN_POINT ( 'NONE',  ( 125.0000000000000000, 350.0000000000000000, 330.0000000000001705 ) ) ;
#3286 = ORIENTED_EDGE ( 'NONE', *, *, #2985, .T. ) ;
#3287 = CARTESIAN_POINT ( 'NONE',  ( 30.00000000000001421, 770.0000000000000000, -30.00000000000001776 ) ) ;
#3288 = ORIENTED_EDGE ( 'NONE', *, *, #1604, .F. ) ;
#3289 = FACE_OUTER_BOUND ( 'NONE', #1095, .T. ) ;
#3290 = ORIENTED_EDGE ( 'NONE', *, *, #2515, .T. ) ;
#3291 = DIRECTION ( 'NONE',  ( 7.930164461608261179E-17, -1.000000000000000000, -0.000000000000000000 ) ) ;
#3292 = ORIENTED_EDGE ( 'NONE', *, *, #2188, .F. ) ;
#3293 = ORIENTED_EDGE ( 'NONE', *, *, #772, .F. ) ;
#3294 = CARTESIAN_POINT ( 'NONE',  ( 300.0000000000001705, 600.0000000000000000, -100.0000000000000000 ) ) ;
#3295 = ORIENTED_EDGE ( 'NONE', *, *, #354, .F. ) ;
#3296 = ORIENTED_EDGE ( 'NONE', *, *, #1957, .T. ) ;
#3297 = VECTOR ( 'NONE', #3182, 1000.000000000000000 ) ;
#3298 = CARTESIAN_POINT ( 'NONE',  ( -30.00000000000000000, 770.0000000000000000, 29.99999999999998224 ) ) ;
#3299 = DIRECTION ( 'NONE',  ( -0.000000000000000000, -0.000000000000000000, -1.000000000000000000 ) ) ;
#3300 = AXIS2_PLACEMENT_3D ( 'NONE', #1654, #2545, #2887 ) ;
#3301 = DIRECTION ( 'NONE',  ( -0.000000000000000000, 1.000000000000000000, -5.551115123125777969E-15 ) ) ;
#3302 = FACE_OUTER_BOUND ( 'NONE', #928, .T. ) ;
#3303 = EDGE_CURVE ( 'NONE', #3750, #351, #3228, .T. ) ;
#3304 = VERTEX_POINT ( 'NONE', #158 ) ;
#3305 = EDGE_CURVE ( 'NONE', #3053, #3432, #1421, .T. ) ;
#3306 = LINE ( 'NONE', #2371, #2716 ) ;
#3307 = EDGE_CURVE ( 'NONE', #2468, #841, #3790, .T. ) ;
#3308 = ORIENTED_EDGE ( 'NONE', *, *, #2882, .T. ) ;
#3309 = CARTESIAN_POINT ( 'NONE',  ( -300.0000000000000568, 480.0000000000000000, 299.9999999999998863 ) ) ;
#3310 = ORIENTED_EDGE ( 'NONE', *, *, #751, .F. ) ;
#3311 = CARTESIAN_POINT ( 'NONE',  ( -300.0000000000000568, 600.0000000000000000, 100.0000000000000000 ) ) ;
#3312 = ADVANCED_FACE ( 'NONE', ( #3512 ), #2257, .F. ) ;
#3313 = EDGE_LOOP ( 'NONE', ( #1145, #3992, #3541, #1742 ) ) ;
#3314 = CARTESIAN_POINT ( 'NONE',  ( -32.99999999999998579, 760.0000000000000000, 18.00000000000002132 ) ) ;
#3315 = DIRECTION ( 'NONE',  ( -1.000000000000000000, 0.000000000000000000, -0.000000000000000000 ) ) ;
#3316 = EDGE_LOOP ( 'NONE', ( #2785, #1513, #1546, #3160 ) ) ;
#3317 = EDGE_CURVE ( 'NONE', #3791, #185, #440, .T. ) ;
#3318 = DESIGN_CONTEXT ( 'detailed design', #939, 'design' ) ;
#3319 = DIRECTION ( 'NONE',  ( -1.000000000000000000, 0.000000000000000000, 0.000000000000000000 ) ) ;
#3320 = AXIS2_PLACEMENT_3D ( 'NONE', #1497, #3898, #2385 ) ;
#3321 = ORIENTED_EDGE ( 'NONE', *, *, #747, .F. ) ;
#3322 = EDGE_CURVE ( 'NONE', #2999, #85, #3929, .T. ) ;
#3323 = CARTESIAN_POINT ( 'NONE',  ( -125.0000000000000000, 350.0000000000000000, 330.0000000000001705 ) ) ;
#3324 = VECTOR ( 'NONE', #1437, 1000.000000000000000 ) ;
#3325 = PLANE ( 'NONE',  #1423 ) ;
#3326 = DIRECTION ( 'NONE',  ( 0.000000000000000000, 1.000000000000000000, -1.110223024625156787E-16 ) ) ;
#3327 = DIRECTION ( 'NONE',  ( 0.000000000000000000, -1.000000000000000000, 2.220446049250313574E-16 ) ) ;
#3328 = OPEN_SHELL ( 'NONE', ( #1516, #2539, #3803, #2338 ) ) ;
#3329 = ORIENTED_EDGE ( 'NONE', *, *, #2204, .F. ) ;
#3330 = VECTOR ( 'NONE', #3327, 1000.000000000000000 ) ;
#3331 = DIRECTION ( 'NONE',  ( -0.000000000000000000, 1.000000000000000000, -0.000000000000000000 ) ) ;
#3332 = ORIENTED_EDGE ( 'NONE', *, *, #718, .T. ) ;
#3333 = DIRECTION ( 'NONE',  ( -1.000000000000000000, -0.000000000000000000, -0.000000000000000000 ) ) ;
#3334 = EDGE_LOOP ( 'NONE', ( #511, #3027, #685, #3023 ) ) ;
#3335 = PLANE ( 'NONE',  #2034 ) ;
#3336 = VERTEX_POINT ( 'NONE', #260 ) ;
#3337 = LINE ( 'NONE', #2380, #2101 ) ;
#3338 = CARTESIAN_POINT ( 'NONE',  ( -300.0000000000000568, 600.0000000000000000, 350.0000000000002274 ) ) ;
#3339 = EDGE_LOOP ( 'NONE', ( #1103, #530, #3697, #2662 ) ) ;
#3340 = CARTESIAN_POINT ( 'NONE',  ( 125.0000000000000000, 360.0000000000000000, 350.0000000000002274 ) ) ;
#3341 = PRODUCT_DEFINITION_SHAPE ( 'NONE', 'NONE',  #2408 ) ;
#3342 = ADVANCED_FACE ( 'NONE', ( #1767, #581, #2696, #2114, #2678 ), #2135, .F. ) ;
#3343 = ORIENTED_EDGE ( 'NONE', *, *, #117, .F. ) ;
#3344 = DIRECTION ( 'NONE',  ( 1.000000000000000000, -0.000000000000000000, -0.000000000000000000 ) ) ;
#3345 = LINE ( 'NONE', #3057, #59 ) ;
#3346 = CARTESIAN_POINT ( 'NONE',  ( -300.0000000000000568, 480.0000000000000000, -299.9999999999997726 ) ) ;
#3347 = EDGE_LOOP ( 'NONE', ( #2676, #546, #3983, #767 ) ) ;
#3348 = DIRECTION ( 'NONE',  ( 1.387778780781445676E-16, 0.000000000000000000, 1.000000000000000000 ) ) ;
#3349 = AXIS2_PLACEMENT_3D ( 'NONE', #3644, #1140, #3326 ) ;
#3350 = ORIENTED_EDGE ( 'NONE', *, *, #324, .T. ) ;
#3351 = CARTESIAN_POINT ( 'NONE',  ( 280.0000000000001137, 600.0000000000000000, 249.9999999999998579 ) ) ;
#3352 = ORIENTED_EDGE ( 'NONE', *, *, #1924, .F. ) ;
#3353 = FACE_OUTER_BOUND ( 'NONE', #3589, .T. ) ;
#3354 = VERTEX_POINT ( 'NONE', #2392 ) ;
#3355 = CARTESIAN_POINT ( 'NONE',  ( -451.3274595042154829, 600.0000000000000000, 99.99999999999997158 ) ) ;
#3356 = CARTESIAN_POINT ( 'NONE',  ( -25.00000000000000000, 760.0000000000000000, 25.00000000000000000 ) ) ;
#3357 = ORIENTED_EDGE ( 'NONE', *, *, #2743, .F. ) ;
#3358 = EDGE_CURVE ( 'NONE', #2143, #2409, #1183, .T. ) ;
#3359 = CARTESIAN_POINT ( 'NONE',  ( -481.2615574073295761, 505.4763476518591006, 350.0000000000002274 ) ) ;
#3360 = EDGE_CURVE ( 'NONE', #631, #2699, #3882, .T. ) ;
#3361 = LINE ( 'NONE', #3052, #2818 ) ;
#3362 = EDGE_LOOP ( 'NONE', ( #2695, #3040, #219, #871 ) ) ;
#3363 = CARTESIAN_POINT ( 'NONE',  ( -280.0000000000000000, 600.0000000000000000, -249.9999999999998579 ) ) ;
#3364 = AXIS2_PLACEMENT_3D ( 'NONE', #2575, #2917, #1022 ) ;
#3365 = ADVANCED_FACE ( 'NONE', ( #242 ), #2717, .F. ) ;
#3366 = CARTESIAN_POINT ( 'NONE',  ( -280.0000000000000000, 480.0000000000000000, -49.99999999999987921 ) ) ;
#3367 = LINE ( 'NONE', #3346, #1579 ) ;
#3368 = AXIS2_PLACEMENT_3D ( 'NONE', #2790, #24, #3586 ) ;
#3369 = DIRECTION ( 'NONE',  ( -1.000000000000000000, 0.000000000000000000, 0.000000000000000000 ) ) ;
#3370 = EDGE_CURVE ( 'NONE', #1152, #1733, #2074, .T. ) ;
#3371 = EDGE_CURVE ( 'NONE', #2067, #1258, #218, .T. ) ;
#3372 = ORIENTED_EDGE ( 'NONE', *, *, #2548, .F. ) ;
#3373 = DIRECTION ( 'NONE',  ( 0.000000000000000000, 0.000000000000000000, 1.000000000000000000 ) ) ;
#3374 = EDGE_LOOP ( 'NONE', ( #3506, #2482, #3420, #1290 ) ) ;
#3375 = DIRECTION ( 'NONE',  ( -0.9063077870366476052, -0.4226182617407042708, 0.000000000000000000 ) ) ;
#3376 = ORIENTED_EDGE ( 'NONE', *, *, #3100, .F. ) ;
#3377 = CARTESIAN_POINT ( 'NONE',  ( -30.00000000000000000, 301.9999999999999432, 0.000000000000000000 ) ) ;
#3378 = CARTESIAN_POINT ( 'NONE',  ( 0.000000000000000000, 750.0000000000000000, 330.0000000000001705 ) ) ;
#3379 = ORIENTED_EDGE ( 'NONE', *, *, #2799, .T. ) ;
#3380 = CARTESIAN_POINT ( 'NONE',  ( -451.3274595042154829, 600.0000000000000000, -249.9999999999998579 ) ) ;
#3381 = DIRECTION ( 'NONE',  ( 0.000000000000000000, 0.000000000000000000, 1.000000000000000000 ) ) ;
#3382 = ORIENTED_EDGE ( 'NONE', *, *, #2060, .T. ) ;
#3383 = LINE ( 'NONE', #3407, #159 ) ;
#3384 = VECTOR ( 'NONE', #3009, 1000.000000000000000 ) ;
#3385 = ADVANCED_FACE ( 'NONE', ( #2433 ), #3628, .T. ) ;
#3386 = CARTESIAN_POINT ( 'NONE',  ( -280.0000000000000000, -20.00000000000000000, 99.99999999999997158 ) ) ;
#3387 = PLANE ( 'NONE',  #2740 ) ;
#3388 = VECTOR ( 'NONE', #2890, 1000.000000000000000 ) ;
#3389 = DIRECTION ( 'NONE',  ( -0.000000000000000000, -1.000000000000000000, -0.000000000000000000 ) ) ;
#3390 = EDGE_CURVE ( 'NONE', #2115, #3849, #2410, .T. ) ;
#3391 = EDGE_CURVE ( 'NONE', #2236, #1006, #299, .T. ) ;
#3392 = CARTESIAN_POINT ( 'NONE',  ( -280.0000000000000000, 600.0000000000000000, -100.0000000000000000 ) ) ;
#3393 = VECTOR ( 'NONE', #6, 1000.000000000000000 ) ;
#3394 = ORIENTED_EDGE ( 'NONE', *, *, #2303, .T. ) ;
#3395 = LINE ( 'NONE', #3087, #2553 ) ;
#3396 = DATE_TIME_ROLE ( 'classification_date' ) ;
#3397 = VECTOR ( 'NONE', #3433, 1000.000000000000000 ) ;
#3398 = EDGE_CURVE ( 'NONE', #2324, #2725, #3648, .T. ) ;
#3399 = ORIENTED_EDGE ( 'NONE', *, *, #1586, .T. ) ;
#3400 = LINE ( 'NONE', #1871, #3261 ) ;
#3401 = DIRECTION ( 'NONE',  ( 0.000000000000000000, 0.000000000000000000, -1.000000000000000000 ) ) ;
#3402 = ORIENTED_EDGE ( 'NONE', *, *, #2339, .T. ) ;
#3403 = DIRECTION ( 'NONE',  ( 0.000000000000000000, 0.000000000000000000, -1.000000000000000000 ) ) ;
#3404 = LINE ( 'NONE', #1462, #1420 ) ;
#3405 = DIRECTION ( 'NONE',  ( 0.000000000000000000, 1.000000000000000000, -2.220446049250313574E-16 ) ) ;
#3406 = ORIENTED_EDGE ( 'NONE', *, *, #2204, .T. ) ;
#3407 = CARTESIAN_POINT ( 'NONE',  ( 300.0000000000001705, 600.0000000000000000, 100.0000000000000000 ) ) ;
#3408 = LINE ( 'NONE', #2777, #3281 ) ;
#3409 = PLANE ( 'NONE',  #362 ) ;
#3410 = PLANE ( 'NONE',  #3749 ) ;
#3411 = ADVANCED_FACE ( 'NONE', ( #2654 ), #882, .F. ) ;
#3412 = CARTESIAN_POINT ( 'NONE',  ( 66.87817782917161935, 768.0000000000000000, 18.00000000000002132 ) ) ;
#3413 = VERTEX_POINT ( 'NONE', #3042 ) ;
#3414 = VECTOR ( 'NONE', #2049, 1000.000000000000000 ) ;
#3415 = DIRECTION ( 'NONE',  ( 0.000000000000000000, 0.000000000000000000, -1.000000000000000000 ) ) ;
#3416 = ORIENTED_EDGE ( 'NONE', *, *, #3564, .T. ) ;
#3417 = VECTOR ( 'NONE', #2497, 1000.000000000000000 ) ;
#3418 = LINE ( 'NONE', #327, #1004 ) ;
#3419 = PLANE ( 'NONE',  #739 ) ;
#3420 = ORIENTED_EDGE ( 'NONE', *, *, #2689, .T. ) ;
#3421 = CARTESIAN_POINT ( 'NONE',  ( 125.0000000000000284, -3.081487911019577365E-30, 330.0000000000001705 ) ) ;
#3422 = LINE ( 'NONE', #2264, #594 ) ;
#3423 = CARTESIAN_POINT ( 'NONE',  ( 300.0000000000001705, 230.0000000000000000, -299.9999999999998295 ) ) ;
#3424 = EDGE_CURVE ( 'NONE', #2702, #3004, #3306, .T. ) ;
#3425 = EDGE_LOOP ( 'NONE', ( #656, #861, #2423, #3693 ) ) ;
#3426 = LINE ( 'NONE', #374, #2543 ) ;
#3427 = CARTESIAN_POINT ( 'NONE',  ( 280.0000000000000000, 580.0000000000000000, -249.9999999999998579 ) ) ;
#3428 = PLANE ( 'NONE',  #1365 ) ;
#3429 = FACE_OUTER_BOUND ( 'NONE', #3362, .T. ) ;
#3430 = ADVANCED_FACE ( 'NONE', ( #3590 ), #821, .F. ) ;
#3431 = CIRCLE ( 'NONE', #273, 431.4904402185521803 ) ;
#3432 = VERTEX_POINT ( 'NONE', #1745 ) ;
#3433 = DIRECTION ( 'NONE',  ( -0.000000000000000000, -1.000000000000000000, -1.734723475976805517E-15 ) ) ;
#3434 = EDGE_LOOP ( 'NONE', ( #1628, #2582, #2245, #283 ) ) ;
#3435 = DIRECTION ( 'NONE',  ( 0.000000000000000000, 0.000000000000000000, 1.000000000000000000 ) ) ;
#3436 = DIRECTION ( 'NONE',  ( 0.000000000000000000, 0.000000000000000000, -1.000000000000000000 ) ) ;
#3437 = ORIENTED_EDGE ( 'NONE', *, *, #693, .T. ) ;
#3438 = DIRECTION ( 'NONE',  ( 0.000000000000000000, 0.000000000000000000, 1.000000000000000000 ) ) ;
#3439 = DIRECTION ( 'NONE',  ( 1.586032892321651989E-16, 0.000000000000000000, 1.000000000000000000 ) ) ;
#3440 = ADVANCED_FACE ( 'NONE', ( #2981 ), #1440, .F. ) ;
#3441 = CARTESIAN_POINT ( 'NONE',  ( -300.0000000000000568, 600.0000000000000000, 249.9999999999998579 ) ) ;
#3442 = EDGE_CURVE ( 'NONE', #2476, #3518, #2196, .T. ) ;
#3443 = ORIENTED_EDGE ( 'NONE', *, *, #2188, .T. ) ;
#3444 = DIRECTION ( 'NONE',  ( 0.000000000000000000, 1.000000000000000000, 0.000000000000000000 ) ) ;
#3445 = ORIENTED_EDGE ( 'NONE', *, *, #2568, .F. ) ;
#3446 = DIRECTION ( 'NONE',  ( -7.930164461608261179E-17, -1.000000000000000000, 0.000000000000000000 ) ) ;
#3447 = LINE ( 'NONE', #3121, #3036 ) ;
#3448 = VECTOR ( 'NONE', #3278, 1000.000000000000000 ) ;
#3449 = LINE ( 'NONE', #3767, #2895 ) ;
#3450 = VERTEX_POINT ( 'NONE', #1560 ) ;
#3451 = LINE ( 'NONE', #3470, #620 ) ;
#3452 = VECTOR ( 'NONE', #330, 1000.000000000000000 ) ;
#3453 = ORIENTED_EDGE ( 'NONE', *, *, #2496, .F. ) ;
#3454 = CARTESIAN_POINT ( 'NONE',  ( -280.0000000000000000, -20.00000000000000000, 249.9999999999998863 ) ) ;
#3455 = DIRECTION ( 'NONE',  ( 1.000000000000000000, -0.000000000000000000, 0.000000000000000000 ) ) ;
#3456 = ORIENTED_EDGE ( 'NONE', *, *, #2181, .F. ) ;
#3457 = LINE ( 'NONE', #3500, #1901 ) ;
#3458 = AXIS2_PLACEMENT_3D ( 'NONE', #325, #2537, #3148 ) ;
#3459 = DIRECTION ( 'NONE',  ( -3.700743415417192084E-16, -0.000000000000000000, -1.000000000000000000 ) ) ;
#3460 = CARTESIAN_POINT ( 'NONE',  ( -280.0000000000000000, 230.0000000000000000, 200.7987240796891797 ) ) ;
#3461 = EDGE_CURVE ( 'NONE', #1933, #3124, #2800, .T. ) ;
#3462 = VERTEX_POINT ( 'NONE', #3727 ) ;
#3463 = CARTESIAN_POINT ( 'NONE',  ( 128.6725404957846877, 600.0000000000000000, 249.9999999999998863 ) ) ;
#3464 = EDGE_CURVE ( 'NONE', #2354, #3004, #1245, .T. ) ;
#3465 = EDGE_LOOP ( 'NONE', ( #2726, #2893, #2128, #3343 ) ) ;
#3466 = CARTESIAN_POINT ( 'NONE',  ( 300.0000000000000568, 580.0000000000000000, -249.9999999999998579 ) ) ;
#3467 = DIRECTION ( 'NONE',  ( -1.000000000000000000, 0.000000000000000000, -0.000000000000000000 ) ) ;
#3468 = CARTESIAN_POINT ( 'NONE',  ( -481.2615574073295761, 515.4763476518591006, -349.9999999999998863 ) ) ;
#3469 = VERTEX_POINT ( 'NONE', #35 ) ;
#3470 = CARTESIAN_POINT ( 'NONE',  ( 24.99999999999999289, 760.0000000000000000, -25.00000000000000000 ) ) ;
#3471 = ORIENTED_EDGE ( 'NONE', *, *, #2320, .F. ) ;
#3472 = LINE ( 'NONE', #1371, #1100 ) ;
#3473 = CARTESIAN_POINT ( 'NONE',  ( -300.0000000000000568, 750.0000000000000000, 350.0000000000002274 ) ) ;
#3474 = AXIS2_PLACEMENT_3D ( 'NONE', #1347, #2937, #1366 ) ;
#3475 = ORIENTED_EDGE ( 'NONE', *, *, #3142, .T. ) ;
#3476 = EDGE_CURVE ( 'NONE', #3518, #2579, #359, .T. ) ;
#3477 = DIRECTION ( 'NONE',  ( 1.000000000000000000, 0.000000000000000000, -1.586032892321651989E-16 ) ) ;
#3478 = DIRECTION ( 'NONE',  ( -1.000000000000000000, 0.000000000000000000, 2.312964634635742957E-16 ) ) ;
#3479 = VECTOR ( 'NONE', #1524, 1000.000000000000000 ) ;
#3480 = DIRECTION ( 'NONE',  ( -0.000000000000000000, -0.000000000000000000, -1.000000000000000000 ) ) ;
#3481 = ORIENTED_EDGE ( 'NONE', *, *, #2052, .F. ) ;
#3482 = CARTESIAN_POINT ( 'NONE',  ( -300.0000000000000568, 230.0000000000000568, 49.99999999999987921 ) ) ;
#3483 = ADVANCED_FACE ( 'NONE', ( #1265, #1845, #3163, #2494 ), #3428, .T. ) ;
#3484 = EDGE_CURVE ( 'NONE', #3432, #16, #3447, .T. ) ;
#3485 = VERTEX_POINT ( 'NONE', #2758 ) ;
#3486 = PLANE ( 'NONE',  #1794 ) ;
#3487 = DIRECTION ( 'NONE',  ( 1.586032892321652236E-16, 0.000000000000000000, 1.000000000000000000 ) ) ;
#3488 = ADVANCED_FACE ( 'NONE', ( #702, #3989 ), #1523, .T. ) ;
#3489 = CARTESIAN_POINT ( 'NONE',  ( 280.0000000000000568, 0.000000000000000000, -4.440892098500626793E-14 ) ) ;
#3490 = ORIENTED_EDGE ( 'NONE', *, *, #994, .T. ) ;
#3491 = ADVANCED_FACE ( 'NONE', ( #2534, #1584 ), #681, .T. ) ;
#3492 = CARTESIAN_POINT ( 'NONE',  ( 300.0000000000001705, 480.0000000000000000, -49.99999999999987921 ) ) ;
#3493 = ADVANCED_FACE ( 'NONE', ( #2516 ), #3765, .T. ) ;
#3494 = EDGE_CURVE ( 'NONE', #1415, #3499, #2154, .T. ) ;
#3495 = ORIENTED_EDGE ( 'NONE', *, *, #895, .F. ) ;
#3496 = AXIS2_PLACEMENT_3D ( 'NONE', #2878, #1706, #1350 ) ;
#3497 = DIRECTION ( 'NONE',  ( -0.000000000000000000, 1.000000000000000000, -0.000000000000000000 ) ) ;
#3498 = DIRECTION ( 'NONE',  ( 0.000000000000000000, 1.000000000000000000, 0.000000000000000000 ) ) ;
#3499 = VERTEX_POINT ( 'NONE', #2212 ) ;
#3500 = CARTESIAN_POINT ( 'NONE',  ( -30.00000000000000000, 760.0000000000000000, -30.00000000000001776 ) ) ;
#3501 = FACE_OUTER_BOUND ( 'NONE', #1648, .T. ) ;
#3502 = AXIS2_PLACEMENT_3D ( 'NONE', #1296, #3154, #391 ) ;
#3503 = DIRECTION ( 'NONE',  ( -1.000000000000000000, -0.000000000000000000, -0.000000000000000000 ) ) ;
#3504 = EDGE_LOOP ( 'NONE', ( #1587, #3332, #121, #3680 ) ) ;
#3505 = DIRECTION ( 'NONE',  ( -0.000000000000000000, 1.000000000000000000, -0.000000000000000000 ) ) ;
#3506 = ORIENTED_EDGE ( 'NONE', *, *, #3806, .T. ) ;
#3507 = CARTESIAN_POINT ( 'NONE',  ( 300.0000000000001137, 600.0000000000000000, 99.99999999999997158 ) ) ;
#3508 = CARTESIAN_POINT ( 'NONE',  ( 30.00000000000002842, 770.0000000000000000, 29.99999999999998224 ) ) ;
#3509 = CARTESIAN_POINT ( 'NONE',  ( 30.00000000000001421, 732.4462800396815965, -30.00000000000001776 ) ) ;
#3510 = ORIENTED_EDGE ( 'NONE', *, *, #2546, .T. ) ;
#3511 = ADVANCED_FACE ( 'NONE', ( #1904, #3143 ), #642, .F. ) ;
#3512 = FACE_OUTER_BOUND ( 'NONE', #572, .T. ) ;
#3513 = EDGE_CURVE ( 'NONE', #3469, #648, #3689, .T. ) ;
#3514 = VECTOR ( 'NONE', #1796, 1000.000000000000000 ) ;
#3515 = VERTEX_POINT ( 'NONE', #318 ) ;
#3516 = DIRECTION ( 'NONE',  ( -0.4226182617407043263, 0.9063077870366477162, 0.000000000000000000 ) ) ;
#3517 = CARTESIAN_POINT ( 'NONE',  ( -300.0000000000000568, 590.0000000000000000, 350.0000000000002274 ) ) ;
#3518 = VERTEX_POINT ( 'NONE', #1542 ) ;
#3519 = AXIS2_PLACEMENT_3D ( 'NONE', #2220, #1911, #1872 ) ;
#3520 = LINE ( 'NONE', #1507, #2679 ) ;
#3521 = ADVANCED_FACE ( 'NONE', ( #2178 ), #3410, .F. ) ;
#3522 = MECHANICAL_CONTEXT ( 'NONE', #1758, 'mechanical' ) ;
#3523 = CARTESIAN_POINT ( 'NONE',  ( -300.0000000000000568, 480.0000000000000000, -299.9999999999997726 ) ) ;
#3524 = EDGE_LOOP ( 'NONE', ( #3745, #3906, #1271, #1127 ) ) ;
#3525 = CARTESIAN_POINT ( 'NONE',  ( 280.0000000000001137, 301.9999999999999432, 0.000000000000000000 ) ) ;
#3526 = VECTOR ( 'NONE', #667, 1000.000000000000000 ) ;
#3527 = VECTOR ( 'NONE', #1196, 1000.000000000000000 ) ;
#3528 = ORIENTED_EDGE ( 'NONE', *, *, #819, .T. ) ;
#3529 = DIRECTION ( 'NONE',  ( 0.000000000000000000, -1.000000000000000000, 0.000000000000000000 ) ) ;
#3530 = LINE ( 'NONE', #2311, #1682 ) ;
#3531 = CARTESIAN_POINT ( 'NONE',  ( 300.0000000000001705, 600.0000000000000000, 249.9999999999998579 ) ) ;
#3532 = ORIENTED_EDGE ( 'NONE', *, *, #1040, .F. ) ;
#3533 = VECTOR ( 'NONE', #3537, 1000.000000000000000 ) ;
#3534 = CARTESIAN_POINT ( 'NONE',  ( 30.00000000000002842, 730.0000000000000000, 29.99999999999998224 ) ) ;
#3535 = ORIENTED_EDGE ( 'NONE', *, *, #2775, .F. ) ;
#3536 = PLANE ( 'NONE',  #3716 ) ;
#3537 = DIRECTION ( 'NONE',  ( -1.586032892321651989E-16, 0.000000000000000000, -1.000000000000000000 ) ) ;
#3538 = LINE ( 'NONE', #3473, #2670 ) ;
#3539 = LINE ( 'NONE', #768, #2551 ) ;
#3540 = CARTESIAN_POINT ( 'NONE',  ( 0.000000000000000000, 760.0000000000000000, 0.000000000000000000 ) ) ;
#3541 = ORIENTED_EDGE ( 'NONE', *, *, #502, .F. ) ;
#3542 = LINE ( 'NONE', #3219, #1319 ) ;
#3543 = VECTOR ( 'NONE', #3785, 1000.000000000000000 ) ;
#3544 = EDGE_CURVE ( 'NONE', #1492, #3653, #1344, .T. ) ;
#3545 = VERTEX_POINT ( 'NONE', #3204 ) ;
#3546 = CARTESIAN_POINT ( 'NONE',  ( -30.00000000000000000, 730.0000000000000000, -30.00000000000001776 ) ) ;
#3547 = CC_DESIGN_APPROVAL ( #566, ( #2408 ) ) ;
#3548 = DIRECTION ( 'NONE',  ( 0.000000000000000000, 0.000000000000000000, 1.000000000000000000 ) ) ;
#3549 = CARTESIAN_POINT ( 'NONE',  ( 300.0000000000001705, 479.9999999999999432, -49.99999999999987921 ) ) ;
#3550 = ORIENTED_EDGE ( 'NONE', *, *, #976, .F. ) ;
#3551 = DIRECTION ( 'NONE',  ( -2.312964634635743450E-16, 0.000000000000000000, -1.000000000000000000 ) ) ;
#3552 = VECTOR ( 'NONE', #484, 1000.000000000000000 ) ;
#3553 = EDGE_LOOP ( 'NONE', ( #3691, #3719, #1965, #3107 ) ) ;
#3554 = CARTESIAN_POINT ( 'NONE',  ( 66.87817782917161935, 760.0000000000000000, 18.00000000000002132 ) ) ;
#3555 = DIRECTION ( 'NONE',  ( -0.000000000000000000, 0.000000000000000000, -1.000000000000000000 ) ) ;
#3556 = CARTESIAN_POINT ( 'NONE',  ( -280.0000000000000000, 591.3529742916119858, -320.0919497091385892 ) ) ;
#3557 = CARTESIAN_POINT ( 'NONE',  ( 0.000000000000000000, 0.000000000000000000, 0.000000000000000000 ) ) ;
#3558 = VECTOR ( 'NONE', #2856, 1000.000000000000000 ) ;
#3559 = EDGE_LOOP ( 'NONE', ( #2434, #1599, #2926, #1982 ) ) ;
#3560 = VERTEX_POINT ( 'NONE', #2292 ) ;
#3561 = DIRECTION ( 'NONE',  ( -0.000000000000000000, -0.000000000000000000, -1.000000000000000000 ) ) ;
#3562 = VECTOR ( 'NONE', #2976, 1000.000000000000000 ) ;
#3563 = EDGE_CURVE ( 'NONE', #2628, #1415, #3431, .T. ) ;
#3564 = EDGE_CURVE ( 'NONE', #2925, #3658, #737, .T. ) ;
#3565 = EDGE_LOOP ( 'NONE', ( #3763, #1544, #2989, #2881 ) ) ;
#3566 = DIRECTION ( 'NONE',  ( 0.000000000000000000, 1.000000000000000000, -1.387778780781444689E-15 ) ) ;
#3567 = CARTESIAN_POINT ( 'NONE',  ( -300.0000000000000568, 580.0000000000000000, -100.0000000000000000 ) ) ;
#3568 = EDGE_CURVE ( 'NONE', #1111, #3413, #3243, .T. ) ;
#3569 = LINE ( 'NONE', #2918, #1346 ) ;
#3570 = EDGE_LOOP ( 'NONE', ( #3646, #415, #217, #3149 ) ) ;
#3571 = FACE_OUTER_BOUND ( 'NONE', #3768, .T. ) ;
#3572 = ORIENTED_EDGE ( 'NONE', *, *, #680, .F. ) ;
#3573 = CARTESIAN_POINT ( 'NONE',  ( 300.0000000000001705, 580.0000000000000000, 249.9999999999998579 ) ) ;
#3574 = ORIENTED_EDGE ( 'NONE', *, *, #3016, .F. ) ;
#3575 = CARTESIAN_POINT ( 'NONE',  ( -280.0000000000000000, 480.0000000000000000, 299.9999999999998863 ) ) ;
#3576 = PERSON_AND_ORGANIZATION ( #454, #2330 ) ;
#3577 = ORIENTED_EDGE ( 'NONE', *, *, #895, .T. ) ;
#3578 = PLANE ( 'NONE',  #2291 ) ;
#3579 = VECTOR ( 'NONE', #3744, 1000.000000000000000 ) ;
#3580 = DIRECTION ( 'NONE',  ( -1.000000000000000000, -0.000000000000000000, -0.000000000000000000 ) ) ;
#3581 = EDGE_CURVE ( 'NONE', #368, #1902, #3530, .T. ) ;
#3582 = AXIS2_PLACEMENT_3D ( 'NONE', #240, #2452, #2694 ) ;
#3583 = ORIENTED_EDGE ( 'NONE', *, *, #1637, .F. ) ;
#3584 = DIRECTION ( 'NONE',  ( 0.000000000000000000, 0.000000000000000000, 1.000000000000000000 ) ) ;
#3585 = EDGE_CURVE ( 'NONE', #1736, #705, #174, .T. ) ;
#3586 = DIRECTION ( 'NONE',  ( -0.9063077870366480493, 0.4226182617407036601, 0.000000000000000000 ) ) ;
#3587 = VECTOR ( 'NONE', #1170, 1000.000000000000000 ) ;
#3588 = DIRECTION ( 'NONE',  ( 0.000000000000000000, -1.000000000000000000, 1.110223024625156787E-16 ) ) ;
#3589 = EDGE_LOOP ( 'NONE', ( #2782, #494, #3010, #1509 ) ) ;
#3590 = FACE_OUTER_BOUND ( 'NONE', #310, .T. ) ;
#3591 = VERTEX_POINT ( 'NONE', #2253 ) ;
#3592 = PLANE ( 'NONE',  #1951 ) ;
#3593 = EDGE_LOOP ( 'NONE', ( #1930, #1169, #439, #2809 ) ) ;
#3594 = LINE ( 'NONE', #1093, #3199 ) ;
#3595 = CALENDAR_DATE ( 2026, 26, 5 ) ;
#3596 = EDGE_LOOP ( 'NONE', ( #1011, #3597, #1071, #43 ) ) ;
#3597 = ORIENTED_EDGE ( 'NONE', *, *, #2737, .T. ) ;
#3598 = PLANE ( 'NONE',  #3640 ) ;
#3599 = ORIENTED_EDGE ( 'NONE', *, *, #3014, .F. ) ;
#3600 = ADVANCED_FACE ( 'NONE', ( #2008 ), #758, .F. ) ;
#3601 = ORIENTED_EDGE ( 'NONE', *, *, #40, .F. ) ;
#3602 = EDGE_CURVE ( 'NONE', #695, #3354, #153, .T. ) ;
#3603 = CARTESIAN_POINT ( 'NONE',  ( -280.0000000000000000, 600.0000000000001137, -329.9999999999997726 ) ) ;
#3604 = VECTOR ( 'NONE', #2933, 1000.000000000000000 ) ;
#3605 = DIRECTION ( 'NONE',  ( 0.000000000000000000, -1.000000000000000000, 2.220446049250313574E-16 ) ) ;
#3606 = AXIS2_PLACEMENT_3D ( 'NONE', #57, #2535, #3788 ) ;
#3607 = CARTESIAN_POINT ( 'NONE',  ( -481.2615574073295193, 505.4763476518589869, -349.9999999999998863 ) ) ;
#3608 = PLANE ( 'NONE',  #2095 ) ;
#3609 = ORIENTED_EDGE ( 'NONE', *, *, #3563, .F. ) ;
#3610 = CARTESIAN_POINT ( 'NONE',  ( -125.0000000000000000, 350.0000000000000000, 180.0000000000001990 ) ) ;
#3611 = EDGE_CURVE ( 'NONE', #1902, #1051, #1644, .T. ) ;
#3612 = VERTEX_POINT ( 'NONE', #3225 ) ;
#3613 = CARTESIAN_POINT ( 'NONE',  ( 481.2615574073298035, 505.4763476518592142, 350.0000000000001137 ) ) ;
#3614 = ORIENTED_EDGE ( 'NONE', *, *, #3484, .T. ) ;
#3615 = LINE ( 'NONE', #3633, #2489 ) ;
#3616 = ORIENTED_EDGE ( 'NONE', *, *, #1877, .F. ) ;
#3617 = FACE_OUTER_BOUND ( 'NONE', #959, .T. ) ;
#3618 = DIRECTION ( 'NONE',  ( -1.000000000000000000, 0.000000000000000000, 0.000000000000000000 ) ) ;
#3619 = VERTEX_POINT ( 'NONE', #458 ) ;
#3620 = DIRECTION ( 'NONE',  ( -0.000000000000000000, -1.000000000000000000, -0.000000000000000000 ) ) ;
#3621 = VERTEX_POINT ( 'NONE', #1083 ) ;
#3622 = VECTOR ( 'NONE', #1686, 1000.000000000000000 ) ;
#3623 = DIRECTION ( 'NONE',  ( -0.000000000000000000, -1.000000000000000000, -0.000000000000000000 ) ) ;
#3624 = DIRECTION ( 'NONE',  ( -1.927470528863117076E-16, 0.000000000000000000, -1.000000000000000000 ) ) ;
#3625 = LINE ( 'NONE', #3607, #3022 ) ;
#3626 = FACE_OUTER_BOUND ( 'NONE', #8, .T. ) ;
#3627 = ORIENTED_EDGE ( 'NONE', *, *, #3215, .T. ) ;
#3628 = PLANE ( 'NONE',  #2391 ) ;
#3629 = EDGE_LOOP ( 'NONE', ( #264, #281, #1195, #2509 ) ) ;
#3630 = DIRECTION ( 'NONE',  ( 0.000000000000000000, -1.000000000000000000, 0.000000000000000000 ) ) ;
#3631 = ORIENTED_EDGE ( 'NONE', *, *, #2718, .T. ) ;
#3632 = AXIS2_PLACEMENT_3D ( 'NONE', #993, #2547, #2888 ) ;
#3633 = CARTESIAN_POINT ( 'NONE',  ( -25.00000000000000711, 760.0000000000000000, -25.00000000000000000 ) ) ;
#3634 = EDGE_CURVE ( 'NONE', #2356, #1312, #2273, .T. ) ;
#3635 = EDGE_LOOP ( 'NONE', ( #1793, #2079, #1673, #3475, #708, #2707 ) ) ;
#3636 = EDGE_LOOP ( 'NONE', ( #3969, #2817, #529, #3881 ) ) ;
#3637 = DIRECTION ( 'NONE',  ( 1.000000000000000000, 0.000000000000000000, 0.000000000000000000 ) ) ;
#3638 = ORIENTED_EDGE ( 'NONE', *, *, #1482, .T. ) ;
#3639 = CARTESIAN_POINT ( 'NONE',  ( -280.0000000000000000, 600.0000000000000000, 249.9999999999998579 ) ) ;
#3640 = AXIS2_PLACEMENT_3D ( 'NONE', #3294, #2041, #2084 ) ;
#3641 = ORIENTED_EDGE ( 'NONE', *, *, #117, .T. ) ;
#3642 = LINE ( 'NONE', #3363, #2346 ) ;
#3643 = VECTOR ( 'NONE', #1954, 1000.000000000000000 ) ;
#3644 = CARTESIAN_POINT ( 'NONE',  ( 300.0000000000001705, 480.0000000000000000, -49.99999999999987921 ) ) ;
#3645 = DIRECTION ( 'NONE',  ( -0.000000000000000000, -0.000000000000000000, 1.000000000000000000 ) ) ;
#3646 = ORIENTED_EDGE ( 'NONE', *, *, #3611, .T. ) ;
#3647 = VECTOR ( 'NONE', #251, 1000.000000000000000 ) ;
#3648 = LINE ( 'NONE', #1466, #659 ) ;
#3649 = VERTEX_POINT ( 'NONE', #2630 ) ;
#3650 = LINE ( 'NONE', #862, #2194 ) ;
#3651 = EDGE_CURVE ( 'NONE', #2680, #69, #3862, .T. ) ;
#3652 = ADVANCED_FACE ( 'NONE', ( #719, #2028 ), #135, .F. ) ;
#3653 = VERTEX_POINT ( 'NONE', #1663 ) ;
#3654 = CARTESIAN_POINT ( 'NONE',  ( -25.00000000000000711, 760.0000000000000000, -25.00000000000000000 ) ) ;
#3655 = ORIENTED_EDGE ( 'NONE', *, *, #3874, .F. ) ;
#3656 = DIRECTION ( 'NONE',  ( -7.930164461608261179E-17, 1.000000000000000000, 0.000000000000000000 ) ) ;
#3657 = LINE ( 'NONE', #228, #1699 ) ;
#3658 = VERTEX_POINT ( 'NONE', #3567 ) ;
#3659 = CARTESIAN_POINT ( 'NONE',  ( -451.3274595042154829, 600.0000000000000000, 249.9999999999998579 ) ) ;
#3660 = FACE_OUTER_BOUND ( 'NONE', #1853, .T. ) ;
#3661 = ORIENTED_EDGE ( 'NONE', *, *, #3634, .T. ) ;
#3662 = CARTESIAN_POINT ( 'NONE',  ( -300.0000000000000568, 480.0000000000000000, -299.9999999999998863 ) ) ;
#3663 = ADVANCED_FACE ( 'NONE', ( #2557 ), #3824, .T. ) ;
#3664 = EDGE_CURVE ( 'NONE', #2169, #2530, #1623, .T. ) ;
#3665 = DIRECTION ( 'NONE',  ( 1.000000000000000000, 0.000000000000000000, -3.700743415417192084E-16 ) ) ;
#3666 = DIRECTION ( 'NONE',  ( 1.000000000000000000, 0.000000000000000000, 0.000000000000000000 ) ) ;
#3667 = DIRECTION ( 'NONE',  ( 0.000000000000000000, 1.000000000000000000, 0.000000000000000000 ) ) ;
#3668 = AXIS2_PLACEMENT_3D ( 'NONE', #678, #31, #396 ) ;
#3669 = ORIENTED_EDGE ( 'NONE', *, *, #410, .T. ) ;
#3670 = CARTESIAN_POINT ( 'NONE',  ( -300.0000000000000568, 480.0000000000000000, 49.99999999999987921 ) ) ;
#3671 = ORIENTED_EDGE ( 'NONE', *, *, #2840, .F. ) ;
#3672 = DIRECTION ( 'NONE',  ( -1.586032892321651989E-16, 0.000000000000000000, -1.000000000000000000 ) ) ;
#3673 = ORIENTED_EDGE ( 'NONE', *, *, #321, .F. ) ;
#3674 = FACE_BOUND ( 'NONE', #3227, .T. ) ;
#3675 = DIRECTION ( 'NONE',  ( 0.000000000000000000, 1.000000000000000000, 0.000000000000000000 ) ) ;
#3676 = ORIENTED_EDGE ( 'NONE', *, *, #1868, .F. ) ;
#3677 = CARTESIAN_POINT ( 'NONE',  ( 125.0000000000000284, -1.540743955509788682E-29, 350.0000000000002274 ) ) ;
#3678 = AXIS2_PLACEMENT_3D ( 'NONE', #3831, #1977, #2239 ) ;
#3679 = CARTESIAN_POINT ( 'NONE',  ( -300.0000000000000568, 600.0000000000000000, -249.9999999999998579 ) ) ;
#3680 = ORIENTED_EDGE ( 'NONE', *, *, #1360, .F. ) ;
#3681 = CARTESIAN_POINT ( 'NONE',  ( 0.000000000000000000, 0.000000000000000000, 0.000000000000000000 ) ) ;
#3682 = EDGE_CURVE ( 'NONE', #1972, #157, #3787, .T. ) ;
#3683 = ADVANCED_FACE ( 'NONE', ( #2996 ), #3900, .F. ) ;
#3684 = AXIS2_PLACEMENT_3D ( 'NONE', #422, #3551, #2958 ) ;
#3685 = CARTESIAN_POINT ( 'NONE',  ( 300.0000000000000568, 600.0000000000000000, -349.9999999999999432 ) ) ;
#3686 = LINE ( 'NONE', #921, #684 ) ;
#3687 = EDGE_CURVE ( 'NONE', #564, #2295, #3943, .T. ) ;
#3688 = VECTOR ( 'NONE', #3879, 1000.000000000000000 ) ;
#3689 = LINE ( 'NONE', #922, #3169 ) ;
#3690 = CARTESIAN_POINT ( 'NONE',  ( -300.0000000000000568, 480.0000000000000000, 299.9999999999998863 ) ) ;
#3691 = ORIENTED_EDGE ( 'NONE', *, *, #3038, .T. ) ;
#3692 = LINE ( 'NONE', #1229, #1456 ) ;
#3693 = ORIENTED_EDGE ( 'NONE', *, *, #3358, .F. ) ;
#3694 = DIRECTION ( 'NONE',  ( 0.000000000000000000, 1.000000000000000000, 0.000000000000000000 ) ) ;
#3695 = PLANE ( 'NONE',  #3833 ) ;
#3696 = VECTOR ( 'NONE', #1057, 1000.000000000000000 ) ;
#3697 = ORIENTED_EDGE ( 'NONE', *, *, #3055, .F. ) ;
#3698 = DIRECTION ( 'NONE',  ( 0.000000000000000000, -1.000000000000000000, 0.000000000000000000 ) ) ;
#3699 = LINE ( 'NONE', #255, #722 ) ;
#3700 = FACE_OUTER_BOUND ( 'NONE', #1442, .T. ) ;
#3701 = ORIENTED_EDGE ( 'NONE', *, *, #385, .T. ) ;
#3702 = DIRECTION ( 'NONE',  ( 1.000000000000000000, 0.000000000000000000, -1.586032892321651989E-16 ) ) ;
#3703 = EDGE_CURVE ( 'NONE', #157, #2087, #3404, .T. ) ;
#3704 = AXIS2_PLACEMENT_3D ( 'NONE', #2209, #1898, #1598 ) ;
#3705 = PLANE ( 'NONE',  #2831 ) ;
#3706 = CARTESIAN_POINT ( 'NONE',  ( 300.0000000000001705, 580.0000000000000000, 249.9999999999998579 ) ) ;
#3707 = VECTOR ( 'NONE', #1541, 1000.000000000000000 ) ;
#3708 = DIRECTION ( 'NONE',  ( -1.000000000000000000, -0.000000000000000000, 0.000000000000000000 ) ) ;
#3709 = DIRECTION ( 'NONE',  ( 2.220446049250313081E-16, -1.000000000000000000, 0.000000000000000000 ) ) ;
#3710 = VECTOR ( 'NONE', #3110, 1000.000000000000000 ) ;
#3711 = VECTOR ( 'NONE', #3193, 1000.000000000000000 ) ;
#3712 = EDGE_LOOP ( 'NONE', ( #1750, #2395, #3935, #3372 ) ) ;
#3713 = CARTESIAN_POINT ( 'NONE',  ( 300.0000000000000568, 600.0000000000000000, -349.9999999999999432 ) ) ;
#3714 = AXIS2_PLACEMENT_3D ( 'NONE', #3912, #2703, #3672 ) ;
#3715 = ORIENTED_EDGE ( 'NONE', *, *, #1392, .F. ) ;
#3716 = AXIS2_PLACEMENT_3D ( 'NONE', #1670, #2355, #2602 ) ;
#3717 = LINE ( 'NONE', #2461, #683 ) ;
#3718 = FACE_OUTER_BOUND ( 'NONE', #3334, .T. ) ;
#3719 = ORIENTED_EDGE ( 'NONE', *, *, #1287, .F. ) ;
#3720 = CARTESIAN_POINT ( 'NONE',  ( -130.0000000000000284, 480.0000000000000000, 299.9999999999998863 ) ) ;
#3721 = LINE ( 'NONE', #957, #3688 ) ;
#3722 = CARTESIAN_POINT ( 'NONE',  ( 300.0000000000001705, 480.0000000000000000, -299.9999999999998863 ) ) ;
#3723 = ORIENTED_EDGE ( 'NONE', *, *, #1450, .T. ) ;
#3724 = DIRECTION ( 'NONE',  ( -1.586032892321652236E-16, 0.000000000000000000, -1.000000000000000000 ) ) ;
#3725 = ADVANCED_FACE ( 'NONE', ( #816 ), #2089, .F. ) ;
#3726 = PLANE ( 'NONE',  #703 ) ;
#3727 = CARTESIAN_POINT ( 'NONE',  ( 300.0000000000001705, 600.0000000000000000, 249.9999999999998579 ) ) ;
#3728 = DIRECTION ( 'NONE',  ( 1.000000000000000000, 0.000000000000000000, 0.000000000000000000 ) ) ;
#3729 = ORIENTED_EDGE ( 'NONE', *, *, #647, .T. ) ;
#3730 = EDGE_CURVE ( 'NONE', #3124, #841, #837, .T. ) ;
#3731 = VECTOR ( 'NONE', #1621, 1000.000000000000000 ) ;
#3732 = CARTESIAN_POINT ( 'NONE',  ( -280.0000000000000000, 580.0000000000000000, 100.0000000000000000 ) ) ;
#3733 = ADVANCED_FACE ( 'NONE', ( #2069 ), #1417, .F. ) ;
#3734 = ORIENTED_EDGE ( 'NONE', *, *, #1400, .F. ) ;
#3735 = VECTOR ( 'NONE', #3123, 1000.000000000000227 ) ;
#3736 = PLANE ( 'NONE',  #743 ) ;
#3737 = APPROVAL_PERSON_ORGANIZATION ( #306, #2655, #266 ) ;
#3738 = CARTESIAN_POINT ( 'NONE',  ( 300.0000000000001705, 600.0000000000000000, 100.0000000000000000 ) ) ;
#3739 = EDGE_LOOP ( 'NONE', ( #200, #1075, #2938, #1484 ) ) ;
#3740 = LINE ( 'NONE', #1571, #171 ) ;
#3741 = CARTESIAN_POINT ( 'NONE',  ( 24.99999999999999289, 730.0000000000000000, -25.00000000000000000 ) ) ;
#3742 = CARTESIAN_POINT ( 'NONE',  ( -280.0000000000000000, 750.0000000000000000, 0.000000000000000000 ) ) ;
#3743 = ORIENTED_EDGE ( 'NONE', *, *, #3730, .F. ) ;
#3744 = DIRECTION ( 'NONE',  ( -1.000000000000000000, -0.000000000000000000, -0.000000000000000000 ) ) ;
#3745 = ORIENTED_EDGE ( 'NONE', *, *, #1635, .F. ) ;
#3746 = CARTESIAN_POINT ( 'NONE',  ( 128.6725404957845740, 580.0000000000000000, -249.9999999999998295 ) ) ;
#3747 = CARTESIAN_POINT ( 'NONE',  ( 300.0000000000001705, 600.0000000000000000, -100.0000000000000000 ) ) ;
#3748 = PLANE ( 'NONE',  #2376 ) ;
#3749 = AXIS2_PLACEMENT_3D ( 'NONE', #1063, #2875, #1968 ) ;
#3750 = VERTEX_POINT ( 'NONE', #1179 ) ;
#3751 = DIRECTION ( 'NONE',  ( 1.586032892321651989E-16, 0.000000000000000000, 1.000000000000000000 ) ) ;
#3752 = ADVANCED_FACE ( 'NONE', ( #934 ), #3015, .T. ) ;
#3753 = EDGE_LOOP ( 'NONE', ( #139, #27, #3614, #1565 ) ) ;
#3754 = CARTESIAN_POINT ( 'NONE',  ( 300.0000000000001705, 580.0000000000000000, 249.9999999999998579 ) ) ;
#3755 = DIRECTION ( 'NONE',  ( 0.000000000000000000, -1.000000000000000000, 0.000000000000000000 ) ) ;
#3756 = VERTEX_POINT ( 'NONE', #2692 ) ;
#3757 = ADVANCED_FACE ( 'NONE', ( #517 ), #2347, .F. ) ;
#3758 = DIRECTION ( 'NONE',  ( 0.000000000000000000, 2.220446049250313574E-16, -1.000000000000000000 ) ) ;
#3759 = DIRECTION ( 'NONE',  ( 1.000000000000000000, 0.000000000000000000, -0.000000000000000000 ) ) ;
#3760 = CARTESIAN_POINT ( 'NONE',  ( 125.0000000000000284, -1.540743955509788682E-29, 180.0000000000001990 ) ) ;
#3761 = EDGE_LOOP ( 'NONE', ( #101, #3147, #2057, #540 ) ) ;
#3762 = LINE ( 'NONE', #2510, #3579 ) ;
#3763 = ORIENTED_EDGE ( 'NONE', *, *, #3651, .T. ) ;
#3764 = DIRECTION ( 'NONE',  ( 0.000000000000000000, 0.000000000000000000, -1.000000000000000000 ) ) ;
#3765 = PLANE ( 'NONE',  #76 ) ;
#3766 = VECTOR ( 'NONE', #2227, 1000.000000000000000 ) ;
#3767 = CARTESIAN_POINT ( 'NONE',  ( 300.0000000000001705, 590.0000000000000000, 350.0000000000001137 ) ) ;
#3768 = EDGE_LOOP ( 'NONE', ( #3804, #382, #2020, #3966 ) ) ;
#3769 = CARTESIAN_POINT ( 'NONE',  ( -30.00000000000000000, 760.0000000000000000, -18.00000000000002132 ) ) ;
#3770 = EDGE_CURVE ( 'NONE', #1317, #2479, #3699, .T. ) ;
#3771 = CIRCLE ( 'NONE', #3582, 431.4904402185521235 ) ;
#3772 = ORIENTED_EDGE ( 'NONE', *, *, #3513, .T. ) ;
#3773 = DIRECTION ( 'NONE',  ( 0.000000000000000000, -1.000000000000000000, 0.000000000000000000 ) ) ;
#3774 = FACE_OUTER_BOUND ( 'NONE', #1109, .T. ) ;
#3775 = ORIENTED_EDGE ( 'NONE', *, *, #3476, .T. ) ;
#3776 = VECTOR ( 'NONE', #490, 1000.000000000000000 ) ;
#3777 = CARTESIAN_POINT ( 'NONE',  ( 300.0000000000001705, 480.0000000000000000, -49.99999999999987921 ) ) ;
#3778 = VECTOR ( 'NONE', #2804, 1000.000000000000000 ) ;
#3779 = LINE ( 'NONE', #2812, #2076 ) ;
#3780 = DIRECTION ( 'NONE',  ( -0.000000000000000000, -0.000000000000000000, 1.000000000000000000 ) ) ;
#3781 = ORIENTED_EDGE ( 'NONE', *, *, #1539, .T. ) ;
#3782 = DIRECTION ( 'NONE',  ( 0.000000000000000000, 2.220446049250313574E-16, -1.000000000000000000 ) ) ;
#3783 = EDGE_CURVE ( 'NONE', #1422, #3560, #535, .T. ) ;
#3784 = VERTEX_POINT ( 'NONE', #3922 ) ;
#3785 = DIRECTION ( 'NONE',  ( -1.000000000000000000, -0.000000000000000000, -0.000000000000000000 ) ) ;
#3786 = ADVANCED_FACE ( 'NONE', ( #497 ), #3325, .T. ) ;
#3787 = LINE ( 'NONE', #1944, #3297 ) ;
#3788 = DIRECTION ( 'NONE',  ( 0.000000000000000000, -0.000000000000000000, 1.000000000000000000 ) ) ;
#3789 = VERTEX_POINT ( 'NONE', #2386 ) ;
#3790 = LINE ( 'NONE', #1027, #10 ) ;
#3791 = VERTEX_POINT ( 'NONE', #556 ) ;
#3792 = LINE ( 'NONE', #2862, #3981 ) ;
#3793 = CARTESIAN_POINT ( 'NONE',  ( 300.0000000000000568, -20.00000000000000000, -349.9999999999998863 ) ) ;
#3794 = VECTOR ( 'NONE', #475, 1000.000000000000000 ) ;
#3795 = APPROVAL ( #3887, 'UNSPECIFIED' ) ;
#3796 = PLANE ( 'NONE',  #2871 ) ;
#3797 = PLANE ( 'NONE',  #3502 ) ;
#3798 = AXIS2_PLACEMENT_3D ( 'NONE', #1770, #3970, #2413 ) ;
#3799 = AXIS2_PLACEMENT_3D ( 'NONE', #3837, #2001, #2265 ) ;
#3800 = DIRECTION ( 'NONE',  ( -0.000000000000000000, -0.000000000000000000, -1.000000000000000000 ) ) ;
#3801 = ORIENTED_EDGE ( 'NONE', *, *, #1119, .T. ) ;
#3802 = DIRECTION ( 'NONE',  ( 0.000000000000000000, 0.6442784685083441376, 0.7647909877976744042 ) ) ;
#3803 = ADVANCED_FACE ( 'NONE', ( #2712 ), #2365, .T. ) ;
#3804 = ORIENTED_EDGE ( 'NONE', *, *, #1928, .F. ) ;
#3805 = CARTESIAN_POINT ( 'NONE',  ( -30.00000000000000000, 732.4462800396815965, -30.00000000000001776 ) ) ;
#3806 = EDGE_CURVE ( 'NONE', #3462, #247, #1719, .T. ) ;
#3807 = CARTESIAN_POINT ( 'NONE',  ( 30.00000000000001421, 770.0000000000000000, -30.00000000000001776 ) ) ;
#3808 = CARTESIAN_POINT ( 'NONE',  ( -300.0000000000000568, 600.0000000000000000, -349.9999999999998863 ) ) ;
#3809 = ORIENTED_EDGE ( 'NONE', *, *, #2891, .T. ) ;
#3810 = FACE_OUTER_BOUND ( 'NONE', #2401, .T. ) ;
#3811 = ORIENTED_EDGE ( 'NONE', *, *, #3055, .T. ) ;
#3812 = VECTOR ( 'NONE', #3848, 1000.000000000000000 ) ;
#3813 = CARTESIAN_POINT ( 'NONE',  ( -280.0000000000000000, 579.9999999999997726, 330.0000000000000000 ) ) ;
#3814 = CARTESIAN_POINT ( 'NONE',  ( 300.0000000000000568, 590.0000000000000000, -349.9999999999998863 ) ) ;
#3815 = ORIENTED_EDGE ( 'NONE', *, *, #1325, .T. ) ;
#3816 = PLANE ( 'NONE',  #2168 ) ;
#3817 = FACE_OUTER_BOUND ( 'NONE', #3347, .T. ) ;
#3818 = CARTESIAN_POINT ( 'NONE',  ( -280.0000000000000000, 580.0000000000000000, -249.9999999999998579 ) ) ;
#3819 = ORIENTED_EDGE ( 'NONE', *, *, #2554, .F. ) ;
#3820 = LINE ( 'NONE', #1659, #417 ) ;
#3821 = ORIENTED_EDGE ( 'NONE', *, *, #2842, .F. ) ;
#3822 = PLANE ( 'NONE',  #1856 ) ;
#3823 = EDGE_CURVE ( 'NONE', #3931, #3271, #3721, .T. ) ;
#3824 = PLANE ( 'NONE',  #3872 ) ;
#3825 = DIRECTION ( 'NONE',  ( -7.930164461608261179E-17, -1.000000000000000000, 0.000000000000000000 ) ) ;
#3826 = ORIENTED_EDGE ( 'NONE', *, *, #1586, .F. ) ;
#3827 = FACE_OUTER_BOUND ( 'NONE', #1358, .T. ) ;
#3828 = VECTOR ( 'NONE', #555, 1000.000000000000000 ) ;
#3829 = ORIENTED_EDGE ( 'NONE', *, *, #3544, .F. ) ;
#3830 = CARTESIAN_POINT ( 'NONE',  ( 0.000000000000000000, 750.0000000000000000, -329.9999999999998295 ) ) ;
#3831 = CARTESIAN_POINT ( 'NONE',  ( -300.0000000000000568, -20.00000000000000000, -349.9999999999998863 ) ) ;
#3832 = DIRECTION ( 'NONE',  ( 0.000000000000000000, 0.000000000000000000, 1.000000000000000000 ) ) ;
#3833 = AXIS2_PLACEMENT_3D ( 'NONE', #2523, #3755, #2808 ) ;
#3834 = FACE_OUTER_BOUND ( 'NONE', #3596, .T. ) ;
#3835 = EDGE_CURVE ( 'NONE', #3064, #1060, #2954, .T. ) ;
#3836 = COORDINATED_UNIVERSAL_TIME_OFFSET ( 5, 30, .AHEAD. ) ;
#3837 = CARTESIAN_POINT ( 'NONE',  ( -475.5709628591620231, -4.762626506339581430E-14, 330.0000000000001705 ) ) ;
#3838 = ORIENTED_EDGE ( 'NONE', *, *, #1166, .T. ) ;
#3839 = CARTESIAN_POINT ( 'NONE',  ( 128.6725404957846877, 580.0000000000000000, 249.9999999999998863 ) ) ;
#3840 = CLOSED_SHELL ( 'NONE', ( #2323, #1573, #3236, #1015, #925, #1241 ) ) ;
#3841 = VECTOR ( 'NONE', #1844, 1000.000000000000000 ) ;
#3842 = VERTEX_POINT ( 'NONE', #1614 ) ;
#3843 = CARTESIAN_POINT ( 'NONE',  ( 0.000000000000000000, 732.4462800396815965, -30.00000000000001776 ) ) ;
#3844 = CC_DESIGN_PERSON_AND_ORGANIZATION_ASSIGNMENT ( #202, #1428, ( #2408 ) ) ;
#3845 = DIRECTION ( 'NONE',  ( -0.000000000000000000, -1.000000000000000000, -0.000000000000000000 ) ) ;
#3846 = CARTESIAN_POINT ( 'NONE',  ( -30.00000000000000000, 745.6259685816419278, -30.00000000000001776 ) ) ;
#3847 = ORIENTED_EDGE ( 'NONE', *, *, #3200, .T. ) ;
#3848 = DIRECTION ( 'NONE',  ( 0.000000000000000000, -0.000000000000000000, 1.000000000000000000 ) ) ;
#3849 = VERTEX_POINT ( 'NONE', #729 ) ;
#3850 = CARTESIAN_POINT ( 'NONE',  ( -300.0000000000000568, 230.0000000000000000, -299.9999999999998295 ) ) ;
#3851 = EDGE_CURVE ( 'NONE', #1473, #1367, #3422, .T. ) ;
#3852 = CARTESIAN_POINT ( 'NONE',  ( -125.0000000000000000, 350.0000000000000000, 330.0000000000001705 ) ) ;
#3853 = CARTESIAN_POINT ( 'NONE',  ( 30.00000000000001421, 768.0000000000000000, -18.00000000000000355 ) ) ;
#3854 = EDGE_CURVE ( 'NONE', #910, #2579, #3779, .T. ) ;
#3855 = CARTESIAN_POINT ( 'NONE',  ( 280.0000000000000000, 600.0000000000000000, -100.0000000000000000 ) ) ;
#3856 = EDGE_LOOP ( 'NONE', ( #3310, #3012, #378, #205 ) ) ;
#3857 = EDGE_LOOP ( 'NONE', ( #3957, #3416, #853, #967 ) ) ;
#3858 = DIRECTION ( 'NONE',  ( 0.000000000000000000, -1.000000000000000000, -0.000000000000000000 ) ) ;
#3859 = VECTOR ( 'NONE', #2556, 1000.000000000000000 ) ;
#3860 = VERTEX_POINT ( 'NONE', #2867 ) ;
#3861 = DIRECTION ( 'NONE',  ( 0.000000000000000000, 1.000000000000000000, 0.000000000000000000 ) ) ;
#3862 = LINE ( 'NONE', #2329, #1810 ) ;
#3863 = CARTESIAN_POINT ( 'NONE',  ( 30.00000000000002842, 775.0000000000000000, -30.00000000000001776 ) ) ;
#3864 = ORIENTED_EDGE ( 'NONE', *, *, #25, .T. ) ;
#3865 = DIRECTION ( 'NONE',  ( -1.586032892321651989E-16, 0.000000000000000000, -1.000000000000000000 ) ) ;
#3866 = VECTOR ( 'NONE', #915, 1000.000000000000000 ) ;
#3867 = EDGE_LOOP ( 'NONE', ( #93, #1163, #687, #2788 ) ) ;
#3868 = CARTESIAN_POINT ( 'NONE',  ( 30.00000000000002842, 745.6259685816419278, 29.99999999999998224 ) ) ;
#3869 = ADVANCED_FACE ( 'NONE', ( #3501 ), #1958, .T. ) ;
#3870 = DIRECTION ( 'NONE',  ( 0.000000000000000000, 1.000000000000000000, -1.387778780781444689E-15 ) ) ;
#3871 =( NAMED_UNIT ( * ) PLANE_ANGLE_UNIT ( ) SI_UNIT ( $, .RADIAN. ) );
#3872 = AXIS2_PLACEMENT_3D ( 'NONE', #1382, #796, #2615 ) ;
#3873 = ORIENTED_EDGE ( 'NONE', *, *, #1629, .F. ) ;
#3874 = EDGE_CURVE ( 'NONE', #3756, #2536, #349, .T. ) ;
#3875 = LINE ( 'NONE', #3314, #1448 ) ;
#3876 = LINE ( 'NONE', #3894, #3893 ) ;
#3877 = ORIENTED_EDGE ( 'NONE', *, *, #453, .F. ) ;
#3878 = CARTESIAN_POINT ( 'NONE',  ( 280.0000000000001137, -20.00000000000000000, 249.9999999999998863 ) ) ;
#3879 = DIRECTION ( 'NONE',  ( 1.000000000000000000, 0.000000000000000000, 0.000000000000000000 ) ) ;
#3880 = FACE_BOUND ( 'NONE', #2119, .T. ) ;
#3881 = ORIENTED_EDGE ( 'NONE', *, *, #2078, .F. ) ;
#3882 = LINE ( 'NONE', #3908, #2521 ) ;
#3883 = ORIENTED_EDGE ( 'NONE', *, *, #2824, .T. ) ;
#3884 = CARTESIAN_POINT ( 'NONE',  ( -280.0000000000000000, 230.0000000000000000, 200.7987240796891797 ) ) ;
#3885 = ORIENTED_EDGE ( 'NONE', *, *, #2290, .T. ) ;
#3886 = CARTESIAN_POINT ( 'NONE',  ( -32.99999999999998579, 768.0000000000000000, 18.00000000000002132 ) ) ;
#3887 = APPROVAL_STATUS ( 'not_yet_approved' ) ;
#3888 = VECTOR ( 'NONE', #3916, 1000.000000000000000 ) ;
#3889 = ADVANCED_FACE ( 'NONE', ( #1572 ), #692, .T. ) ;
#3890 = EDGE_CURVE ( 'NONE', #3233, #2825, #1875, .T. ) ;
#3891 = ORIENTED_EDGE ( 'NONE', *, *, #1676, .F. ) ;
#3892 = FACE_OUTER_BOUND ( 'NONE', #3938, .T. ) ;
#3893 = VECTOR ( 'NONE', #2727, 1000.000000000000000 ) ;
#3894 = CARTESIAN_POINT ( 'NONE',  ( 481.2615574073296898, 515.4763476518592142, -349.9999999999999432 ) ) ;
#3895 = EDGE_LOOP ( 'NONE', ( #3212, #90, #229, #1606 ) ) ;
#3896 = VECTOR ( 'NONE', #2505, 1000.000000000000000 ) ;
#3897 = ORIENTED_EDGE ( 'NONE', *, *, #2860, .T. ) ;
#3898 = DIRECTION ( 'NONE',  ( 0.000000000000000000, 1.000000000000000000, 2.220446049250313574E-16 ) ) ;
#3899 = ADVANCED_FACE ( 'NONE', ( #107 ), #672, .F. ) ;
#3900 = PLANE ( 'NONE',  #1618 ) ;
#3901 = AXIS2_PLACEMENT_3D ( 'NONE', #2199, #2859, #707 ) ;
#3902 = VECTOR ( 'NONE', #2851, 1000.000000000000000 ) ;
#3903 = DIRECTION ( 'NONE',  ( 1.586032892321651989E-16, 0.000000000000000000, 1.000000000000000000 ) ) ;
#3904 = EDGE_CURVE ( 'NONE', #705, #3304, #917, .T. ) ;
#3905 = DIRECTION ( 'NONE',  ( 0.000000000000000000, 0.000000000000000000, 1.000000000000000000 ) ) ;
#3906 = ORIENTED_EDGE ( 'NONE', *, *, #1741, .T. ) ;
#3907 = EDGE_CURVE ( 'NONE', #2579, #2587, #3135, .T. ) ;
#3908 = CARTESIAN_POINT ( 'NONE',  ( 300.0000000000001705, 480.0000000000000000, -49.99999999999987921 ) ) ;
#3909 = ORIENTED_EDGE ( 'NONE', *, *, #2339, .F. ) ;
#3910 = PLANE ( 'NONE',  #1728 ) ;
#3911 = ORIENTED_EDGE ( 'NONE', *, *, #336, .F. ) ;
#3912 = CARTESIAN_POINT ( 'NONE',  ( 280.0000000000000000, -20.00000000000000000, -349.9999999999998863 ) ) ;
#3913 = AXIS2_PLACEMENT_3D ( 'NONE', #1310, #103, #2904 ) ;
#3914 = ORIENTED_EDGE ( 'NONE', *, *, #1948, .T. ) ;
#3915 = VERTEX_POINT ( 'NONE', #1276 ) ;
#3916 = DIRECTION ( 'NONE',  ( 0.000000000000000000, 1.000000000000000000, -0.000000000000000000 ) ) ;
#3917 = ORIENTED_EDGE ( 'NONE', *, *, #647, .F. ) ;
#3918 = CARTESIAN_POINT ( 'NONE',  ( 30.00000000000001421, 770.0000000000000000, -30.00000000000001776 ) ) ;
#3919 = ORIENTED_EDGE ( 'NONE', *, *, #3164, .T. ) ;
#3920 = DIRECTION ( 'NONE',  ( -1.000000000000000000, 0.000000000000000000, 1.586032892321651989E-16 ) ) ;
#3921 = AXIS2_PLACEMENT_3D ( 'NONE', #2090, #1521, #2132 ) ;
#3922 = CARTESIAN_POINT ( 'NONE',  ( 280.0000000000000000, 480.0000000000000000, -299.9999999999997726 ) ) ;
#3923 = EDGE_CURVE ( 'NONE', #2200, #2658, #430, .T. ) ;
#3924 = VECTOR ( 'NONE', #1389, 1000.000000000000000 ) ;
#3925 = CARTESIAN_POINT ( 'NONE',  ( -481.2615574073295193, 515.4763476518589869, -349.9999999999998863 ) ) ;
#3926 = EDGE_CURVE ( 'NONE', #1465, #3915, #370, .T. ) ;
#3927 = CARTESIAN_POINT ( 'NONE',  ( -451.3274595042154829, 600.0000000000000000, 249.9999999999998579 ) ) ;
#3928 = VERTEX_POINT ( 'NONE', #654 ) ;
#3929 = LINE ( 'NONE', #3001, #979 ) ;
#3930 = ADVANCED_FACE ( 'NONE', ( #3817 ), #3797, .F. ) ;
#3931 = VERTEX_POINT ( 'NONE', #48 ) ;
#3932 = CARTESIAN_POINT ( 'NONE',  ( -280.0000000000000000, 230.0000000000000000, -299.9999999999997726 ) ) ;
#3933 = ORIENTED_EDGE ( 'NONE', *, *, #2961, .T. ) ;
#3934 = DIRECTION ( 'NONE',  ( 0.000000000000000000, 0.000000000000000000, 1.000000000000000000 ) ) ;
#3935 = ORIENTED_EDGE ( 'NONE', *, *, #1696, .T. ) ;
#3936 = DIRECTION ( 'NONE',  ( 0.000000000000000000, -0.000000000000000000, -1.000000000000000000 ) ) ;
#3937 = FACE_OUTER_BOUND ( 'NONE', #3313, .T. ) ;
#3938 = EDGE_LOOP ( 'NONE', ( #2564, #2039, #1309, #3179 ) ) ;
#3939 = CARTESIAN_POINT ( 'NONE',  ( 280.0000000000001137, 580.0000000000000000, 249.9999999999998579 ) ) ;
#3940 = ORIENTED_EDGE ( 'NONE', *, *, #3200, .F. ) ;
#3941 = VECTOR ( 'NONE', #3021, 1000.000000000000000 ) ;
#3942 = DIRECTION ( 'NONE',  ( -1.586032892321651989E-16, -0.000000000000000000, -1.000000000000000000 ) ) ;
#3943 = LINE ( 'NONE', #1784, #913 ) ;
#3944 = ADVANCED_FACE ( 'NONE', ( #2506 ), #2526, .F. ) ;
#3945 = CARTESIAN_POINT ( 'NONE',  ( -25.00000000000000000, 760.0000000000000000, 25.00000000000000000 ) ) ;
#3946 = CARTESIAN_POINT ( 'NONE',  ( 300.0000000000001705, 600.0000000000000000, -100.0000000000000000 ) ) ;
#3947 = EDGE_LOOP ( 'NONE', ( #1008, #451, #995, #1661 ) ) ;
#3948 = CARTESIAN_POINT ( 'NONE',  ( 280.0000000000000000, -20.00000000000000000, -349.9999999999998863 ) ) ;
#3949 = ORIENTED_EDGE ( 'NONE', *, *, #1684, .T. ) ;
#3950 = CARTESIAN_POINT ( 'NONE',  ( -280.0000000000000000, 479.9999999999999432, -49.99999999999987921 ) ) ;
#3951 = VERTEX_POINT ( 'NONE', #3741 ) ;
#3952 = CARTESIAN_POINT ( 'NONE',  ( -300.0000000000000568, 600.0000000000000000, -100.0000000000000000 ) ) ;
#3953 = VERTEX_POINT ( 'NONE', #974 ) ;
#3954 = ORIENTED_EDGE ( 'NONE', *, *, #2373, .T. ) ;
#3955 = FACE_OUTER_BOUND ( 'NONE', #3559, .T. ) ;
#3956 = EDGE_CURVE ( 'NONE', #1814, #1528, #991, .T. ) ;
#3957 = ORIENTED_EDGE ( 'NONE', *, *, #574, .T. ) ;
#3958 = CARTESIAN_POINT ( 'NONE',  ( -300.0000000000000568, 480.0000000000000000, 299.9999999999998295 ) ) ;
#3959 = DIRECTION ( 'NONE',  ( 0.000000000000000000, -1.110223024625156787E-16, -1.000000000000000000 ) ) ;
#3960 = VECTOR ( 'NONE', #3580, 1000.000000000000000 ) ;
#3961 = ORIENTED_EDGE ( 'NONE', *, *, #3371, .T. ) ;
#3962 = LINE ( 'NONE', #3298, #2285 ) ;
#3963 = VECTOR ( 'NONE', #409, 1000.000000000000000 ) ;
#3964 = CARTESIAN_POINT ( 'NONE',  ( 300.0000000000001705, 580.0000000000000000, 100.0000000000000000 ) ) ;
#3965 = DIRECTION ( 'NONE',  ( 0.9063077870366476052, 0.4226182617407042708, 0.000000000000000000 ) ) ;
#3966 = ORIENTED_EDGE ( 'NONE', *, *, #914, .F. ) ;
#3967 = VECTOR ( 'NONE', #3865, 1000.000000000000000 ) ;
#3968 = DIRECTION ( 'NONE',  ( 1.000000000000000000, 0.000000000000000000, 0.000000000000000000 ) ) ;
#3969 = ORIENTED_EDGE ( 'NONE', *, *, #3904, .F. ) ;
#3970 = DIRECTION ( 'NONE',  ( -1.000000000000000000, -0.000000000000000000, 0.000000000000000000 ) ) ;
#3971 = ORIENTED_EDGE ( 'NONE', *, *, #2134, .F. ) ;
#3972 = EDGE_CURVE ( 'NONE', #589, #421, #2243, .T. ) ;
#3973 = LINE ( 'NONE', #3993, #1971 ) ;
#3974 = EDGE_CURVE ( 'NONE', #2835, #3277, #411, .T. ) ;
#3975 = ORIENTED_EDGE ( 'NONE', *, *, #1506, .T. ) ;
#3976 = LINE ( 'NONE', #308, #552 ) ;
#3977 = CARTESIAN_POINT ( 'NONE',  ( -300.0000000000000568, -20.00000000000000000, -349.9999999999998863 ) ) ;
#3978 = ORIENTED_EDGE ( 'NONE', *, *, #2110, .F. ) ;
#3979 = EDGE_CURVE ( 'NONE', #2725, #3784, #1393, .T. ) ;
#3980 = LINE ( 'NONE', #3639, #2811 ) ;
#3981 = VECTOR ( 'NONE', #1651, 1000.000000000000000 ) ;
#3982 = CARTESIAN_POINT ( 'NONE',  ( 300.0000000000001705, 480.0000000000000000, -49.99999999999987921 ) ) ;
#3983 = ORIENTED_EDGE ( 'NONE', *, *, #701, .T. ) ;
#3984 = FACE_OUTER_BOUND ( 'NONE', #1626, .T. ) ;
#3985 = EDGE_CURVE ( 'NONE', #631, #3784, #508, .T. ) ;
#3986 = DIRECTION ( 'NONE',  ( -3.700743415417192084E-16, 0.000000000000000000, -1.000000000000000000 ) ) ;
#3987 = VECTOR ( 'NONE', #1342, 1000.000000000000000 ) ;
#3988 = FACE_OUTER_BOUND ( 'NONE', #2498, .T. ) ;
#3989 = FACE_BOUND ( 'NONE', #3636, .T. ) ;
#3990 = AXIS2_PLACEMENT_3D ( 'NONE', #844, #320, #1468 ) ;
#3991 = LINE ( 'NONE', #3950, #1860 ) ;
#3992 = ORIENTED_EDGE ( 'NONE', *, *, #2942, .T. ) ;
#3993 = CARTESIAN_POINT ( 'NONE',  ( 125.0000000000000284, -3.081487911019577365E-30, 330.0000000000001705 ) ) ;
ENDSEC;
END-ISO-10303-21;
